YEAR,MONTH,STATE,COUNTY,SUM(BEGIN_WITH_PRAYER),SUM(LISTEN),SUM(EAT),SUM(SERVE),SUM(SHARE_YOUR_STORY)
2024,6,AZ,Maricopa County,5143,29,15,1,7
2024,6,AR,Saline County,1165,2,10,24,2
2024,6,OK,Washington County,3582,7,1,3,0
2024,6,TX,Harris County,12530,11,6,8,4
2024,6,TN,Knox County,5165,3,3,12,6
2024,6,TX,Harrison County,1080,0,0,0,0
2024,6,TX,Tarrant County,20630,115,104,106,70
2024,6,VA,Colonial Heights city,1490,18,15,25,14
2024,6,GA,Clayton County,694,0,0,0,0
2024,6,CA,Shasta County,110,0,0,0,0
2024,6,NC,Alamance County,980,0,0,0,0
2024,6,IL,Effingham County,215,1,1,2,1
2024,6,IN,Clay County,150,0,0,0,0
2024,6,TX,Burnet County,698,20,20,24,20
2024,6,UT,Weber County,150,0,0,0,0
2024,6,MI,Tuscola County,80,0,0,0,0
2024,6,MN,Sherburne County,170,0,0,0,0
2024,7,IN,Boone County,250,0,0,0,0
2024,7,AZ,Yavapai County,660,0,0,0,0
2024,7,KS,Coffey County,40,0,0,0,0
2024,7,LA,Ascension Parish,300,1,0,3,0
2024,7,MO,Franklin County,685,1,0,0,0
2024,7,MO,Scott County,385,0,0,0,0
2024,7,NC,Davidson County,775,0,0,0,0
2024,7,NE,Otoe County,440,0,0,0,0
2024,7,MO,Cass County,2704,1,1,0,0
2024,7,UT,Weber County,155,0,0,0,0
2024,7,VA,Prince Edward County,485,0,0,0,0
2024,7,MA,Norfolk County,507,2,0,0,0
2024,7,MN,Cass County,476,0,0,0,0
2024,7,NY,Queens County,370,6,0,4,0
2024,7,KY,Mercer County,530,1,0,0,0
2024,8,AR,Saline County,1097,4,2,4,1
2024,8,CA,Orange County,2030,2,2,2,0
2024,8,FL,St. Johns County,4587,0,2,2,1
2024,8,MI,Kent County,4137,7,2,3,4
2024,8,MO,Webster County,765,1,0,4,0
2024,8,TN,Maury County,1648,2,1,1,2
2024,8,TN,Robertson County,5834,8,2,6,0
2024,8,WI,Sauk County,290,0,0,0,0
2024,8,SC,Lee County,15,0,0,0,0
2024,8,NE,Garden County,250,0,0,0,0
2024,8,PA,Franklin County,440,3,1,4,3
2024,8,VA,Portsmouth city,290,0,0,0,0
2024,8,TN,Hardin County,300,0,0,0,0
2024,9,OH,Lucas County,765,0,0,6,0
2024,9,TX,Collin County,7691,17,7,7,5
2024,9,FL,Charlotte County,4338,7,5,3,3
2024,9,FL,Volusia County,4109,1,2,2,1
2024,9,NC,Johnston County,470,6,0,0,0
2024,9,GA,Barrow County,370,0,0,0,0
2024,9,KS,Jefferson County,60,0,0,0,0
2024,9,SC,Bamberg County,205,0,0,0,0
2024,9,PA,Bucks County,140,0,0,0,0
2024,9,KS,Wyandotte County,1448,0,0,0,0
2024,10,FL,Baker County,239,0,0,0,0
2024,10,MN,Anoka County,4663,8,4,5,9
2024,10,TX,Fisher County,342,0,0,0,0
2024,10,VA,Culpeper County,212,1,0,1,0
2024,10,PA,Bradford County,410,1,0,1,0
2024,11,MI,Ingham County,400,0,0,0,0
2024,12,TN,Wilson County,2674,7,4,11,0
2024,12,VA,Shenandoah County,230,0,0,0,0
2024,6,FL,Levy County,225,0,0,0,0
2024,6,TX,Castro County,1095,0,0,0,0
2024,6,GA,Forsyth County,1815,0,0,0,0
2024,6,FL,Clay County,1206,0,0,0,3
2024,6,NC,Johnston County,550,0,0,0,0
2024,7,MI,Kent County,3981,6,14,34,7
2024,7,WA,Clark County,1161,2,0,0,1
2024,7,MO,St. Charles County,4243,20,3,7,2
2024,7,KY,Jessamine County,470,0,0,0,0
2024,7,TX,Hutchinson County,545,0,0,0,0
2024,7,MN,Faribault County,15,0,0,0,0
2024,7,VA,Orange County,105,0,0,0,0
2024,8,AL,Madison County,4595,4,1,2,2
2024,8,MO,St. Charles County,4022,18,2,11,4
2024,8,NY,Erie County,1008,0,3,0,0
2024,8,VA,Pittsylvania County,1691,1,0,2,0
2024,8,WA,Pierce County,2132,2,0,0,0
2024,8,WI,St. Croix County,365,0,0,0,4
2024,8,GA,Tift County,155,0,0,0,0
2024,8,AL,Coffee County,552,3,0,10,4
2024,8,OH,Lawrence County,385,0,0,0,3
2024,8,VA,Nelson County,335,0,0,0,0
2024,8,IN,Clark County,280,0,0,0,0
2024,8,KY,Oldham County,215,0,0,0,0
2024,8,IN,Monroe County,240,0,1,0,0
2024,9,GA,Douglas County,1755,0,0,0,0
2024,9,CA,San Luis Obispo County,845,2,0,0,0
2024,9,CA,Shasta County,115,0,0,0,0
2024,9,VA,Bristol city,315,0,0,0,0
2024,9,FL,Sarasota County,4726,29,21,30,7
2024,9,GA,Fayette County,789,1,0,0,1
2024,9,PA,Chester County,1206,3,0,7,0
2024,9,SC,Fairfield County,295,0,0,0,0
2024,9,TX,Robertson County,135,0,0,0,0
2024,9,MO,Madison County,555,0,0,0,0
2024,9,VA,Amelia County,417,0,0,0,0
2024,9,IN,Harrison County,140,0,0,0,0
2024,9,TX,Gregg County,254,0,0,0,0
2024,9,CA,San Joaquin County,449,2,0,0,1
2024,9,AL,Russell County,305,3,2,4,0
2024,10,FL,Okaloosa County,843,7,2,3,3
2024,10,IN,Tippecanoe County,1415,0,0,0,0
2024,10,AR,Washington County,1315,0,0,0,0
2024,10,ID,Lemhi County,205,0,0,0,0
2024,10,TN,Shelby County,8183,1,1,1,1
2024,10,TX,Kerr County,1415,0,0,97,0
2024,10,WI,Green Lake County,355,0,0,0,0
2024,10,FL,St. Johns County,4289,0,0,0,1
2024,10,KY,Lawrence County,17,0,0,0,1
2024,10,AL,Tuscaloosa County,255,0,0,0,0
2024,10,SC,Sumter County,356,0,0,0,0
2024,10,VA,King George County,490,0,0,0,0
2024,10,MT,Missoula County,170,0,0,0,0
2024,10,RI,Providence County,70,0,0,1,0
2024,10,CA,Sacramento County,161,3,0,3,0
2024,10,AL,Baldwin County,651,2,0,0,1
2024,10,PA,Carbon County,120,0,0,0,0
2024,10,OR,Clatsop County,18,2,0,0,0
2024,10,NJ,Burlington County,388,0,0,0,0
2024,11,IL,McHenry County,1166,0,0,0,0
2024,11,KY,Campbell County,415,0,0,0,0
2024,11,MS,Wayne County,155,0,0,0,0
2024,11,WA,Pierce County,1546,2,1,1,1
2024,11,GA,DeKalb County,1499,3,1,2,1
2024,11,OK,Cleveland County,1087,0,0,0,0
2024,11,CA,San Luis Obispo County,850,0,0,0,0
2024,11,CO,Mesa County,505,0,0,0,0
2024,11,CO,Arapahoe County,275,0,0,0,0
2024,11,TX,Wichita County,160,0,0,0,0
2024,11,TN,Anderson County,520,0,0,0,0
2024,11,PA,Washington County,430,0,0,0,0
2024,11,NJ,Monmouth County,120,0,0,0,0
2024,12,TN,Sequatchie County,300,1,0,7,0
2024,12,WI,Sheboygan County,1815,0,0,0,0
2024,12,IN,Hendricks County,1410,1,0,0,0
2024,12,OH,Medina County,530,0,0,0,0
2024,12,VA,Spotsylvania County,3147,0,0,0,0
2024,12,VA,Fredericksburg city,420,0,0,0,0
2024,12,WI,Waukesha County,570,0,0,0,0
2024,12,KS,Sedgwick County,1048,0,0,0,0
2024,12,NE,Otoe County,265,0,0,0,0
2024,12,KS,Linn County,305,0,0,0,0
2024,12,GA,Catoosa County,1288,1,0,1,0
2024,12,OH,Hamilton County,3223,6,4,0,0
2024,12,NC,Granville County,490,0,0,0,0
2024,12,CO,Adams County,171,2,1,1,1
2024,12,WI,Milwaukee County,470,0,0,0,0
2024,12,KY,Anderson County,60,0,0,0,0
2025,1,VA,Salem city,1820,0,0,2,0
2024,6,GA,Columbia County,480,0,0,0,0
2024,7,TX,Fort Bend County,5345,2,0,0,0
2024,7,WI,Rock County,685,0,0,1,0
2024,8,IN,Clay County,155,0,0,0,0
2024,8,HI,Honolulu County,1476,3,0,1,0
2024,8,MD,Harford County,1995,3,0,3,0
2024,8,PA,Allegheny County,2445,11,0,9,1
2024,8,OH,Columbiana County,170,0,0,0,0
2024,8,MO,Dallas County,110,8,0,5,0
2024,8,OH,Hancock County,170,0,0,0,0
2024,8,ND,Burleigh County,887,5,3,3,2
2024,9,TX,Caldwell County,95,0,0,0,0
2024,9,AL,Shelby County,3784,0,0,0,0
2024,9,AL,Baldwin County,661,0,0,0,0
2024,9,PA,Armstrong County,143,0,0,0,0
2024,9,SC,Georgetown County,225,0,0,0,0
2024,9,DE,Kent County,30,0,0,0,0
2024,10,KS,Miami County,450,0,0,0,0
2024,10,MS,Marion County,120,0,0,0,0
2024,10,MN,Benton County,117,0,0,0,0
2024,10,NC,McDowell County,2045,0,0,0,0
2024,10,TX,Cherokee County,555,0,1,0,0
2024,10,MO,Cedar County,135,0,0,0,0
2024,10,MO,Adair County,1044,0,0,0,0
2024,10,MO,Greene County,2439,11,10,2,3
2024,10,GA,Glynn County,537,0,0,0,0
2024,10,NC,Richmond County,570,0,0,0,0
2024,10,AL,Autauga County,60,0,0,0,0
2024,11,MN,Hennepin County,4678,15,10,20,23
2024,11,TX,Montgomery County,4663,3,0,0,0
2024,11,TX,Williamson County,15070,19,13,7,0
2024,11,VA,Augusta County,2365,0,0,0,0
2024,11,FL,Miami-Dade County,480,0,0,0,0
2024,11,MD,Howard County,590,0,0,0,0
2024,11,MI,Oakland County,894,3,0,1,2
2024,11,NY,Schenectady County,230,0,0,0,0
2024,11,WA,Whatcom County,1652,4,1,2,0
2024,11,CA,Kings County,362,0,0,0,0
2024,11,IL,Tazewell County,294,0,0,0,0
2024,11,KY,Shelby County,835,0,0,0,0
2024,11,LA,Jackson Parish,155,0,0,0,0
2024,11,LA,St. Martin Parish,45,0,0,0,0
2024,11,MN,Martin County,127,4,6,4,0
2024,11,NY,St. Lawrence County,460,0,0,0,0
2024,11,OH,Madison County,130,0,0,0,0
2024,11,PA,Philadelphia County,352,0,0,0,0
2024,11,NM,Doña Ana County,220,0,0,0,0
2024,11,PA,Lackawanna County,430,0,0,0,0
2024,11,AK,Matanuska-Susitna Borough,96,6,1,1,1
2024,12,IL,Stephenson County,781,5,6,5,6
2024,12,TX,Denton County,3509,0,0,15,1
2024,12,TX,McLennan County,853,0,0,0,0
2024,12,LA,Sabine Parish,875,0,0,0,2
2024,12,TX,Bastrop County,1351,0,0,0,0
2024,12,VA,Botetourt County,1231,1,69,0,0
2024,12,MO,Greene County,1771,0,0,0,0
2024,12,OK,Cleveland County,830,1,1,1,1
2024,12,FL,Citrus County,2106,5,4,6,4
2024,12,IN,Allen County,4108,15,9,16,3
2024,12,OH,Montgomery County,3068,6,3,4,0
2024,12,MI,Macomb County,550,0,0,0,0
2024,12,NC,Duplin County,155,0,0,0,0
2024,12,VA,Newport News city,1110,0,0,0,0
2024,12,OR,Douglas County,395,0,0,0,0
2024,12,IL,Effingham County,90,0,0,0,0
2024,12,ME,Cumberland County,220,0,0,0,0
2024,12,NY,Monroe County,565,0,0,0,0
2024,12,FL,Miami-Dade County,576,0,0,0,0
2025,1,GA,Coffee County,32,0,0,2,0
2025,1,NY,Monroe County,550,0,0,0,0
2025,1,KS,Finney County,150,0,0,0,0
2025,1,NM,Doña Ana County,303,13,2,6,7
2024,10,SC,Beaufort County,515,0,0,0,0
2024,10,PA,Indiana County,170,0,0,0,0
2024,11,OR,Linn County,205,0,0,0,0
2024,11,WA,Clallam County,610,0,0,0,0
2024,11,GA,Rockdale County,1145,1,1,0,0
2024,12,MD,Frederick County,1904,0,0,0,0
2024,12,KY,Rockcastle County,1267,0,0,11,0
2024,12,GA,Gordon County,385,0,0,0,0
2024,12,MO,Nodaway County,5,0,0,0,0
2024,12,SC,Colleton County,130,0,0,0,0
2024,12,KY,Menifee County,220,0,0,0,0
2024,6,PA,Luzerne County,285,0,0,0,0
2024,6,IA,Linn County,211,0,0,0,0
2024,6,OH,Athens County,45,0,0,0,0
2024,6,OK,Muskogee County,95,0,0,0,0
2024,6,NJ,Cape May County,90,0,0,0,0
2024,7,PA,Adams County,520,0,0,0,0
2024,7,AL,Geneva County,100,0,0,0,0
2024,7,TX,Fisher County,125,0,0,0,0
2024,8,OH,Paulding County,50,1,0,0,0
2024,9,TX,Cooke County,50,0,0,0,0
2024,9,NH,Carroll County,40,0,0,0,0
2024,9,VA,Wise County,75,0,0,0,0
2024,9,VA,Grayson County,250,0,0,0,0
2024,10,ND,McKenzie County,135,0,0,0,0
2024,10,LA,Natchitoches Parish,175,0,0,0,0
2024,10,KY,Marshall County,715,1,1,4,0
2024,10,ID,Payette County,165,0,0,0,0
2024,10,KS,Stanton County,139,0,0,0,0
2024,10,TX,San Patricio County,20,0,0,0,0
2024,11,IL,Jefferson County,135,0,0,0,0
2024,11,FL,Highlands County,715,0,0,0,0
2024,11,WI,Ozaukee County,155,0,0,0,0
2024,11,MN,Blue Earth County,110,0,0,0,0
2024,11,WY,Laramie County,160,0,0,0,0
2024,12,PA,Luzerne County,330,0,0,0,0
2024,12,MO,Harrison County,145,0,0,0,0
2024,12,LA,Franklin Parish,200,0,0,0,0
2024,12,TX,Rusk County,150,0,0,0,0
2024,12,SD,Day County,95,0,0,0,0
2024,12,MO,Howell County,85,0,0,0,0
2025,1,FL,Brevard County,2018,4,1,1,1
2025,1,FL,Marion County,3217,16,5,4,6
2025,1,ME,Penobscot County,260,0,0,0,0
2025,1,PA,Westmoreland County,310,0,0,0,0
2025,1,TN,Hamilton County,4629,2,0,0,0
2025,1,WA,Klickitat County,170,0,0,0,0
2025,1,GA,Houston County,235,0,0,0,0
2025,1,LA,Richland Parish,495,0,0,0,0
2025,1,MI,Bay County,997,8,2,5,1
2025,1,MN,Wright County,370,0,0,0,0
2025,1,TX,Angelina County,150,0,0,0,0
2025,1,TX,Brazoria County,525,0,0,0,0
2025,1,AL,Lee County,2005,3,0,0,0
2025,1,IN,Hamilton County,1162,7,5,14,18
2025,1,TN,Bledsoe County,15,0,0,0,0
2025,1,TN,Lawrence County,85,0,0,0,0
2025,1,TN,Marshall County,646,0,0,0,0
2025,1,TX,Lavaca County,310,0,0,0,0
2025,1,AL,Limestone County,290,0,0,0,0
2025,1,GA,Rabun County,660,0,0,0,0
2025,1,OH,Franklin County,1205,8,0,5,0
2025,1,GA,Ben Hill County,150,0,0,0,0
2025,1,TN,Coffee County,920,3,0,1,0
2025,1,PA,Clearfield County,711,0,0,0,0
2025,1,NC,Pender County,1000,0,0,0,0
2025,1,NE,Cherry County,112,0,0,0,0
2025,1,TX,Hill County,306,0,0,0,0
2025,1,NJ,Burlington County,410,0,0,0,0
2024,11,VA,Isle of Wight County,295,0,0,0,0
2025,1,NC,Burke County,1342,0,0,0,0
2024,6,OH,Clinton County,70,0,0,0,0
2024,6,TN,Moore County,20,0,0,0,0
2024,6,MS,Union County,155,0,0,0,0
2024,6,VA,Madison County,145,0,0,0,0
2024,7,KS,Geary County,350,0,0,0,0
2024,7,WY,Laramie County,74,0,0,0,0
2024,7,NC,Vance County,25,0,0,0,0
2024,8,KY,Meade County,25,0,0,0,0
2024,8,FL,DeSoto County,60,0,0,0,0
2024,9,AR,Sharp County,150,0,0,0,0
2024,9,NH,Grafton County,15,0,0,0,0
2024,9,TX,El Paso County,251,0,0,0,0
2024,10,AL,Coosa County,170,0,0,0,0
2024,11,PA,Blair County,45,0,0,0,0
2024,11,VA,New Kent County,360,0,0,0,0
2024,11,TX,San Saba County,165,0,0,0,0
2024,12,KS,Geary County,395,0,0,0,0
2024,12,NH,Strafford County,140,0,0,0,0
2024,12,GA,Clay County,15,0,0,0,0
2024,12,NC,Sampson County,160,0,0,0,0
2025,1,IL,Jersey County,85,0,0,0,0
2025,1,WA,Chelan County,130,0,0,0,0
2025,1,MI,Oceana County,130,0,0,0,0
2025,1,LA,Jefferson Parish,195,0,0,0,0
2024,6,GA,Madison County,15,0,0,0,0
2024,8,KY,Harlan County,35,0,0,0,0
2024,9,MO,Shelby County,25,0,0,0,0
2024,10,IL,De Witt County,40,2,0,1,0
2024,11,TX,Moore County,40,0,0,0,0
2024,11,PA,Fulton County,170,0,0,0,0
2024,11,NC,Ashe County,15,0,0,0,0
2025,1,LA,Iberia Parish,185,0,0,0,0
2025,1,MT,Park County,10,0,0,0,0
2025,1,TN,Franklin County,130,0,0,0,0
2025,1,NY,Orange County,315,0,0,0,0
2024,7,AL,Autauga County,35,0,0,0,0
2024,8,WI,Winnebago County,175,0,0,0,0
2024,10,AZ,Santa Cruz County,120,0,0,0,0
2024,11,OH,Jackson County,70,0,0,0,0
2024,12,KY,Calloway County,165,0,0,0,0
2024,12,IA,Pottawattamie County,110,0,0,0,0
2024,9,GA,Bryan County,171,1,0,0,0
2024,10,ND,Grant County,5,0,0,0,0
2024,12,NY,Saratoga County,30,0,0,0,0
2025,1,NY,Suffolk County,1,0,0,0,0
2025,1,FL,Baker County,411,0,1,0,0
2025,2,CA,Kern County,1138,6,7,3,8
2025,2,CA,Contra Costa County,464,1,0,1,0
2025,2,KS,Shawnee County,5197,0,0,0,0
2025,2,MD,Frederick County,1569,2,4,2,0
2025,2,TN,Robertson County,3800,0,0,0,0
2025,2,VA,Virginia Beach city,5747,15,7,6,2
2025,2,FL,Sumter County,1634,12,1,2,2
2025,2,MD,Harford County,1540,0,0,0,0
2025,2,CA,Solano County,55,0,0,0,0
2025,2,VA,Suffolk city,544,5,1,4,0
2025,2,AL,Montgomery County,720,0,0,0,1
2025,2,FL,Charlotte County,4223,1,1,1,0
2025,2,FL,Collier County,525,0,0,0,0
2025,2,FL,St. Lucie County,1667,3,1,1,3
2025,2,IN,Floyd County,553,0,0,0,0
2025,2,IN,Johnson County,225,0,0,0,0
2025,2,MD,Charles County,744,0,0,0,0
2025,2,MI,Washtenaw County,489,0,0,0,0
2025,2,TX,Wichita County,235,0,0,0,0
2025,2,CA,Riverside County,2238,2,2,2,0
2025,2,GA,Harris County,947,0,0,0,0
2025,2,LA,Webster Parish,210,0,0,0,0
2025,2,MO,Randolph County,150,0,0,0,0
2025,2,GA,Butts County,135,0,0,0,0
2025,2,OR,Washington County,587,1,0,2,0
2025,2,KY,McCracken County,1195,0,0,2,0
2025,2,MO,Johnson County,70,0,0,0,0
2025,2,NY,Saratoga County,50,0,0,0,0
2025,2,OH,Knox County,286,0,0,0,0
2025,2,TX,Gregg County,325,0,0,0,0
2025,2,TX,Grimes County,30,0,0,0,0
2025,2,TX,Hunt County,245,0,0,0,0
2025,2,VA,Amelia County,361,0,0,0,0
2025,2,NC,Davie County,535,0,0,0,0
2025,2,PA,Franklin County,428,0,0,0,0
2025,2,VA,Louisa County,578,0,0,0,0
2025,2,IL,Morgan County,390,0,2,0,0
2025,2,NE,Dawson County,235,0,0,0,0
2025,2,OK,Dewey County,10,0,0,0,0
2025,2,KY,Oldham County,165,0,0,0,0
2025,2,IL,Stephenson County,565,0,0,0,0
2025,2,MI,Huron County,95,0,0,0,0
2025,2,OK,Pottawatomie County,290,0,0,0,0
2025,3,CA,Santa Clara County,305,0,0,0,0
2025,3,MI,Jackson County,175,0,0,0,0
2025,3,NH,Coos County,70,0,0,0,0
2025,3,TX,Bexar County,1019,3,4,3,0
2025,3,TX,Hunt County,55,0,0,0,0
2025,3,WI,Waukesha County,160,0,0,0,0
2025,3,NM,San Juan County,95,0,0,0,0
2025,3,NC,Burke County,237,0,0,0,0
2025,3,OH,Franklin County,490,2,1,0,2
2025,3,MO,Clay County,360,0,0,0,0
2025,3,ND,Cass County,105,0,1,0,0
2025,3,FL,Martin County,120,0,0,0,0
2025,3,KY,Fayette County,240,0,0,0,0
2025,3,CO,Douglas County,155,0,0,0,0
2025,3,ND,Morton County,30,0,0,0,0
2025,3,WI,Jefferson County,5,0,0,0,0
2025,2,WY,Sheridan County,85,0,0,0,0
2025,3,TX,Montgomery County,880,0,0,0,0
2024,9,NM,Socorro County,65,0,0,0,0
2024,9,NE,Hall County,70,0,0,0,0
2024,10,TX,Ector County,71,0,2,1,0
2024,12,KY,Meade County,45,0,0,0,0
2024,12,WV,Lewis County,27,0,0,0,0
2025,1,MN,Aitkin County,275,0,0,0,0
2025,1,FL,Bradford County,141,0,0,0,0
2025,1,MO,Shelby County,160,0,0,0,0
2025,1,PA,Tioga County,130,0,0,0,0
2025,1,TX,Moore County,35,0,0,0,0
2025,2,IN,Grant County,268,0,0,0,0
2025,2,MT,Blaine County,135,0,0,0,0
2025,2,CO,Kit Carson County,50,0,0,0,0
2025,3,AR,Baxter County,185,0,0,0,0
2025,3,NY,Ontario County,25,0,0,0,0
2025,3,TN,Overton County,85,0,0,0,0
2025,3,TX,Rusk County,30,0,0,0,0
2025,3,TN,Henderson County,80,0,0,0,0
2025,3,MD,Baltimore County,60,0,0,0,0
2025,2,MD,Baltimore County,325,0,0,0,0
2024,8,TX,Lee County,18,0,0,0,0
2024,8,AL,Lauderdale County,172,0,0,0,0
2024,9,OH,Ottawa County,65,0,0,0,0
2024,9,ME,Sagadahoc County,160,0,0,0,0
2024,10,TX,Sabine County,10,0,0,0,0
2024,12,NC,Watauga County,15,0,0,0,0
2024,8,NM,Luna County,25,0,0,0,0
2024,8,TX,Eastland County,60,0,0,0,0
2024,10,MN,Todd County,105,0,0,0,0
2024,11,KS,Wabaunsee County,5,0,0,0,0
2025,1,KY,Knox County,15,0,0,0,0
2024,7,WI,Oneida County,25,0,0,0,0
2024,9,IL,Franklin County,10,0,0,0,0
2024,6,MS,Calhoun County,5,0,0,0,0
2024,6,KS,Cowley County,15,0,0,0,0
2024,11,ME,Sagadahoc County,65,0,0,0,0
2024,6,VA,Buena Vista city,10,0,0,0,0
2024,6,IA,Pocahontas County,10,0,0,0,0
2024,11,WV,Barbour County,5,0,0,0,0
2024,12,PA,Susquehanna County,5,0,0,0,0
2025,2,OK,Le Flore County,100,0,0,0,0
2025,2,KY,Meade County,40,0,0,0,0
2025,1,KS,Brown County,35,0,0,0,0
2024,6,AR,Lawrence County,5,0,0,0,0
2024,12,VT,Addison County,21,0,0,0,0
2025,2,MI,Barry County,15,0,0,0,0
2025,3,GA,Newton County,99,12,13,5,0
2025,3,TX,Tyler County,45,0,0,0,0
2025,3,VA,Fredericksburg city,65,0,0,0,0
2025,3,RI,Kent County,15,0,0,0,0
2025,3,MO,Saline County,10,0,0,0,0
2025,3,ND,Ward County,35,0,0,0,0
2024,6,NH,Carroll County,10,0,0,0,0
2024,11,IA,Clay County,5,0,0,0,0
2025,2,GA,Oglethorpe County,70,1,1,0,0
2025,1,MO,Miller County,20,0,0,0,0
2024,12,NE,Frontier County,6,0,0,0,0
2025,2,OH,Clinton County,80,0,0,0,0
2025,3,AL,Coffee County,89,0,0,0,0
2025,3,ID,Ada County,123,0,0,0,0
2025,3,OH,Knox County,55,0,0,0,0
2025,3,WV,Logan County,20,0,0,0,0
2025,1,AL,Dallas County,90,0,0,0,0
2024,6,IL,Knox County,7,0,0,0,0
2024,11,AR,Jefferson County,5,0,0,0,0
2025,2,IA,Madison County,40,0,0,0,0
2025,3,IN,Boone County,115,0,0,0,0
2025,3,IN,Vigo County,30,0,0,0,0
2025,3,WA,Lewis County,10,0,0,0,0
2024,6,TN,Van Buren County,5,0,0,0,0
2025,2,NY,Herkimer County,65,0,0,0,0
2025,2,MS,Leflore County,100,0,0,0,0
2025,3,NY,Livingston County,85,0,0,0,0
2025,3,AL,Geneva County,20,0,0,0,0
2025,3,TX,Austin County,40,0,0,0,0
2025,2,KS,Butler County,120,0,0,0,0
2025,1,ID,Latah County,5,0,0,0,0
2025,2,TX,Fayette County,115,0,0,0,0
2025,3,WV,Monongalia County,5,0,0,0,0
2025,1,KY,Caldwell County,10,0,0,0,0
2025,2,VA,Petersburg city,15,0,0,0,0
2025,1,GA,Talbot County,25,0,0,0,0
2025,3,IN,Huntington County,5,0,0,0,0
2024,8,IL,Kankakee County,5,0,0,0,0
2024,9,KY,Mason County,5,0,0,0,0
2025,3,KY,Washington County,10,0,0,0,0
2025,1,WV,Raleigh County,7,0,0,0,0
2025,2,LA,Grant Parish,10,0,0,0,0
2025,3,TX,Lavaca County,55,0,0,0,0
2025,3,AR,White County,5,0,0,0,0
2025,3,MO,Howard County,5,0,0,0,0
2025,2,NV,Lyon County,5,0,0,0,0
2025,1,IL,De Witt County,10,0,0,0,0
2025,3,PA,Bucks County,5,0,0,0,0
2025,3,WI,Vilas County,5,0,0,0,0
2024,6,AZ,Pinal County,1369,1,3,0,1
2024,6,CA,Fresno County,1601,1,0,0,1
2024,6,FL,Duval County,7615,14,12,6,4
2024,6,CO,Denver County,400,0,0,0,0
2024,6,FL,Hillsborough County,18142,10,4,21,5
2024,6,GA,Coweta County,1742,2,1,1,0
2024,6,IL,Winnebago County,2587,81,55,12,4
2024,6,KS,Linn County,385,0,0,0,0
2024,6,MA,Bristol County,1981,38,17,16,30
2024,6,NY,Ontario County,126,2,1,0,1
2024,6,PA,Allegheny County,2289,1,0,0,0
2024,6,TN,Shelby County,9726,6,0,1,1
2024,6,VA,Campbell County,2575,0,1,1,0
2024,6,OR,Douglas County,509,0,0,0,0
2024,6,VA,Prince Edward County,480,0,0,0,0
2024,6,IL,McLean County,945,4,1,10,1
2024,6,OK,Rogers County,387,0,0,0,0
2024,6,OK,Comanche County,376,0,0,0,0
2024,6,WV,Berkeley County,1256,0,0,0,0
2024,6,IN,Grant County,412,10,2,2,4
2024,6,MA,Plymouth County,390,0,0,0,0
2024,7,CA,Fresno County,1552,1,0,1,0
2024,7,CO,Elbert County,25,0,0,0,0
2024,7,WV,Berkeley County,1329,0,0,0,0
2024,7,AL,Lee County,2016,5,0,3,0
2024,7,TN,Rutherford County,5096,2,0,1,1
2024,7,VA,Nelson County,330,0,0,0,0
2024,7,CA,Butte County,380,0,0,0,0
2024,7,TN,Bedford County,1721,0,0,0,0
2024,7,TX,Parker County,378,0,0,0,1
2024,7,WA,Klickitat County,275,0,0,0,0
2024,7,TX,Comal County,1085,2,0,1,0
2024,7,TX,San Jacinto County,230,0,0,0,0
2024,7,ND,Ramsey County,429,0,0,0,0
2024,7,LA,Sabine Parish,1030,0,0,0,0
2024,7,TX,Donley County,84,0,0,0,0
2024,7,IN,Dearborn County,295,0,0,0,0
2024,7,NJ,Essex County,11,0,0,0,0
2024,8,IL,DuPage County,1236,0,4,3,0
2024,8,IL,Ford County,180,0,0,0,0
2024,8,SC,Spartanburg County,6487,15,3,1,0
2024,8,CO,Jefferson County,250,0,0,0,0
2024,8,NC,Cabarrus County,1412,3,2,0,0
2024,8,ND,Ward County,305,0,0,0,0
2024,8,TX,Smith County,531,0,1,0,1
2024,9,CA,Stanislaus County,3083,0,0,0,0
2024,9,GA,Cobb County,2901,13,3,27,1
2024,9,FL,Lake County,2435,2,1,2,0
2024,9,GA,Thomas County,415,0,0,0,0
2024,9,IN,Huntington County,6,0,0,0,0
2024,9,SD,Lincoln County,110,0,0,0,2
2024,10,VA,Appomattox County,2825,0,0,0,0
2024,10,AZ,Pima County,617,2,0,1,0
2024,10,IA,Butler County,335,0,0,0,0
2024,12,NC,Guilford County,1955,2,0,1,0
2024,12,VA,Hanover County,1315,0,0,0,0
2024,12,MS,Jackson County,746,2,1,2,1
2025,1,FL,Clay County,1254,0,0,0,0
2025,1,MA,Bristol County,1534,30,11,19,26
2025,1,NC,Surry County,265,0,0,0,0
2025,1,NY,Schenectady County,230,0,0,0,0
2025,1,OH,Scioto County,690,1,0,0,0
2024,6,IL,Stephenson County,909,0,0,0,0
2024,6,OH,Lake County,885,0,0,0,0
2024,6,KS,Saline County,325,0,0,0,0
2024,7,DC,District of Columbia,1437,0,3,0,1
2024,7,TX,Tom Green County,531,0,0,0,0
2024,7,MI,Presque Isle County,155,0,0,0,0
2024,7,MN,Lake County,390,0,0,0,0
2024,7,TX,Orange County,1730,0,0,0,0
2024,7,MO,Harrison County,155,0,0,0,0
2024,7,OR,Deschutes County,645,0,0,0,0
2024,7,FL,DeSoto County,43,0,0,0,0
2024,7,OH,Union County,1147,4,9,10,0
2024,7,AR,Desha County,172,5,4,4,1
2024,7,IN,Jennings County,135,0,0,0,0
2024,7,VA,Goochland County,485,4,2,1,0
2024,7,AR,Boone County,130,0,0,0,0
2024,7,MD,Talbot County,230,0,0,0,0
2024,7,PA,Carbon County,120,0,0,0,0
2024,7,PA,Lycoming County,182,1,0,2,1
2024,8,KS,Shawnee County,6772,6,3,4,2
2024,8,KY,Bullitt County,470,0,0,0,0
2024,8,TN,Roane County,80,0,0,0,0
2024,8,VA,Hampton city,869,0,0,0,0
2024,8,WA,Chelan County,124,0,0,0,0
2024,8,OH,Franklin County,1767,10,3,1,8
2024,8,KS,Barton County,85,0,0,0,0
2024,8,NC,Alamance County,1030,0,0,0,0
2024,8,GA,Irwin County,335,0,0,0,0
2024,8,PA,Lycoming County,155,0,0,0,0
2024,8,PA,Mifflin County,445,0,0,0,0
2024,8,NJ,Monmouth County,156,0,0,0,0
2024,8,PA,Northampton County,90,0,0,0,0
2024,8,TN,Moore County,115,0,0,0,0
2024,8,TX,Robertson County,95,0,0,0,0
2024,8,CO,Kit Carson County,50,0,0,0,0
2024,9,AL,Jefferson County,6915,1,1,1,0
2024,9,NC,Sampson County,231,0,0,0,0
2024,9,AL,Limestone County,260,0,0,0,0
2024,9,LA,Caddo Parish,1465,0,0,0,0
2024,9,OH,Hamilton County,3247,70,6,6,7
2024,9,OH,Stark County,1291,0,0,0,0
2024,9,IN,Floyd County,545,0,0,0,0
2024,10,KY,Nelson County,1515,1,0,0,0
2024,10,KY,Johnson County,128,0,0,0,1
2024,10,NC,Buncombe County,635,34,5,5,0
2024,10,NC,Mecklenburg County,4277,9,0,6,0
2024,10,ND,Stutsman County,115,2,0,0,2
2024,10,OH,Meigs County,1000,0,0,0,0
2024,10,IN,Kosciusko County,1976,0,1,0,0
2024,10,NC,Davidson County,735,0,0,0,0
2024,10,PA,Crawford County,395,0,0,0,0
2024,10,TX,San Jacinto County,160,0,0,0,0
2024,10,VA,Lynchburg city,1062,1,0,1,1
2024,10,OH,Coshocton County,105,0,0,0,0
2024,10,TX,Palo Pinto County,195,0,0,0,0
2024,10,MS,Lamar County,190,0,0,0,0
2024,10,AR,Ouachita County,270,11,0,16,0
2024,10,MO,Pettis County,150,0,0,0,0
2024,10,NC,Alexander County,226,0,0,0,0
2024,10,SC,Florence County,537,0,0,0,0
2024,11,IL,Macoupin County,1505,0,0,0,0
2024,11,IL,St. Clair County,625,0,0,5,0
2024,11,OH,Belmont County,229,0,0,0,0
2024,11,CA,Santa Barbara County,276,1,2,1,0
2024,11,IN,Floyd County,684,0,0,0,0
2024,11,MI,Mecosta County,125,0,0,0,0
2024,11,WA,Kittitas County,1220,0,0,0,0
2024,11,WV,Mercer County,305,0,0,0,0
2024,11,AL,Elmore County,2095,3,8,10,0
2024,11,CA,Monterey County,60,0,0,0,0
2024,11,GA,Bartow County,1505,0,0,0,0
2024,11,MD,Baltimore city,220,0,0,0,0
2024,11,MN,Aitkin County,240,0,0,0,0
2024,11,PA,Pike County,255,0,0,0,0
2024,12,ME,Penobscot County,220,0,0,0,0
2024,12,KY,Pulaski County,350,0,0,7,0
2024,12,ND,Mercer County,145,0,0,0,0
2024,12,SC,Laurens County,685,0,0,0,0
2024,12,MO,Lafayette County,475,0,0,0,0
2024,12,NE,Madison County,261,5,0,0,0
2024,12,FL,Calhoun County,10,0,0,0,0
2024,12,NC,Beaufort County,80,0,0,0,0
2024,12,NC,Robeson County,395,0,0,0,0
2025,1,MS,Jackson County,735,0,0,0,0
2025,1,FL,Duval County,6586,5,2,1,3
2025,1,MO,Christian County,934,0,0,0,0
2025,1,TX,Smith County,746,0,0,0,0
2025,1,OH,Summit County,502,0,0,0,0
2025,1,ME,Cumberland County,275,0,0,0,0
2025,1,TN,Maury County,1370,0,0,0,0
2025,1,TN,White County,488,80,1,11,7
2025,1,TX,Erath County,190,0,0,0,0
2024,7,TN,Greene County,495,0,0,0,0
2024,7,GA,Jackson County,358,0,0,0,0
2024,7,MI,Saginaw County,295,0,0,0,0
2024,8,GA,Cobb County,3555,7,4,4,1
2024,8,TX,Castro County,1100,0,0,0,0
2024,8,TX,Dallas County,7151,6,1,7,1
2024,8,AZ,Pima County,662,3,3,1,3
2024,8,IN,Lake County,1181,2,0,0,0
2024,9,WA,Clark County,1081,1,1,2,1
2024,9,MS,Scott County,150,0,0,0,0
2024,9,NY,Monroe County,560,1,0,0,1
2024,9,MO,St. Francois County,1014,19,6,5,1
2024,9,NM,San Miguel County,115,0,0,0,0
2024,10,OH,Hamilton County,3687,5,2,0,1
2024,10,WI,Barron County,210,0,0,0,0
2024,10,KY,Boone County,478,0,0,0,0
2024,10,MI,Midland County,195,0,0,0,0
2024,10,NY,Erie County,1187,1,0,0,0
2024,10,TX,Comal County,925,0,0,0,0
2024,10,FL,Alachua County,710,0,0,0,0
2024,10,ID,Ada County,655,0,0,0,0
2024,10,SC,Dorchester County,942,3,0,0,1
2024,10,SC,Lancaster County,760,0,0,0,0
2024,10,OH,Wyandot County,305,0,0,0,0
2024,10,MN,Chisago County,73,0,0,0,0
2024,11,IL,Lee County,360,0,0,0,0
2024,11,KY,Washington County,60,0,0,0,0
2024,11,OH,Greene County,1782,3,3,3,2
2024,11,SC,Berkeley County,1477,0,0,0,0
2024,11,WI,Washburn County,105,0,0,0,0
2024,11,MI,Bay County,170,0,0,0,0
2024,11,MT,Carter County,5,3,0,0,0
2024,11,NC,Chatham County,690,0,0,0,0
2024,11,NC,Rockingham County,341,0,0,0,0
2024,11,VA,Albemarle County,320,0,0,0,0
2024,11,MO,Barton County,30,0,0,0,0
2024,11,AL,Russell County,330,0,0,0,0
2024,12,WV,Mercer County,235,0,0,6,0
2024,12,OK,Washington County,2685,6,3,4,6
2024,12,IN,St. Joseph County,705,0,0,0,0
2024,12,SC,Cherokee County,1755,0,0,0,0
2024,12,SC,Richland County,2192,4,0,0,1
2024,12,GA,Bartow County,1655,0,0,0,0
2024,12,NE,Sarpy County,125,0,0,0,0
2024,12,TN,Sumner County,5120,0,0,0,0
2024,12,TX,El Paso County,175,0,0,0,0
2024,12,AZ,Pinal County,949,0,0,0,0
2024,12,MN,Otter Tail County,265,0,0,0,0
2024,12,MO,Cole County,525,0,0,3,0
2024,12,MO,Jasper County,859,6,2,5,0
2024,12,TN,Henderson County,415,0,0,1,0
2024,12,TX,Lubbock County,1035,0,0,0,0
2024,12,VA,Fairfax city,170,0,0,0,0
2024,12,SC,Calhoun County,5,0,0,0,0
2024,12,PA,Butler County,105,0,0,0,0
2025,1,LA,Vernon Parish,445,0,0,0,0
2025,1,TN,Davidson County,3845,6,9,11,3
2025,1,KY,Warren County,1455,0,0,0,0
2025,1,LA,St. Tammany Parish,725,0,0,0,1
2025,1,MS,Madison County,2393,0,0,0,0
2025,1,TN,Rhea County,500,0,0,0,0
2025,1,FL,Polk County,3149,8,9,8,9
2025,1,TX,Anderson County,620,0,0,0,0
2025,1,CA,Butte County,370,0,0,0,0
2025,1,GA,Cherokee County,1566,0,0,0,0
2025,1,VA,Grayson County,270,0,0,0,0
2025,1,WA,Cowlitz County,975,0,0,0,0
2025,1,MT,Yellowstone County,500,1,1,0,0
2025,1,OH,Butler County,1860,0,0,2,0
2025,1,IN,Delaware County,665,0,0,0,0
2025,1,IN,Warrick County,1685,0,0,0,0
2025,1,PA,Crawford County,460,0,0,0,0
2025,1,CO,Arapahoe County,680,0,0,2,0
2024,9,TN,Hardin County,290,0,0,0,0
2024,12,TN,Coffee County,625,2,0,0,0
2024,12,OK,Okmulgee County,1000,0,0,0,0
2024,12,OH,Miami County,1020,14,4,0,0
2024,12,TX,Hamilton County,295,0,0,0,0
2024,12,CO,Larimer County,750,0,0,0,0
2024,12,OH,Wood County,816,0,2,0,0
2025,1,VA,Newport News city,1100,0,0,0,0
2025,1,SC,Florence County,299,0,0,0,0
2024,6,OK,Nowata County,15,0,0,0,0
2024,6,VA,Danville city,135,0,0,0,0
2024,6,GA,Elbert County,130,0,0,0,0
2024,6,NC,Person County,90,0,0,0,0
2024,6,KS,Butler County,310,0,0,0,0
2024,7,FL,Flagler County,645,0,0,0,0
2024,7,MN,Aitkin County,265,0,0,0,0
2024,7,NY,Schenectady County,200,0,0,0,0
2024,8,OK,Caddo County,1,0,0,0,0
2024,8,GA,Colquitt County,260,0,0,0,0
2024,8,NY,Herkimer County,120,0,0,0,0
2024,8,UT,Salt Lake County,165,0,0,0,0
2024,8,NH,Rockingham County,160,0,0,0,0
2024,8,MN,Chisago County,75,1,0,0,0
2024,8,MN,Rice County,170,1,0,0,0
2024,9,VA,Portsmouth city,255,0,0,0,0
2024,9,VA,Greene County,120,0,0,0,0
2024,9,CO,Denver County,440,0,0,0,0
2024,9,SC,Jasper County,165,0,0,0,0
2024,9,IN,Dearborn County,325,0,0,0,0
2024,9,CA,Humboldt County,60,0,0,0,0
2024,9,LA,Tensas Parish,305,0,0,0,0
2024,9,PA,Lycoming County,245,0,0,0,0
2024,9,MN,McLeod County,168,1,0,1,0
2024,9,MI,Otsego County,255,0,0,0,0
2024,9,PA,Monroe County,145,0,0,0,0
2024,10,MA,Norfolk County,554,0,0,2,0
2024,10,OH,Erie County,140,0,0,0,0
2024,10,MS,Copiah County,135,0,0,0,0
2024,10,VA,Isle of Wight County,390,0,0,0,0
2024,10,GA,Lowndes County,515,0,0,0,0
2024,10,NY,New York County,190,0,0,0,0
2024,11,IN,Hendricks County,1589,4,0,0,0
2024,11,GA,Whitfield County,75,0,0,0,0
2024,11,NH,Coos County,315,0,0,0,0
2024,11,TX,Tyler County,165,0,0,0,0
2024,11,FL,Escambia County,385,0,0,0,0
2024,11,IN,Vigo County,190,0,0,0,0
2024,11,UT,Washington County,15,0,0,0,0
2024,11,WA,Klickitat County,155,0,0,0,0
2024,12,NC,Stokes County,380,0,0,0,0
2024,12,TX,Hill County,308,0,0,0,0
2024,12,MS,Harrison County,180,0,0,0,0
2024,12,IL,White County,66,0,0,0,0
2024,12,MS,Copiah County,50,0,0,0,0
2024,12,WA,Grant County,255,0,0,0,0
2024,12,ME,Kennebec County,105,0,0,0,0
2025,1,AR,Phillips County,260,0,0,0,0
2025,1,AL,Henry County,135,0,0,0,0
2025,1,OK,Le Flore County,115,0,0,0,0
2024,10,IL,Wayne County,140,0,0,0,0
2024,11,VA,Wise County,75,0,0,0,0
2024,12,NY,Ulster County,35,0,0,0,0
2024,12,VA,Fluvanna County,110,0,0,0,0
2024,12,TX,Titus County,15,0,0,0,0
2024,12,TX,Cameron County,155,0,0,0,0
2024,6,GA,Whitfield County,285,0,0,0,0
2024,7,OH,Ross County,54,0,0,0,0
2024,7,GA,Oconee County,183,1,0,0,0
2024,10,ME,Piscataquis County,115,0,0,0,0
2024,11,MN,Clay County,20,0,0,0,0
2024,11,TX,Victoria County,60,0,0,0,0
2024,11,PA,Warren County,260,0,0,0,0
2024,11,TX,Young County,405,0,0,0,0
2024,11,PA,Somerset County,105,0,0,0,0
2024,12,KY,Johnson County,85,0,0,0,0
2025,1,NY,Genesee County,55,2,1,1,1
2025,1,GA,Carroll County,155,0,0,0,0
2025,1,ND,Stutsman County,70,1,0,3,0
2025,2,AK,Anchorage Municipality,1872,10,4,1,6
2025,2,IN,Hamilton County,807,6,8,6,3
2025,2,NC,Granville County,280,0,0,0,0
2025,2,OH,Tuscarawas County,740,0,0,0,0
2025,2,OR,Clackamas County,2827,8,1,6,4
2025,2,MO,Greene County,1796,7,0,0,1
2025,2,TX,Wilson County,345,0,0,0,0
2025,2,MO,St. Charles County,3860,2,3,0,3
2024,6,WI,Chippewa County,105,0,0,0,0
2024,7,MO,Carroll County,145,0,0,0,0
2024,7,GA,Lumpkin County,125,0,0,0,0
2024,8,MO,Warren County,65,0,0,0,0
2024,9,AR,Independence County,150,0,0,0,0
2024,9,LA,Allen Parish,150,0,0,0,0
2024,9,ND,Ramsey County,102,0,6,0,0
2024,9,NC,Moore County,15,0,0,0,0
2024,10,TX,Hockley County,5,0,0,0,0
2024,11,IN,Wayne County,55,0,0,0,0
2024,11,IA,Madison County,25,0,0,0,0
2025,1,UT,Weber County,155,0,0,0,0
2025,1,WI,Brown County,65,0,0,0,0
2024,6,KS,Lyon County,115,0,0,0,0
2024,7,NC,Person County,95,0,0,0,0
2024,9,WY,Natrona County,15,0,0,0,0
2024,11,IL,Piatt County,140,1,0,1,1
2024,11,OH,Ashtabula County,630,0,0,0,0
2024,12,FL,Wakulla County,85,0,0,0,0
2024,12,WY,Sheridan County,56,0,0,0,0
2025,1,MO,Lincoln County,65,0,0,0,0
2024,6,WI,Waushara County,5,0,0,0,0
2024,8,TX,Leon County,130,0,0,0,0
2024,11,NC,Bertie County,45,0,0,0,0
2024,11,NV,Storey County,10,0,0,0,0
2025,2,GA,Spalding County,321,0,0,0,0
2025,2,NC,Brunswick County,1245,0,0,0,0
2025,2,NC,Duplin County,120,0,0,0,0
2025,2,OH,Stark County,1293,0,0,0,0
2025,2,PA,Clearfield County,781,2,0,0,1
2025,2,PA,Fayette County,450,0,0,0,0
2025,2,PA,Mercer County,335,0,0,0,0
2025,2,TN,Bradley County,3701,0,0,0,0
2025,2,TN,Monroe County,690,0,0,0,0
2025,2,TX,McLennan County,920,0,0,0,0
2025,2,VA,Appomattox County,2050,0,0,0,0
2025,2,VA,Henrico County,1944,5,0,3,0
2025,2,TN,Sevier County,1682,0,0,0,0
2025,2,TN,Wilson County,2349,3,2,6,0
2025,2,CO,Denver County,762,3,3,3,0
2025,2,LA,East Baton Rouge Parish,105,0,0,0,0
2025,2,OR,Jackson County,225,0,0,0,0
2025,2,CO,Jefferson County,120,1,0,0,0
2025,2,LA,Lafayette Parish,51,0,0,0,0
2025,2,TX,Johnson County,1404,0,0,0,0
2025,2,WA,Whatcom County,1288,0,0,0,0
2025,2,GA,Colquitt County,175,0,0,0,0
2025,2,VA,Hanover County,1110,0,0,0,0
2025,2,OH,Fayette County,7,0,0,0,0
2025,2,OH,Wyandot County,290,0,0,0,0
2025,2,IL,Scott County,225,0,0,0,0
2025,2,MI,St. Clair County,70,0,0,0,0
2025,2,MO,Marion County,805,0,0,0,0
2025,2,AL,Chambers County,60,0,0,0,0
2025,2,CA,Napa County,505,0,0,0,0
2025,2,GA,Laurens County,115,0,0,0,0
2025,2,TN,Montgomery County,1175,0,0,0,0
2025,2,OH,Scioto County,534,0,0,0,0
2025,2,TX,Hutchinson County,415,0,0,0,0
2025,2,VA,Halifax County,40,0,0,0,0
2025,2,GA,Bibb County,170,0,0,0,0
2025,2,TN,Pickett County,115,0,0,0,0
2025,3,AL,Madison County,865,4,0,0,0
2025,3,KY,Daviess County,160,0,0,0,0
2025,3,MN,Mower County,35,0,0,0,0
2025,3,TN,Hamilton County,778,2,0,0,0
2025,3,LA,Ouachita Parish,420,0,0,0,0
2025,3,OK,Le Flore County,25,0,0,0,0
2025,3,TX,Taylor County,2480,0,0,0,1
2025,3,OK,Texas County,45,0,0,0,0
2025,3,WI,Green Lake County,80,0,0,0,0
2025,3,FL,DeSoto County,20,0,0,0,0
2025,3,IN,Allen County,740,0,0,0,1
2025,3,IN,Clark County,77,0,0,0,0
2025,3,MO,Ralls County,20,0,0,0,0
2025,3,LA,West Feliciana Parish,60,0,0,0,0
2025,3,SD,Hughes County,70,0,0,0,0
2025,3,TN,Moore County,20,0,0,0,0
2025,3,AR,Pope County,25,0,0,0,0
2025,3,UT,Utah County,10,0,2,0,0
2025,2,KS,Saline County,165,0,0,0,0
2025,3,SC,Berkeley County,310,0,0,0,0
2025,3,OH,Ashtabula County,185,0,0,0,0
2024,9,ND,Hettinger County,80,0,0,0,0
2024,9,OH,Sandusky County,57,1,0,0,0
2024,9,KY,Bourbon County,15,0,0,0,0
2024,11,WV,Lincoln County,5,0,0,0,0
2024,11,MO,Miller County,15,0,0,0,0
2025,2,GA,Monroe County,220,0,0,0,1
2025,2,MS,Scott County,135,0,0,0,0
2025,3,GA,Houston County,85,1,0,1,0
2025,3,NC,Onslow County,84,0,0,0,0
2025,2,MN,Otter Tail County,220,0,0,0,0
2024,8,MO,Lincoln County,36,0,0,0,0
2024,11,ID,Cassia County,15,0,0,0,0
2024,11,NY,Madison County,5,0,0,0,0
2024,12,OR,Curry County,25,0,0,0,0
2024,7,SD,Clay County,10,0,0,0,0
2024,7,FL,Calhoun County,15,0,0,0,0
2025,1,GA,Charlton County,10,0,0,0,0
2025,2,GA,Meriwether County,110,0,0,0,0
2024,7,KY,Bourbon County,20,0,0,0,0
2024,10,PA,Snyder County,0,0,1,0,2
2024,12,MO,Lawrence County,10,0,0,0,0
2024,12,WI,Langlade County,0,0,0,0,1
2025,1,PA,Huntingdon County,10,0,0,0,0
2024,6,KY,Bourbon County,20,0,0,0,0
2025,2,NE,Seward County,55,0,0,0,0
2025,2,KY,Kenton County,165,1,0,0,0
2025,3,SC,Barnwell County,16,0,0,0,0
2024,9,KS,Harvey County,50,0,0,0,0
2024,6,TX,Garza County,10,0,0,0,0
2024,9,WI,Oconto County,5,0,0,0,0
2024,8,VT,Caledonia County,20,0,0,0,0
2024,9,NC,Yadkin County,5,0,0,0,0
2024,11,TX,Nacogdoches County,5,0,0,0,1
2024,12,ID,Nez Perce County,5,0,0,0,0
2024,9,SC,Edgefield County,5,0,0,0,0
2024,12,AL,Jackson County,15,0,0,0,0
2024,7,MO,Gentry County,5,0,0,0,0
2024,11,IA,Tama County,5,0,0,0,0
2025,1,CA,Tehama County,20,0,0,0,0
2025,1,TX,Haskell County,25,0,0,0,0
2025,1,OK,Delaware County,10,0,0,0,0
2025,1,MO,St. Clair County,15,0,0,0,0
2025,1,TX,Ector County,10,0,0,0,0
2025,3,VA,Danville city,40,0,0,0,0
2025,3,VA,New Kent County,70,0,0,0,0
2025,3,MN,Martin County,15,0,0,0,0
2024,8,WA,Walla Walla County,7,0,0,0,0
2024,12,KY,Taylor County,5,0,0,0,0
2025,2,FL,Calhoun County,25,0,0,0,0
2025,3,KY,Carroll County,30,0,0,0,0
2025,2,IA,Monona County,20,0,0,0,0
2025,2,PA,Erie County,25,0,0,0,0
2025,3,IN,Franklin County,20,0,0,0,0
2025,3,MN,St. Louis County,45,0,0,0,0
2025,2,VA,Buena Vista city,10,0,0,0,0
2024,9,MS,Franklin County,5,0,0,0,0
2024,11,IA,Jones County,5,0,0,0,0
2024,12,GA,Stephens County,5,0,0,0,0
2025,2,FL,Jackson County,5,0,0,0,0
2025,2,GA,Putnam County,5,0,0,0,0
2025,1,TN,Fentress County,10,0,0,0,0
2025,1,IA,Union County,150,0,0,0,0
2025,3,NC,Pasquotank County,20,0,0,0,0
2025,1,VA,Madison County,15,0,0,0,0
2025,3,IA,Monona County,5,0,0,0,0
2025,3,PA,Delaware County,10,0,0,0,0
2024,11,ND,Oliver County,15,0,0,0,0
2025,2,KS,Harvey County,5,0,0,0,0
2025,3,WA,Kitsap County,5,0,0,0,0
2025,3,GA,Effingham County,5,0,0,0,0
2024,6,AL,Calhoun County,1110,0,0,0,0
2024,6,AZ,Pima County,495,0,0,0,0
2024,6,GA,Dougherty County,940,0,0,0,0
2024,6,FL,Charlotte County,5073,1,13,2,0
2024,6,IN,Hamilton County,1402,7,2,4,2
2024,6,MO,Pulaski County,100,0,0,0,0
2024,6,TN,Anderson County,820,0,0,0,0
2024,6,VA,Powhatan County,700,4,3,5,1
2024,6,MN,Washington County,414,0,0,0,0
2024,6,TX,Cameron County,160,0,0,0,0
2024,6,WA,Whatcom County,1827,194,0,59,56
2024,6,GA,Walton County,2103,0,0,0,0
2024,6,AL,Montgomery County,1080,0,0,0,0
2024,6,GA,Laurens County,110,0,0,0,0
2024,6,IN,St. Joseph County,847,1,0,0,0
2024,6,NC,Gaston County,1711,0,0,0,0
2024,6,OH,Shelby County,165,1,0,0,0
2024,6,TN,Franklin County,130,0,0,0,0
2024,6,TN,Cocke County,310,0,0,0,0
2024,6,HI,Hawaii County,325,0,0,0,0
2024,6,IA,Buchanan County,62,4,0,3,1
2024,7,AL,Walker County,315,0,0,0,0
2024,7,IN,Vanderburgh County,3675,2,0,1,0
2024,7,MO,Clay County,2277,2,2,3,0
2024,7,TX,Tarrant County,20017,85,62,91,65
2024,7,WI,Milwaukee County,416,0,0,0,0
2024,7,FL,Martin County,670,22,2,1,1
2024,7,MA,Plymouth County,450,0,0,0,0
2024,7,ND,Hettinger County,120,0,0,0,0
2024,7,TN,Humphreys County,560,0,0,0,0
2024,7,TX,Bastrop County,1591,0,0,0,0
2024,7,VA,Amherst County,210,0,0,0,0
2024,7,IN,Lawrence County,10,0,0,0,0
2024,7,GA,Glynn County,621,2,2,0,1
2024,7,FL,Miami-Dade County,945,0,0,0,0
2024,7,IL,Tazewell County,351,5,2,4,0
2024,7,PA,Blair County,160,0,0,0,0
2024,7,PA,Warren County,250,0,0,0,0
2024,7,TX,Anderson County,540,3,2,3,0
2024,8,IN,Allen County,4432,32,16,10,22
2024,8,TX,Guadalupe County,1871,0,0,0,0
2024,8,VA,Henrico County,2157,15,14,6,0
2024,8,LA,Jefferson Parish,225,0,0,0,0
2024,8,ND,McKenzie County,145,0,0,0,0
2024,8,NM,San Juan County,550,0,0,0,0
2024,8,ND,Hettinger County,75,0,0,0,0
2024,9,MN,Otter Tail County,230,0,0,0,0
2024,9,TN,Wilson County,2420,17,5,9,6
2024,10,DC,District of Columbia,751,0,0,0,0
2024,10,OH,Portage County,1855,0,0,0,0
2024,10,TX,Bexar County,5266,10,10,4,3
2024,10,NE,York County,55,0,0,0,0
2024,10,AR,Pulaski County,1259,0,0,0,0
2024,10,IA,Story County,345,2,2,3,0
2024,10,KY,Scott County,25,0,0,0,0
2024,10,MI,Ingham County,410,42,20,40,11
2024,10,IN,Pike County,135,0,0,0,0
2024,10,TX,Wise County,325,0,0,0,0
2024,11,NH,Rockingham County,150,0,0,0,0
2024,11,OH,Portage County,1986,2,5,4,1
2024,11,OH,Licking County,450,0,0,0,0
2024,11,SC,Darlington County,150,0,0,0,0
2024,12,IL,Sangamon County,1702,0,0,0,0
2024,6,TX,Galveston County,3179,9,1,1,1
2024,6,PA,Cambria County,104,0,0,0,0
2024,6,TN,Hardeman County,630,0,0,0,0
2024,6,AR,White County,220,0,1,0,0
2024,6,MD,Dorchester County,145,0,0,0,0
2024,6,NC,Bertie County,120,0,0,0,0
2024,6,WI,Marathon County,326,3,0,0,3
2024,7,NC,Onslow County,426,0,0,0,0
2024,7,TN,Knox County,5166,0,0,0,0
2024,7,WI,Eau Claire County,1102,2,0,2,0
2024,7,VA,Loudoun County,2417,2,2,0,0
2024,7,ME,Cumberland County,610,0,0,0,0
2024,7,MI,Macomb County,612,0,0,0,0
2024,7,MN,Big Stone County,90,0,0,0,0
2024,7,SD,Day County,215,0,0,0,0
2024,7,NY,Onondaga County,1230,0,0,0,0
2024,7,PA,Fayette County,705,0,0,0,0
2024,7,SC,Marlboro County,305,0,0,0,0
2024,7,AL,DeKalb County,417,0,0,0,0
2024,7,NY,Bronx County,179,0,0,0,1
2024,7,IN,Madison County,628,14,3,2,3
2024,7,OH,Jackson County,215,0,0,0,0
2024,8,AL,Montgomery County,1181,0,0,0,0
2024,8,AZ,Maricopa County,5072,3,1,7,2
2024,8,FL,Lee County,5920,2,0,1,0
2024,8,IN,Bartholomew County,421,0,0,0,0
2024,8,IN,Elkhart County,3611,15,5,8,5
2024,8,IN,Gibson County,510,0,0,0,0
2024,8,KY,Simpson County,443,0,0,0,0
2024,8,MN,Otter Tail County,295,0,0,0,0
2024,8,MN,St. Louis County,247,0,0,0,0
2024,8,MO,Carroll County,145,0,0,0,0
2024,8,PA,Cambria County,110,0,0,0,0
2024,8,SC,Oconee County,725,0,0,0,0
2024,8,NC,Forsyth County,1527,0,0,0,0
2024,8,NC,Lincoln County,1127,0,0,0,0
2024,8,IN,Wabash County,335,0,0,5,0
2024,8,ND,Morton County,135,0,0,0,0
2024,8,WI,Walworth County,565,0,0,0,0
2024,9,VA,Hampton city,664,0,0,0,0
2024,9,SC,York County,1986,1,1,2,1
2024,9,WI,Washburn County,100,0,0,0,0
2024,9,GA,Catoosa County,1373,18,2,3,6
2024,9,TX,Grayson County,517,8,16,46,3
2024,9,TX,Palo Pinto County,170,0,0,0,0
2024,9,MS,Marshall County,275,0,0,0,0
2024,9,TX,Fannin County,930,0,0,0,0
2024,10,IL,St. Clair County,710,0,0,0,0
2024,10,IL,Will County,3590,0,2,2,0
2024,10,OK,Canadian County,841,1,2,0,0
2024,10,AR,Independence County,155,0,0,0,0
2024,10,TN,Williamson County,5175,4,2,2,0
2024,10,AL,Morgan County,315,0,0,0,0
2024,10,NC,Stokes County,460,0,0,0,0
2024,10,VA,Tazewell County,1140,0,0,0,0
2024,10,AR,Desha County,55,0,0,0,0
2024,10,GA,Barrow County,300,0,0,0,0
2024,10,SC,Edgefield County,10,0,0,0,0
2024,10,NC,Halifax County,120,0,0,0,0
2024,10,VA,Staunton city,905,0,0,0,0
2024,10,SC,Bamberg County,220,0,0,0,0
2024,11,CT,New Haven County,418,0,0,0,0
2024,11,OH,Trumbull County,1725,5,0,0,0
2024,11,TN,Montgomery County,1155,0,0,0,0
2024,11,MI,Jackson County,970,0,0,0,0
2024,11,PA,Lancaster County,1090,0,0,0,0
2024,11,VA,Louisa County,505,0,0,0,0
2024,11,WA,Clark County,978,0,0,0,0
2024,11,LA,Vernon Parish,470,0,0,0,0
2024,11,SC,Marlboro County,300,1,1,0,1
2024,11,TN,Fayette County,840,0,2,2,0
2024,11,VA,Page County,105,0,0,0,0
2024,11,TX,Palo Pinto County,205,0,0,0,0
2024,11,SC,Jasper County,200,0,0,0,0
2024,12,MA,Norfolk County,334,1,0,0,0
2024,12,MN,Sherburne County,145,0,0,0,0
2024,12,TX,Smith County,822,3,5,3,4
2024,12,IA,Scott County,780,22,20,23,37
2024,12,TN,Maury County,1317,0,0,0,0
2024,12,IN,Lake County,1007,0,0,0,0
2024,12,MD,Wicomico County,345,0,0,0,0
2024,12,OH,Knox County,335,0,0,0,0
2024,12,TX,Erath County,210,0,0,0,0
2024,12,SC,Oconee County,655,0,0,0,0
2024,12,MS,DeSoto County,1455,0,0,0,0
2024,12,MO,Marion County,1100,0,0,0,1
2024,12,NY,Tioga County,260,0,0,0,0
2024,12,NC,Henderson County,300,0,0,0,0
2025,1,GA,Hall County,880,0,0,0,0
2025,1,TN,Sequatchie County,365,0,0,0,0
2025,1,VA,Colonial Heights city,1764,0,0,0,0
2025,1,NM,Chaves County,283,1,0,1,0
2025,1,MI,Berrien County,560,0,0,0,0
2025,1,FL,Flagler County,583,0,0,0,0
2024,6,WI,Manitowoc County,115,0,0,0,0
2024,7,MD,Prince George's County,3132,5,9,3,1
2024,7,MS,Hinds County,1500,0,0,0,0
2024,8,AL,Calhoun County,1250,0,0,0,0
2024,8,TN,Madison County,2375,8,0,4,0
2024,8,PA,Chester County,1307,3,0,4,2
2024,8,AR,Baxter County,885,0,0,0,0
2024,8,CA,Monterey County,75,0,0,0,0
2024,8,VA,Roanoke city,1104,0,0,0,0
2024,8,CA,Inyo County,30,0,0,0,0
2024,8,OH,Vinton County,105,0,0,0,0
2024,9,CA,Santa Clara County,1697,0,1,5,0
2024,9,AL,Pike County,205,0,0,0,0
2024,9,KY,Marshall County,605,0,0,0,0
2024,9,VA,Botetourt County,1320,0,0,0,0
2024,9,VA,Montgomery County,705,2,0,1,0
2024,9,WV,Berkeley County,1108,0,0,0,0
2024,9,ND,Burleigh County,755,0,0,0,0
2024,9,AR,Washington County,1160,0,0,0,0
2024,10,VA,New Kent County,340,0,0,0,0
2024,10,AZ,Maricopa County,4874,1,3,3,2
2024,10,IL,Ford County,175,0,0,0,0
2024,10,IN,Wabash County,537,1,0,0,0
2024,10,GA,Columbia County,495,0,0,0,0
2024,10,MI,Oakland County,998,0,0,0,0
2024,10,CO,Douglas County,787,2,1,4,2
2024,11,CO,Larimer County,805,0,0,0,0
2024,11,TN,Wilson County,2806,14,4,12,4
2024,11,TX,Johnson County,1462,0,0,0,0
2024,11,GA,Lowndes County,535,0,0,0,0
2024,11,TX,Anderson County,499,14,6,2,4
2024,11,IN,Dearborn County,265,0,0,0,0
2024,11,MN,Scott County,875,0,101,0,0
2024,11,MN,Goodhue County,150,0,0,0,0
2024,12,CA,Riverside County,3138,0,0,0,0
2024,12,CA,Orange County,1973,0,0,0,0
2024,12,NC,Wake County,3665,12,2,2,1
2024,12,PA,Westmoreland County,320,0,0,0,0
2024,12,NC,Alamance County,1451,11,0,8,0
2024,12,TX,Bexar County,5043,31,9,14,4
2024,12,NY,Onondaga County,1682,0,0,0,0
2024,12,GA,Towns County,130,0,0,0,0
2024,12,NC,Forsyth County,1170,0,0,0,0
2024,12,PA,Crawford County,440,0,0,0,0
2024,12,TN,Claiborne County,905,0,0,0,0
2024,12,TX,Hunt County,219,0,0,0,0
2024,12,TX,Tyler County,179,0,0,0,0
2024,12,WV,Berkeley County,1188,0,0,0,0
2024,12,PA,Dauphin County,1260,0,0,0,0
2024,12,TX,Castro County,1175,0,0,0,0
2024,12,CA,Kern County,353,0,0,0,0
2024,12,NY,Westchester County,30,0,0,0,0
2024,12,TX,Fisher County,210,0,0,0,0
2024,12,KY,Spencer County,155,0,0,0,0
2024,12,WI,Marathon County,190,0,0,0,0
2025,1,KY,Shelby County,725,0,0,0,0
2025,1,NY,Niagara County,426,0,0,0,0
2025,1,OH,Wood County,862,0,6,0,0
2025,1,TN,Cocke County,215,0,0,0,0
2025,1,TX,Martin County,135,0,0,0,0
2025,1,WI,Barron County,235,0,0,0,0
2025,1,GA,Chatham County,385,0,0,0,0
2025,1,ID,Jerome County,145,0,0,0,0
2025,1,IN,Monroe County,77,4,3,9,0
2025,1,ND,Mercer County,150,0,0,0,0
2025,1,OR,Wasco County,90,0,0,0,0
2025,1,SC,Laurens County,665,0,0,0,0
2025,1,WY,Laramie County,170,0,0,0,0
2025,1,OK,Stephens County,355,0,0,0,0
2025,1,SC,Berkeley County,1540,0,0,0,0
2025,1,KY,Menifee County,210,0,0,0,0
2025,1,MO,Scott County,360,0,0,0,0
2024,10,GA,Forsyth County,1417,0,0,0,0
2024,11,TN,Washington County,1010,0,0,0,0
2024,12,VA,Frederick County,642,0,0,0,0
2024,12,MO,Webster County,831,0,0,0,1
2025,1,AR,Craighead County,615,0,0,0,0
2025,1,LA,Bossier Parish,2090,0,0,0,0
2025,1,MD,Talbot County,220,0,0,0,0
2024,6,NY,Fulton County,37,0,0,0,0
2024,6,CO,Broomfield County,43,0,0,0,0
2024,6,MN,Itasca County,200,0,0,0,0
2024,7,VA,Harrisonburg city,335,0,0,0,0
2024,7,ND,Morton County,145,0,0,0,0
2024,7,WI,Barron County,215,0,0,0,0
2024,7,KY,Ohio County,150,0,0,0,0
2024,7,MO,Stone County,210,0,0,0,0
2024,7,KY,Owen County,75,0,0,0,0
2024,8,NY,Ontario County,130,0,0,0,0
2024,8,GA,Rabun County,490,0,0,0,0
2024,8,KY,Washington County,120,0,0,0,0
2024,9,TX,Nolan County,60,0,0,0,0
2024,9,CA,Contra Costa County,75,0,0,0,0
2024,9,IA,Linn County,205,0,0,0,0
2024,9,KY,Bullitt County,430,0,0,0,0
2024,9,CO,Mesa County,530,1,0,0,0
2024,9,MO,Webster County,640,0,0,0,0
2024,9,GA,Chatham County,155,0,0,0,0
2024,9,TX,Ward County,150,0,0,0,0
2024,9,WI,Manitowoc County,95,0,0,0,0
2024,9,NH,Coos County,310,0,0,0,0
2024,10,LA,Avoyelles Parish,110,0,0,0,0
2024,10,IN,Jackson County,165,0,0,0,0
2024,10,KY,Spencer County,150,0,0,0,0
2024,10,OK,Marshall County,30,0,0,0,0
2024,11,MT,Yellowstone County,600,1,0,1,0
2024,11,OH,Mahoning County,196,0,0,0,0
2024,11,WI,Chippewa County,100,0,0,0,0
2024,11,TX,Bee County,55,0,0,0,0
2024,11,CA,Mendocino County,14,0,0,0,0
2024,11,IN,Hancock County,857,0,0,0,0
2024,11,MO,Laclede County,150,0,0,0,0
2024,11,TX,Scurry County,686,1,0,0,1
2024,11,OH,Seneca County,40,0,0,0,0
2024,11,FL,Walton County,250,0,0,0,0
2024,12,VA,Culpeper County,141,0,0,0,0
2024,12,FL,Gadsden County,295,0,0,0,0
2024,12,GA,Paulding County,565,0,0,0,0
2024,12,MO,Callaway County,230,0,0,0,0
2024,12,NH,Grafton County,75,0,0,0,0
2024,12,NM,Lincoln County,55,0,0,0,0
2024,12,KY,Oldham County,200,0,0,0,0
2024,12,MI,Otsego County,225,0,0,0,0
2024,12,OH,Belmont County,155,0,0,0,0
2025,1,MO,Dallas County,232,0,0,0,0
2025,1,MN,Murray County,210,0,0,0,0
2024,10,OH,Lawrence County,315,0,0,0,0
2024,11,LA,Calcasieu Parish,170,0,0,0,0
2024,11,OK,Delaware County,75,0,0,0,0
2024,6,GA,Bibb County,152,6,2,3,1
2024,6,WV,Mercer County,355,2,0,0,0
2024,7,LA,Jackson Parish,150,0,0,0,0
2024,8,TX,Fayette County,140,0,0,0,0
2024,9,NY,Rockland County,140,0,0,0,0
2024,9,ND,McKenzie County,145,0,0,0,0
2024,9,AL,Lauderdale County,114,0,0,0,0
2024,10,CO,Phillips County,90,0,0,0,0
2024,10,NE,Buffalo County,130,0,0,0,0
2024,10,NC,Wilson County,127,7,4,5,3
2024,11,TN,Franklin County,80,0,0,0,0
2024,11,VA,Grayson County,240,0,0,0,0
2024,11,LA,Tensas Parish,380,0,0,0,0
2024,10,WA,Chelan County,100,0,0,2,0
2024,12,ND,Morton County,70,0,0,0,0
2024,12,KY,Washington County,90,0,0,0,0
2024,12,AL,Coosa County,170,0,0,0,0
2024,12,VA,Orange County,40,0,0,0,0
2025,1,KS,Clay County,125,0,0,0,0
2025,1,NC,Craven County,50,0,0,0,0
2025,1,WI,Grant County,95,0,0,0,0
2025,1,SD,Davison County,404,4,5,4,0
2025,1,PA,Cambria County,130,0,0,0,0
2025,1,CO,Phillips County,75,0,0,0,0
2025,2,AL,Madison County,3959,6,3,3,1
2025,2,CA,San Bernardino County,2790,2,0,0,0
2025,2,CA,Orange County,1845,0,0,0,0
2024,6,OH,Seneca County,123,0,0,0,0
2024,6,CO,Phillips County,70,0,0,0,0
2024,6,MO,Newton County,40,0,0,0,0
2024,7,KY,Livingston County,115,0,0,0,0
2024,7,WV,Greenbrier County,5,0,0,0,0
2024,8,VA,Buckingham County,10,0,0,0,0
2024,8,CA,Nevada County,7,0,0,0,0
2024,9,TX,San Saba County,160,0,0,0,0
2024,9,TX,Houston County,50,0,0,0,0
2024,10,IL,Macon County,35,0,0,0,0
2024,10,NE,Johnson County,65,0,0,0,0
2024,10,TX,Llano County,120,0,0,0,0
2024,10,TX,Eastland County,65,0,0,0,0
2024,11,CA,Humboldt County,25,0,0,0,0
2024,12,IA,Marion County,104,12,7,10,2
2024,12,FL,Levy County,175,0,0,0,0
2025,1,KY,Simpson County,423,1,0,0,0
2024,8,AL,Autauga County,30,0,0,0,0
2024,8,MI,Clare County,10,0,0,0,0
2024,9,MN,Rice County,175,0,0,0,0
2024,9,AR,Miller County,45,0,0,0,0
2024,10,NJ,Monmouth County,115,0,0,0,0
2024,11,NC,Halifax County,125,0,0,0,0
2024,11,MO,Livingston County,15,0,0,0,0
2025,1,VA,Southampton County,290,0,0,0,0
2024,6,KY,Kenton County,99,0,0,0,0
2024,8,IN,Huntington County,5,0,0,1,0
2024,9,SD,Minnehaha County,40,0,0,1,0
2024,11,KY,Graves County,146,0,1,0,0
2024,11,TX,Gray County,5,0,0,0,0
2024,12,NC,Yadkin County,5,0,0,0,0
2024,12,VT,Windsor County,30,0,0,0,0
2025,1,NM,Lincoln County,35,0,0,0,0
2025,2,FL,Santa Rosa County,845,0,0,0,0
2025,2,MO,Platte County,1482,0,0,0,0
2025,2,OK,Kay County,957,3,0,0,1
2025,2,OK,Tulsa County,3281,0,0,0,0
2025,2,TN,White County,440,0,0,0,0
2025,2,VA,Bedford County,1555,0,0,0,0
2025,2,KS,Pottawatomie County,116,0,0,0,0
2025,2,AL,Henry County,110,0,0,0,0
2025,2,AR,Washington County,950,0,0,0,0
2025,2,IN,Elkhart County,2269,5,1,1,0
2025,2,MI,Berrien County,675,5,0,9,2
2025,2,MI,Montcalm County,235,0,0,0,0
2025,2,MI,Oakland County,852,0,0,0,0
2025,2,OH,Union County,835,1,0,0,0
2025,2,WI,Brown County,50,0,0,0,0
2025,2,CA,Ventura County,580,0,0,0,0
2025,2,AL,Geneva County,75,0,0,0,0
2025,2,CO,Larimer County,705,0,0,0,0
2025,2,LA,Sabine Parish,605,0,0,0,0
2025,2,NE,Cherry County,140,0,0,0,0
2025,2,OR,Josephine County,190,0,0,0,0
2025,3,CA,San Bernardino County,576,0,0,0,0
2025,3,HI,Honolulu County,356,0,0,0,0
2025,3,TN,Sevier County,151,0,0,0,0
2025,3,TX,San Saba County,35,0,0,0,0
2025,3,TX,Wilson County,60,0,0,0,0
2025,3,KS,Leavenworth County,271,57,0,40,0
2025,3,OK,Kay County,346,2,1,9,1
2025,3,VA,Rockingham County,110,0,0,0,0
2025,3,VA,Norfolk city,105,0,0,0,0
2025,3,GA,Forsyth County,257,0,0,0,0
2025,3,MO,Jackson County,1076,0,0,0,0
2024,6,AL,Jackson County,15,0,0,0,0
2024,8,IL,Saline County,85,0,0,0,0
2025,1,OH,Putnam County,130,0,0,0,0
2025,1,OH,Mahoning County,190,0,0,0,0
2025,1,AL,St. Clair County,40,0,0,0,0
2025,2,KS,Riley County,264,3,0,2,4
2025,2,MO,Scott County,295,0,0,0,0
2025,2,MO,Lawrence County,5,0,0,0,0
2025,2,GA,Grady County,75,0,0,0,0
2025,2,PA,Northampton County,125,0,0,0,0
2025,2,KY,Carroll County,120,0,0,0,0
2025,3,KS,Barton County,25,0,0,0,0
2025,3,KY,Bullitt County,115,0,0,0,0
2025,3,IL,Rock Island County,65,0,0,0,0
2025,3,KS,Montgomery County,55,0,0,0,0
2025,3,NE,Cherry County,30,0,0,0,0
2025,3,NY,Niagara County,65,0,0,0,0
2025,3,VA,Fauquier County,50,0,0,0,0
2025,3,MD,St. Mary's County,103,0,0,0,0
2025,3,KY,Spencer County,30,0,0,0,0
2025,3,MI,Osceola County,20,0,0,0,0
2025,3,MO,Randolph County,30,0,0,0,0
2025,3,MO,Stone County,30,0,0,0,0
2025,3,PA,Union County,70,0,0,0,0
2025,3,TN,Washington County,155,0,0,0,0
2024,6,GA,Talbot County,20,0,0,0,0
2024,7,IL,Macon County,30,0,0,0,0
2024,7,KY,Lincoln County,15,0,0,0,0
2024,8,MN,Kandiyohi County,60,0,0,0,0
2024,10,ND,Stark County,5,0,0,0,0
2024,8,KY,Barren County,45,0,0,0,0
2024,9,VA,Petersburg city,15,0,0,0,0
2024,9,WV,Putnam County,5,0,0,0,0
2024,10,TN,Haywood County,15,0,0,0,0
2024,11,WA,Franklin County,30,0,0,0,0
2024,8,NJ,Cape May County,30,0,0,0,0
2024,12,KS,Pottawatomie County,20,0,0,0,0
2024,7,MS,Newton County,5,0,0,0,0
2024,8,WI,Jefferson County,20,0,0,0,0
2024,10,IN,Washington County,27,0,0,0,0
2024,11,MO,Audrain County,20,0,0,0,0
2025,1,NE,Buffalo County,235,0,0,0,0
2025,1,IL,Saline County,60,0,0,0,0
2024,9,MO,St. Clair County,10,0,0,0,0
2024,11,OH,Sandusky County,20,0,0,0,0
2025,1,IL,Champaign County,160,0,0,0,0
2025,2,NH,Coos County,280,0,0,0,0
2025,3,MI,Allegan County,55,0,0,0,0
2025,3,TX,Montague County,15,0,0,0,0
2025,3,CT,New London County,40,0,0,0,0
2025,3,NM,Sandoval County,35,0,0,0,0
2024,10,VA,Fluvanna County,40,0,0,0,0
2024,12,AR,White County,25,0,0,0,0
2025,2,IL,Champaign County,166,0,0,1,0
2025,2,VA,Rappahannock County,128,0,0,0,0
2024,7,IL,Randolph County,5,0,0,0,0
2024,10,SC,Abbeville County,10,0,0,0,0
2025,3,AR,Ashley County,55,0,0,0,0
2025,3,CT,Hartford County,25,0,0,0,0
2025,3,OH,Fulton County,60,8,54,16,56
2025,3,OH,Miami County,125,0,0,0,0
2025,3,WI,Bayfield County,30,0,0,0,0
2024,9,NC,Lenoir County,10,0,0,0,0
2024,11,NY,Westchester County,71,0,0,0,0
2024,10,IN,Steuben County,5,0,0,0,0
2025,1,WV,Lincoln County,15,0,0,0,0
2025,2,TX,Erath County,151,0,0,0,0
2025,3,MN,Otter Tail County,60,0,0,0,0
2024,6,MT,Carter County,1,0,0,0,0
2024,8,WI,Shawano County,20,0,0,0,0
2024,10,AL,Dallas County,35,0,0,0,0
2024,11,MI,Clare County,10,0,0,0,0
2024,11,TX,Kimble County,5,0,0,0,0
2025,3,IN,Randolph County,30,0,0,0,0
2025,3,NE,Burt County,31,0,0,0,0
2024,8,AR,Crittenden County,20,0,0,0,0
2025,2,PA,Northumberland County,25,0,0,0,0
2025,2,LA,Acadia Parish,23,0,0,0,0
2025,3,VA,Charlottesville city,15,0,0,0,0
2024,9,NE,Kearney County,5,0,0,0,0
2025,2,NY,Rockland County,30,0,0,0,0
2025,2,WI,Jackson County,5,0,0,0,0
2025,3,WA,Whitman County,5,0,0,0,0
2025,3,NC,Halifax County,30,0,0,0,0
2025,3,PA,Carbon County,25,0,0,0,0
2024,6,OR,Tillamook County,5,0,0,0,0
2024,8,KS,Atchison County,5,0,0,0,0
2025,2,GA,Haralson County,5,0,0,0,0
2024,12,HI,Maui County,5,0,0,0,0
2025,3,GA,Oglethorpe County,10,0,0,0,0
2024,9,MO,Lawrence County,5,0,0,0,0
2024,11,MN,Kittson County,10,0,0,0,0
2025,1,MI,Clinton County,10,0,0,0,0
2024,8,GA,Clarke County,5,0,0,0,0
2025,2,UT,Grand County,5,0,0,0,0
2025,3,TX,Brown County,10,0,0,0,0
2025,3,OH,Putnam County,20,0,0,0,0
2025,3,OR,Jefferson County,5,0,0,0,0
2025,3,LA,Iberia Parish,15,0,0,0,0
2025,3,OH,Seneca County,15,0,0,0,0
2024,10,SC,Calhoun County,5,0,0,0,0
2025,3,TN,Campbell County,5,0,0,0,0
2025,3,KY,Garrard County,10,0,0,0,0
2025,3,LA,West Baton Rouge Parish,5,0,0,0,0
2025,2,FL,Hendry County,5,0,0,0,0
2025,3,NC,Watauga County,5,0,0,0,0
2025,1,NY,Cayuga County,5,0,0,0,0
2025,2,NY,Madison County,5,0,0,0,0
2025,1,MA,Hampden County,5,0,0,0,0
2024,6,GA,DeKalb County,2439,4,2,1,0
2024,6,IN,Vanderburgh County,3912,0,0,0,0
2024,6,IN,Randolph County,225,0,0,0,0
2024,6,KS,Shawnee County,7623,15,8,17,2
2024,6,MI,Jackson County,1206,0,0,0,2
2024,6,MI,Wayne County,1303,22,0,6,1
2024,6,TN,Dyer County,380,0,0,0,0
2024,6,TX,Chambers County,521,2,0,0,0
2024,6,TN,Bedford County,1587,0,0,0,0
2024,6,TN,Claiborne County,1190,0,0,0,0
2024,6,TN,Lawrence County,16,0,0,0,0
2024,6,TX,Kaufman County,4733,34,14,23,12
2024,6,WI,Vilas County,210,0,0,0,0
2024,6,MD,Garrett County,35,0,0,0,0
2024,6,IL,Monroe County,90,0,0,0,0
2024,6,KY,Livingston County,105,0,0,0,0
2024,6,TN,Maury County,1497,0,0,2,0
2024,6,VA,Halifax County,55,0,0,0,0
2024,6,KS,Hamilton County,130,0,0,0,0
2024,6,TN,DeKalb County,415,0,0,0,0
2024,6,WV,Greenbrier County,15,0,0,0,0
2024,6,IA,Dallas County,110,0,0,0,0
2024,6,TX,Potter County,248,0,0,0,0
2024,6,FL,Columbia County,280,0,0,0,0
2024,6,IL,Clark County,55,2,2,4,1
2024,6,IL,Peoria County,95,0,0,0,0
2024,6,PA,Armstrong County,85,0,0,0,0
2024,7,AL,Shelby County,4290,0,0,0,0
2024,7,CA,San Bernardino County,3283,6,4,3,0
2024,7,FL,Lake County,2895,6,2,5,1
2024,7,TX,Tyler County,455,0,0,0,0
2024,7,IL,Crawford County,150,0,0,0,0
2024,7,GA,Jasper County,230,0,0,0,0
2024,7,LA,Avoyelles Parish,105,0,0,0,0
2024,7,MA,Worcester County,826,0,0,0,0
2024,7,MO,Christian County,1466,0,1,0,0
2024,7,VA,Henry County,10,0,0,0,0
2024,7,IA,Cedar County,415,0,0,1,0
2024,8,GA,Harris County,700,1,0,0,1
2024,8,KY,Carroll County,115,0,0,0,0
2024,8,KY,Pike County,265,0,0,0,0
2024,8,MA,Essex County,399,7,26,25,0
2024,8,MO,Franklin County,540,1,1,0,1
2024,8,OH,Cuyahoga County,4814,22,7,11,3
2024,8,OH,Licking County,384,0,0,0,0
2024,8,TX,Harris County,10853,6,1,5,0
2024,8,KY,Knox County,112,0,0,0,0
2024,8,TX,Coryell County,810,0,0,0,0
2024,8,AL,Mobile County,465,0,0,0,0
2024,8,TX,San Patricio County,20,0,0,0,0
2024,8,MO,Caldwell County,380,0,0,0,0
2024,8,KS,Ottawa County,155,0,0,0,0
2024,9,AZ,Pinal County,948,1,0,3,0
2024,9,TX,Bastrop County,1205,1,0,0,0
2024,9,FL,Walton County,275,0,0,0,0
2024,10,VA,Virginia Beach city,6272,5,1,2,0
2024,10,OH,Morrow County,300,0,0,0,0
2024,10,MI,Ionia County,155,0,0,0,0
2024,11,OH,Richland County,565,0,0,0,0
2024,11,IL,Woodford County,304,0,0,0,0
2024,12,VA,Virginia Beach city,5864,31,101,3,0
2024,12,WA,Spokane County,1535,0,0,0,0
2025,1,MN,Carver County,490,0,0,0,0
2024,6,OH,Knox County,265,0,0,0,0
2024,6,TN,Putnam County,1614,0,0,0,0
2024,6,FL,Alachua County,905,0,0,0,0
2024,6,OH,Union County,1243,5,1,3,0
2024,6,TN,Hamblen County,360,1,1,1,1
2024,6,TX,Scurry County,150,0,0,0,0
2024,6,FL,Broward County,1575,5,2,0,0
2024,6,KY,Barren County,85,0,0,0,0
2024,6,TN,Greene County,425,0,0,0,0
2024,6,IA,Warren County,60,0,0,0,0
2024,7,NY,Jefferson County,2284,0,0,0,0
2024,7,AL,Mobile County,475,0,0,0,0
2024,7,IA,Johnson County,1938,1,0,0,0
2024,7,GA,Liberty County,170,0,0,0,0
2024,7,GA,Cobb County,3922,7,1,26,1
2024,7,NC,Robeson County,520,0,0,0,0
2024,7,WA,Kittitas County,2085,0,0,0,0
2024,7,OR,Lincoln County,560,0,0,0,0
2024,7,AL,Pike County,205,0,0,0,0
2024,7,NH,Merrimack County,475,0,0,0,0
2024,7,TN,Obion County,710,0,0,0,0
2024,7,NC,Columbus County,85,0,0,0,0
2024,7,TN,Benton County,395,0,0,0,0
2024,8,KS,Montgomery County,265,0,0,0,0
2024,8,LA,Jackson Parish,155,0,0,0,0
2024,8,NV,Washoe County,2207,5,2,1,1
2024,8,TN,Shelby County,9233,8,9,2,1
2024,8,UT,Cache County,390,0,0,0,0
2024,8,VA,York County,3694,11,11,7,0
2024,8,WA,Clark County,1045,0,0,0,0
2024,8,WV,Berkeley County,1216,0,4,0,0
2024,8,GA,Gilmer County,150,0,0,0,0
2024,8,AR,Sebastian County,295,1,0,0,1
2024,8,MO,Polk County,130,0,0,0,0
2024,8,CA,Santa Barbara County,166,2,0,1,0
2024,8,TX,Fisher County,120,0,0,0,0
2024,8,NM,Santa Fe County,130,0,0,0,0
2024,8,IN,Henry County,375,0,0,0,0
2024,9,WA,Kittitas County,1262,0,0,0,0
2024,9,FL,Highlands County,610,4,0,2,6
2024,9,HI,Honolulu County,1552,1,0,0,0
2024,9,VA,Powhatan County,686,0,0,0,0
2024,9,KS,Saline County,190,0,0,0,0
2024,9,MO,Laclede County,190,0,0,0,0
2024,9,MO,Taney County,975,0,0,0,0
2024,9,PA,Montgomery County,2865,0,0,0,0
2024,9,PA,Beaver County,658,0,0,0,0
2024,9,AZ,Yuma County,160,10,2,14,1
2024,9,IL,Effingham County,146,2,0,0,0
2024,9,LA,Ascension Parish,395,0,0,0,0
2024,9,TX,Haskell County,70,0,0,0,0
2024,9,VA,Culpeper County,189,0,0,0,0
2024,10,AR,Phillips County,300,0,0,0,0
2024,10,MI,Calhoun County,525,0,0,0,0
2024,10,NE,Lancaster County,2176,0,0,0,0
2024,10,VA,Salem city,1683,21,19,2,5
2024,10,AZ,Yavapai County,445,0,0,0,0
2024,10,IN,Hendricks County,2021,2,1,2,0
2024,10,KY,Daviess County,860,0,0,0,0
2024,10,MN,Lake County,220,0,0,0,0
2024,10,TX,Martin County,150,0,0,0,0
2024,10,IN,Jennings County,120,0,0,0,0
2024,10,LA,Tensas Parish,345,0,0,0,0
2024,10,WI,Outagamie County,691,0,0,0,0
2024,10,TX,Navarro County,100,0,0,0,0
2024,10,WY,Campbell County,192,0,0,0,0
2024,10,NC,Edgecombe County,335,0,0,0,0
2024,10,IL,Woodford County,295,0,0,4,0
2024,10,KY,Barren County,75,0,0,0,0
2024,11,GA,Murray County,280,0,0,0,0
2024,11,SC,Cherokee County,1475,0,0,0,0
2024,11,IL,Lake County,972,5,0,1,0
2024,11,GA,Laurens County,110,0,0,0,0
2024,11,KS,Linn County,300,0,0,0,0
2024,11,TX,Hamilton County,255,0,0,0,0
2024,11,TX,Jefferson County,260,0,0,0,0
2024,12,MI,Ottawa County,4573,0,7,7,1
2024,12,CA,San Luis Obispo County,830,0,0,0,0
2024,12,NY,Erie County,1193,0,0,0,0
2024,12,CA,Napa County,605,0,0,0,0
2024,12,TX,Houston County,55,0,0,0,0
2024,12,MI,St. Clair County,65,0,0,0,0
2025,1,NC,Buncombe County,874,5,0,1,0
2025,1,TN,Sumner County,5284,42,26,28,3
2025,1,CO,Denver County,465,0,0,0,0
2025,1,NY,Onondaga County,1741,3,1,0,0
2025,1,SC,Georgetown County,320,0,0,0,0
2025,1,IL,Cook County,3868,13,1,1,9
2025,1,MO,Cedar County,145,0,0,0,0
2025,1,WI,Sheboygan County,1750,0,0,0,0
2025,1,NC,Forsyth County,1298,0,0,0,0
2025,1,OH,Wyandot County,295,0,0,0,0
2025,1,TN,Hamblen County,250,1,0,11,1
2025,1,CA,Ventura County,655,0,0,0,0
2024,6,WI,Lincoln County,1104,0,0,1,1
2024,7,VA,Washington County,1315,47,44,32,18
2024,7,TX,Llano County,148,0,0,0,0
2024,8,OH,Montgomery County,2891,14,50,28,0
2024,9,AK,Anchorage Municipality,2235,2,8,7,1
2024,9,OK,Washington County,3381,3,3,4,1
2024,9,TN,Williamson County,5055,0,0,0,0
2024,9,NC,Granville County,395,0,0,0,0
2024,9,OH,Greene County,1365,0,0,0,0
2024,9,AL,Coosa County,145,0,0,0,0
2024,9,FL,Hernando County,1650,0,0,0,0
2024,9,NV,Clark County,396,0,0,0,0
2024,9,OH,Logan County,751,3,1,0,1
2024,9,TN,Monroe County,970,0,0,0,0
2024,9,KY,Daviess County,851,0,0,0,0
2024,9,FL,Osceola County,1464,1,0,8,0
2024,9,IA,Clay County,20,0,0,0,0
2024,10,PA,Fayette County,615,0,0,0,0
2024,10,CA,Santa Clara County,1745,0,0,0,0
2024,10,MO,St. Charles County,5003,8,5,1,0
2024,10,CO,Arapahoe County,422,3,0,3,0
2024,10,AR,Baxter County,930,0,0,0,0
2024,10,AR,Sharp County,145,0,0,0,0
2024,9,TN,Pickett County,110,0,0,0,0
2024,10,MO,Platte County,957,0,0,0,0
2024,10,MO,Jefferson County,999,0,0,0,0
2024,10,TX,Midland County,500,0,0,0,0
2024,10,VA,Patrick County,255,0,0,0,0
2024,10,AL,Etowah County,65,0,0,0,0
2024,10,OH,Defiance County,175,0,0,0,0
2024,11,FL,Clay County,1200,0,0,0,0
2024,11,IN,Howard County,485,0,0,0,0
2024,11,NJ,Ocean County,2815,0,0,0,0
2024,11,PA,Berks County,780,0,0,0,0
2024,11,TX,Kerr County,1365,0,0,0,0
2024,11,TX,Bexar County,4868,33,20,15,4
2024,11,KY,Calloway County,195,0,0,0,0
2024,11,TN,Gibson County,1876,0,0,0,0
2024,11,TX,Panola County,260,0,0,0,0
2024,11,TX,Potter County,235,0,0,0,0
2024,11,AL,Limestone County,280,0,0,0,0
2024,11,MO,Scott County,325,0,0,0,0
2024,11,TX,McLennan County,780,1,3,3,0
2024,11,WI,Green Lake County,381,0,0,0,0
2024,11,PA,Carbon County,125,0,0,0,0
2024,12,NJ,Burlington County,410,0,0,0,0
2024,12,KS,Hamilton County,105,0,0,0,0
2024,12,CO,Weld County,788,7,4,22,3
2024,12,LA,Ouachita Parish,3168,2,0,0,4
2024,12,IA,Woodbury County,650,0,0,0,0
2024,12,MN,St. Louis County,235,0,0,0,0
2024,12,NY,Nassau County,532,0,0,0,0
2024,12,MA,Essex County,432,4,2,18,0
2024,12,TN,Montgomery County,1080,0,0,0,0
2024,12,VA,Page County,85,0,0,0,0
2024,12,WI,Outagamie County,695,0,0,0,0
2024,12,CO,Kit Carson County,60,0,0,0,0
2025,1,NC,Cleveland County,1143,10,6,9,8
2025,1,FL,Orange County,9521,5,3,1,2
2025,1,KS,Greenwood County,63,0,0,0,0
2025,1,KS,Wyandotte County,1370,0,0,0,0
2025,1,GA,Clayton County,811,0,0,0,0
2025,1,TN,Henderson County,435,0,0,0,0
2025,1,TX,Fannin County,1070,0,0,0,0
2025,1,LA,Caddo Parish,1832,0,0,0,0
2025,1,LA,Tensas Parish,300,0,0,0,0
2025,1,MI,Charlevoix County,225,0,0,0,0
2025,1,NC,Cabarrus County,1416,0,0,0,0
2025,1,AL,Walker County,200,0,0,0,0
2025,1,AL,Etowah County,135,0,0,0,0
2025,1,PA,Lebanon County,415,0,0,0,4
2025,1,TX,Hays County,742,0,1,0,0
2025,1,KY,Hardin County,350,0,0,0,0
2024,10,SC,Cherokee County,1350,0,0,0,0
2024,11,TX,Fort Bend County,4933,1,1,3,1
2024,12,KY,Henderson County,515,0,0,0,0
2025,1,OH,Vinton County,90,0,0,0,0
2025,1,KY,Rockcastle County,1356,1,0,1,0
2025,1,SC,Dorchester County,893,1,0,0,0
2024,6,AL,Coosa County,155,0,0,0,0
2024,6,GA,Habersham County,105,0,0,0,0
2024,6,NE,Cass County,80,0,0,0,0
2024,6,SC,Marion County,160,0,0,0,0
2024,7,MT,Broadwater County,135,0,0,0,0
2024,7,IN,LaGrange County,119,1,0,0,0
2024,7,HI,Hawaii County,295,0,0,0,0
2024,7,FL,Baker County,240,0,0,0,0
2024,7,FL,Walton County,320,0,0,0,0
2024,7,NC,Beaufort County,155,0,0,0,0
2024,8,IN,Johnson County,210,0,0,0,0
2024,8,ND,Stutsman County,195,4,0,0,0
2024,8,TN,Pickett County,110,0,0,0,0
2024,8,NY,Yates County,135,0,0,0,0
2024,8,KY,Boyle County,480,0,0,0,0
2024,9,SC,Darlington County,145,0,0,0,0
2024,9,ND,Stutsman County,130,3,0,0,1
2024,9,IL,Morgan County,405,0,0,0,0
2024,9,AL,Talladega County,5,0,0,0,0
2024,9,IA,Washington County,210,0,0,0,0
2024,9,SC,Chester County,90,0,0,0,0
2024,9,KS,Osage County,180,0,0,0,0
2024,9,MO,Audrain County,70,0,0,0,0
2024,9,VT,Caledonia County,16,1,1,1,0
2024,10,ND,Hettinger County,35,0,0,0,0
2024,10,ID,Nez Perce County,45,0,0,0,0
2024,10,NC,Sampson County,195,0,0,0,0
2024,10,LA,Iberia Parish,140,0,0,0,0
2024,10,GA,Pierce County,185,0,0,0,0
2024,11,SC,Laurens County,820,0,0,0,0
2024,11,KY,Perry County,390,0,0,0,0
2024,11,OR,Jefferson County,70,0,0,0,0
2024,11,VA,Halifax County,40,0,0,0,0
2024,11,WI,Pierce County,315,0,0,0,0
2024,11,MN,Benton County,87,0,0,0,1
2024,11,ND,Benson County,70,0,0,0,0
2024,12,MN,Stearns County,274,1,0,0,0
2024,12,NY,Bronx County,140,0,0,0,0
2024,12,MT,Custer County,160,0,0,0,0
2024,12,WI,Manitowoc County,130,0,0,0,0
2025,1,SC,Newberry County,195,0,0,0,0
2025,1,CA,Napa County,682,0,0,0,0
2025,1,PA,Union County,310,0,0,0,0
2025,2,GA,Irwin County,235,0,0,0,0
2025,2,TN,Sumner County,4456,1,0,0,0
2025,2,CA,Lassen County,35,0,0,0,0
2024,7,MS,Monroe County,25,0,0,0,0
2024,9,MD,Carroll County,440,0,0,0,0
2024,12,KS,Osage County,150,0,0,0,0
2024,7,OH,Erie County,150,0,0,0,0
2024,7,CA,Marin County,185,0,0,0,0
2024,7,NE,Cass County,41,0,0,0,0
2024,7,GA,Effingham County,95,0,0,0,0
2024,7,GA,Butts County,180,0,0,0,0
2024,7,KS,Greenwood County,135,0,0,0,0
2024,8,NE,York County,105,2,1,2,24
2024,8,GA,Talbot County,35,0,0,0,0
2024,10,MN,Rice County,180,0,2,19,1
2024,10,OK,Greer County,145,0,0,0,0
2024,10,VA,Fairfax city,145,0,0,0,0
2024,11,OH,Wayne County,60,0,0,0,0
2024,11,OH,Clinton County,55,0,0,0,0
2024,11,TX,Cameron County,140,0,0,0,0
2024,11,MA,Middlesex County,460,0,0,0,0
2025,1,IA,Muscatine County,19,0,0,0,0
2025,1,KY,Larue County,117,0,0,0,0
2025,1,WI,St. Croix County,185,0,0,0,0
2025,2,SC,Laurens County,531,7,1,2,2
2025,2,AL,Marshall County,1622,0,0,0,0
2025,2,CA,Los Angeles County,3119,2,5,2,4
2025,2,CA,San Mateo County,193,0,0,2,0
2025,2,FL,Highlands County,670,0,0,0,0
2025,2,MI,Osceola County,165,0,0,0,0
2025,2,TN,Fayette County,851,1,2,1,4
2025,2,NC,Lincoln County,815,0,0,0,0
2025,2,IL,Madison County,871,2,3,1,0
2025,2,MN,Washington County,570,17,8,0,13
2025,2,NC,Harnett County,323,0,0,0,0
2025,2,VA,Gloucester County,400,0,0,0,0
2025,2,MS,Lamar County,260,0,0,0,0
2025,2,ID,Ada County,647,0,0,1,0
2025,2,PA,Armstrong County,351,0,0,0,0
2025,2,IA,Pottawattamie County,125,0,0,0,0
2025,2,MN,Rice County,245,0,0,0,0
2025,2,CO,Douglas County,740,0,0,4,0
2025,2,NC,Craven County,60,0,0,0,0
2024,6,OK,Carter County,30,0,0,0,0
2024,7,ND,Walsh County,15,0,0,0,0
2024,8,TN,Hickman County,150,0,0,0,0
2024,9,IL,Macon County,50,0,0,0,0
2024,9,IN,Knox County,15,0,0,0,0
2024,9,MI,Allegan County,55,1,0,2,1
2024,9,MI,Bay County,150,0,0,0,0
2024,10,LA,Webster Parish,230,0,0,0,0
2024,10,SD,Pennington County,15,0,0,0,0
2024,10,NY,Orange County,230,0,0,0,0
2024,10,PA,Lehigh County,210,0,0,0,0
2024,11,VA,Goochland County,522,4,4,4,0
2025,1,VA,Wythe County,95,0,0,0,0
2025,1,GA,Whitfield County,95,0,0,0,0
2025,1,VA,Lunenburg County,30,0,0,0,0
2024,10,ME,Sagadahoc County,95,0,0,0,0
2024,11,AR,Desha County,85,0,0,0,0
2024,6,KY,Trimble County,130,0,0,0,0
2024,10,KS,Neosho County,68,0,0,0,0
2024,10,KY,Graves County,150,0,0,0,0
2024,11,IA,Monona County,5,0,0,0,0
2024,11,NE,Buffalo County,250,0,0,0,0
2024,12,OK,Le Flore County,125,0,0,0,0
2025,1,VA,Norton city,15,0,0,0,0
2025,2,TN,Humphreys County,400,0,0,0,0
2024,6,PA,Tioga County,105,0,0,0,0
2024,8,TN,Stewart County,36,0,0,0,0
2024,8,CO,Ouray County,5,0,0,0,0
2024,11,VA,Madison County,50,0,0,0,0
2024,12,TX,Haskell County,50,0,0,0,0
2025,2,TN,Bledsoe County,20,0,0,0,0
2025,2,TN,Jefferson County,160,0,0,0,0
2025,2,TN,DeKalb County,220,0,0,0,0
2025,2,KY,Spencer County,120,0,0,0,0
2025,2,NC,Johnston County,570,0,0,0,0
2025,2,OH,Muskingum County,15,0,0,0,0
2025,3,KY,Jefferson County,642,0,0,0,0
2025,3,MO,Cass County,383,0,0,0,0
2025,3,VA,Fairfax County,695,0,0,0,0
2025,3,AZ,Maricopa County,885,0,0,0,0
2025,3,MA,Essex County,188,1,0,2,0
2025,3,SC,Spartanburg County,990,0,0,0,0
2025,3,WI,Lincoln County,170,0,0,0,0
2025,3,PA,Mifflin County,95,0,0,0,0
2025,3,AR,Washington County,215,0,0,0,0
2025,3,NV,Washoe County,322,8,5,5,3
2025,3,SC,Charleston County,456,0,0,0,0
2025,3,AL,Tuscaloosa County,55,0,0,0,0
2025,3,IN,Morgan County,125,0,0,0,0
2025,3,MO,Jasper County,182,5,9,9,0
2025,3,TX,McLennan County,190,0,0,0,0
2024,11,PA,Cambria County,55,0,0,0,0
2024,12,TX,Victoria County,125,0,0,0,0
2025,2,AZ,Santa Cruz County,105,0,0,0,0
2025,2,NE,Otoe County,190,0,0,0,0
2025,2,MT,Flathead County,5,0,0,0,0
2025,3,MN,Cass County,36,0,0,0,0
2025,3,KY,Barren County,20,0,0,0,0
2025,3,NY,Schenectady County,50,0,0,0,0
2025,3,WI,Wood County,70,0,0,0,0
2025,3,GA,Fayette County,170,0,0,0,0
2025,3,PA,York County,155,1,0,1,1
2025,3,MI,Saginaw County,274,0,1,0,0
2025,3,NC,McDowell County,350,0,0,0,0
2024,7,TX,Wilbarger County,35,0,0,0,0
2024,10,AK,Fairbanks North Star Borough,5,0,0,0,0
2024,6,ID,Bonneville County,13,0,0,0,0
2024,9,ND,Oliver County,30,0,0,0,0
2024,10,SC,Allendale County,25,0,0,0,0
2024,11,ND,McKenzie County,115,0,0,0,0
2024,11,TX,Franklin County,15,0,0,0,0
2024,10,OK,Lincoln County,5,0,0,0,0
2024,11,MT,Flathead County,5,0,0,0,0
2025,1,KY,Mason County,40,0,0,0,0
2025,2,NY,Ontario County,120,0,0,0,0
2025,2,SD,Marshall County,45,0,0,0,0
2024,11,TX,Titus County,10,0,0,0,0
2025,1,NE,Wayne County,20,0,0,0,0
2025,1,OR,Benton County,38,0,0,0,0
2025,2,WI,Grant County,60,0,0,0,0
2025,2,PA,Cambria County,102,0,0,0,0
2025,3,IN,Wells County,60,0,0,0,0
2025,3,MT,Missoula County,35,0,0,0,0
2025,3,OH,Lake County,160,0,0,0,0
2025,3,PA,Schuylkill County,30,0,0,0,0
2025,3,TX,Panola County,55,0,0,0,0
2024,6,VT,Rutland County,12,0,0,0,0
2024,9,OR,Umatilla County,5,0,0,0,0
2024,9,KY,Lawrence County,35,0,0,0,1
2024,9,MN,Redwood County,5,0,0,0,0
2024,11,IN,Perry County,37,0,0,0,0
2025,1,IN,Greene County,8,0,0,0,0
2025,2,IN,Putnam County,26,0,0,0,0
2024,10,ID,Cassia County,25,0,0,0,0
2025,2,NC,Beaufort County,10,0,0,0,0
2025,2,TX,Navarro County,75,0,0,0,0
2025,3,NC,Hoke County,30,0,0,0,0
2024,9,CO,Delta County,5,0,0,0,0
2024,7,KS,Harvey County,45,0,0,0,0
2024,11,SD,Lawrence County,16,0,0,0,0
2024,9,GA,Peach County,30,0,0,0,0
2024,7,IN,Huntington County,5,0,0,0,0
2024,12,CO,Elbert County,10,0,0,0,0
2025,3,VA,Essex County,30,1,0,0,0
2025,3,GA,Bibb County,45,2,0,0,0
2025,3,MO,Harrison County,15,0,0,0,0
2025,3,TX,Palo Pinto County,25,0,0,0,0
2025,3,PA,Beaver County,85,0,0,0,0
2025,3,VA,Wythe County,15,0,0,0,0
2025,3,GA,Thomas County,80,0,0,0,0
2024,6,GA,McIntosh County,15,0,0,0,0
2024,7,GA,Charlton County,7,2,2,2,3
2024,6,IL,Cumberland County,5,0,0,0,0
2024,7,CA,Yolo County,35,0,0,0,0
2024,8,WI,Brown County,5,0,0,0,0
2025,1,SD,Minnehaha County,25,0,0,0,0
2024,10,GA,Stephens County,5,0,0,0,0
2024,12,IN,Noble County,5,0,0,0,0
2025,3,AL,Cullman County,5,0,0,0,0
2024,12,AL,Dale County,25,0,0,0,0
2024,12,CA,San Francisco County,10,0,0,0,0
2025,3,OH,Defiance County,35,0,0,0,0
2025,2,TX,Haskell County,70,0,0,0,0
2025,2,TX,Brown County,5,0,0,0,0
2025,2,WA,Whitman County,20,0,0,0,0
2024,11,IA,Delaware County,5,0,0,0,0
2025,2,WA,Okanogan County,55,0,0,0,0
2024,6,OK,Texas County,15,0,0,0,0
2024,10,MO,McDonald County,8,0,0,0,0
2024,8,NY,Albany County,5,0,0,0,0
2024,12,WV,Cabell County,5,0,0,0,0
2025,3,TX,Lamar County,5,0,0,0,0
2024,7,AR,Crittenden County,5,0,0,0,0
2025,3,MO,Miller County,10,0,0,0,0
2025,2,TX,Nolan County,5,0,0,0,0
2025,3,NC,Orange County,5,0,0,0,0
2024,6,MD,Worcester County,5,0,0,0,0
2025,3,VA,Buena Vista city,20,0,0,0,0
2024,6,KS,Finney County,281,0,0,0,0
2024,6,MI,Genesee County,1084,5,2,1,1
2024,6,OK,Okmulgee County,1142,0,0,0,0
2024,6,PA,Berks County,721,1,0,0,0
2024,6,VA,Charlotte County,766,0,0,0,0
2024,6,OK,Bryan County,825,0,0,2,0
2024,6,TX,Burleson County,185,0,0,0,0
2024,6,VA,York County,4024,16,1,46,0
2024,6,OR,Lane County,890,0,0,0,0
2024,6,OR,Lincoln County,525,0,0,0,0
2024,6,ME,Kennebec County,245,0,0,0,0
2024,6,OH,Clark County,205,0,0,0,0
2024,6,NY,St. Lawrence County,725,0,0,0,0
2024,6,CA,Butte County,465,0,0,0,0
2024,6,MI,Midland County,250,0,0,0,0
2024,6,OH,Lucas County,957,1,0,0,0
2024,6,GA,Jasper County,165,0,0,0,0
2024,6,MO,Ralls County,75,0,0,0,0
2024,6,NE,Kearney County,40,0,0,0,0
2024,6,FL,Martin County,690,0,0,0,0
2024,6,MI,Presque Isle County,155,0,0,0,0
2024,6,OH,Ross County,60,0,0,0,0
2024,6,NH,Rockingham County,440,0,0,0,0
2024,7,ME,Androscoggin County,655,0,0,0,0
2024,7,MN,St. Louis County,230,0,0,0,0
2024,7,TX,Shelby County,220,0,0,0,0
2024,7,OR,Klamath County,255,5,5,2,0
2024,7,VA,Appomattox County,1875,0,0,0,0
2024,7,TN,Cumberland County,740,0,0,0,0
2024,7,FL,Clay County,1168,0,0,0,0
2024,7,MO,Lafayette County,435,0,0,0,0
2024,7,SC,Oconee County,845,0,0,0,0
2024,7,WI,Waukesha County,685,0,0,0,0
2024,8,AR,Sharp County,150,0,0,0,0
2024,8,FL,Sumter County,1819,0,0,0,0
2024,8,GA,DeKalb County,1924,1,2,5,0
2024,8,IA,Cedar County,375,7,6,1,0
2024,8,IA,Sioux County,1542,0,0,0,0
2024,8,IA,Story County,390,80,143,70,5
2024,8,KY,Nelson County,1347,1,2,4,0
2024,8,TN,Bradley County,6063,0,0,0,0
2024,8,TN,Sumner County,5468,5,0,0,0
2024,8,TX,Taylor County,18200,6,2,4,3
2024,8,SC,Georgetown County,265,0,0,0,0
2024,8,IL,Champaign County,105,0,0,0,0
2024,8,NY,Westchester County,373,0,0,0,0
2024,8,OR,Wasco County,75,0,0,0,0
2024,8,WI,Grant County,621,0,0,0,0
2024,8,IL,Monroe County,95,0,0,0,0
2024,8,TN,Hamblen County,350,0,0,0,0
2024,8,NC,Franklin County,1329,61,2,2,16
2024,9,GA,Dougherty County,865,0,0,0,0
2024,9,OH,Delaware County,1359,6,1,3,1
2024,9,IN,Allen County,4401,3,1,2,4
2024,9,MO,Ste. Genevieve County,88,4,0,0,0
2024,10,IN,Hancock County,720,0,0,0,0
2024,10,CO,Weld County,955,0,0,0,0
2024,10,DE,Sussex County,550,0,0,2,0
2024,11,FL,Volusia County,4539,88,16,18,0
2024,11,MN,Crow Wing County,581,2,0,0,0
2024,11,OH,Morrow County,335,0,0,0,0
2024,11,SC,Greenville County,3134,2,0,2,0
2024,12,SD,Hughes County,385,0,0,0,0
2025,1,MT,Missoula County,140,0,0,0,0
2024,6,CA,Tulare County,405,0,0,0,0
2024,6,OH,Mahoning County,265,0,0,0,0
2024,7,TX,Collin County,8658,29,5,8,4
2024,7,TX,Williamson County,17257,28,6,37,13
2024,7,IN,Lake County,1163,0,0,0,0
2024,7,NY,Dutchess County,519,0,0,0,0
2024,7,VA,Bedford County,2145,0,0,0,0
2024,7,VA,Charlotte County,825,0,0,0,0
2024,7,VA,Hopewell city,320,0,0,0,0
2024,7,MI,Ottawa County,4711,2,2,0,1
2024,7,ID,Kootenai County,370,0,0,0,0
2024,7,OK,Greer County,140,0,0,0,0
2024,7,TX,Rusk County,150,0,0,0,0
2024,7,IN,Hancock County,1095,0,0,0,0
2024,7,TX,Hood County,95,0,0,0,0
2024,7,VA,Louisa County,585,0,0,0,0
2024,7,KY,Boyd County,135,0,0,0,0
2024,7,TX,Grayson County,411,0,0,1,0
2024,8,MN,Sherburne County,105,7,3,0,0
2024,8,OR,Klamath County,185,0,0,0,0
2024,8,SC,Lexington County,4640,0,0,0,0
2024,8,TN,Gibson County,2165,0,0,0,0
2024,8,TN,Montgomery County,1382,18,12,9,31
2024,8,FL,Leon County,4266,28,14,13,12
2024,8,KS,Wilson County,135,0,0,0,0
2024,8,NC,New Hanover County,1771,0,0,0,0
2024,8,VA,Suffolk city,460,0,1,0,0
2024,8,OH,Ashtabula County,838,8,0,21,0
2024,8,OH,Mahoning County,255,24,0,0,5
2024,8,WI,Iron County,175,0,0,0,0
2024,9,CA,San Francisco County,10,0,0,0,0
2024,9,FL,Pinellas County,2185,1,0,0,0
2024,9,IN,Hamilton County,931,1,1,2,0
2024,9,SC,Greenwood County,201,1,1,1,0
2024,9,TX,Kaufman County,1921,10,0,5,0
2024,9,NE,Douglas County,1696,8,5,4,5
2024,9,MO,Howell County,120,0,0,0,0
2024,9,GA,Monroe County,260,0,0,0,0
2024,9,MO,Dade County,225,0,0,0,0
2024,9,NM,San Juan County,590,0,0,0,0
2024,9,TX,Wichita County,225,0,0,0,0
2024,9,KS,McPherson County,240,0,0,0,0
2024,10,FL,Pasco County,5021,136,0,2,1
2024,10,NC,Brunswick County,1565,2,1,0,0
2024,10,GA,Meriwether County,130,0,0,0,0
2024,10,GA,Newton County,606,1,0,0,1
2024,10,MS,Rankin County,645,0,0,0,0
2024,10,TX,Kaufman County,1850,0,1,1,0
2024,10,IA,Polk County,231,2,0,0,0
2024,10,NJ,Cape May County,25,0,0,0,0
2024,9,TX,Ellis County,2247,29,7,4,0
2024,10,KS,Douglas County,399,0,0,0,0
2024,10,MI,Isabella County,190,0,3,3,0
2024,10,MN,Mower County,250,0,0,0,0
2024,10,TX,San Saba County,170,0,0,0,0
2024,10,GA,Dougherty County,961,1,0,0,0
2024,10,VA,Powhatan County,730,0,0,0,0
2024,10,TX,Ward County,145,0,0,0,0
2024,10,WI,Pierce County,345,0,0,0,0
2024,11,LA,Livingston Parish,1105,0,0,0,0
2024,11,OH,Franklin County,1141,2,0,0,0
2024,11,TX,Henderson County,540,0,0,0,0
2024,11,VA,York County,3379,25,20,10,2
2024,11,KY,Spencer County,141,0,0,0,0
2024,11,LA,Iberia Parish,135,0,0,0,0
2024,11,NC,Davie County,505,0,0,0,0
2024,11,VA,Shenandoah County,205,0,0,0,0
2024,11,OK,McClain County,494,0,0,0,0
2024,11,AR,Phillips County,280,0,0,0,0
2024,11,KY,Johnson County,52,1,1,3,2
2024,11,FL,Nassau County,295,1,1,0,0
2024,11,OH,Hancock County,435,0,0,0,0
2024,11,KS,Osage County,150,0,0,0,0
2024,12,PA,Franklin County,471,2,0,2,0
2024,12,MO,Boone County,762,0,0,2,0
2024,12,CA,Alameda County,1152,0,0,0,0
2024,12,TX,Harrison County,836,0,0,0,0
2024,12,IN,Kosciusko County,2250,0,1,0,0
2024,12,KY,Pike County,295,0,0,0,0
2024,12,GA,Rabun County,580,0,0,0,0
2024,12,IL,Macoupin County,1525,0,0,0,0
2024,12,SC,Newberry County,175,0,0,0,0
2025,1,FL,Sarasota County,3414,16,0,2,0
2025,1,OH,Tuscarawas County,794,2,2,0,0
2025,1,CA,Santa Barbara County,227,0,0,0,0
2025,1,NH,Sullivan County,35,0,0,0,0
2025,1,TN,Humphreys County,385,0,0,0,0
2025,1,NC,Yancey County,450,0,0,0,0
2025,1,WI,Outagamie County,815,0,0,0,0
2025,1,SC,Pickens County,280,0,0,0,0
2025,1,NY,Kings County,146,0,0,0,1
2025,1,TX,Parker County,322,0,0,0,0
2025,1,OH,Ottawa County,35,0,0,0,0
2024,7,KS,Ellis County,5,0,0,0,0
2024,8,AR,Poinsett County,85,0,0,0,0
2024,8,KY,Warren County,1570,0,0,1,0
2024,8,NM,Bernalillo County,6436,22,1,4,0
2024,8,MO,Marion County,970,0,0,0,0
2024,8,TX,Ward County,150,0,0,0,0
2024,8,MO,Buchanan County,107,23,1,0,0
2024,8,WA,Grays Harbor County,229,0,0,0,0
2024,9,TN,Blount County,1209,0,0,0,0
2024,9,CO,Larimer County,867,0,0,0,0
2024,9,TX,Chambers County,415,0,0,0,0
2024,10,AL,Montgomery County,880,0,0,0,0
2024,10,NC,Wake County,3557,11,0,1,0
2024,10,MN,Washington County,1303,7,2,1,0
2024,10,GA,Walton County,1831,1,0,0,1
2024,10,PA,Cumberland County,1642,0,3,5,0
2024,10,CA,Fresno County,1446,6,1,1,1
2024,10,MO,Buchanan County,90,0,0,0,0
2024,10,VA,Manassas city,280,0,0,0,0
2024,10,AR,Ashley County,335,0,0,0,0
2024,11,AR,Clay County,120,0,0,0,0
2024,11,FL,Seminole County,16345,93,35,35,30
2024,11,GA,Lee County,495,0,0,0,0
2024,11,NC,Stokes County,365,0,0,0,0
2024,11,NV,Washoe County,2082,11,17,12,12
2024,11,TN,Greene County,885,0,0,0,0
2024,11,TX,Lavaca County,395,0,0,0,0
2024,11,TX,Tom Green County,515,0,0,0,0
2024,11,IL,Franklin County,60,0,0,0,0
2024,11,MO,Webster County,763,0,0,0,0
2024,11,PA,Crawford County,380,0,0,0,0
2024,11,AL,Mobile County,395,1,1,1,1
2024,11,TX,Parker County,241,2,2,2,1
2024,12,OH,Greene County,1725,0,0,0,0
2024,12,TX,Fort Bend County,5413,1,0,1,0
2024,12,MD,Montgomery County,1795,0,0,0,0
2024,12,MO,Taney County,830,0,0,0,0
2024,12,CA,Los Angeles County,3452,9,6,6,0
2024,12,FL,Indian River County,1655,12,7,5,3
2024,12,GA,Cobb County,2868,5,4,5,0
2024,12,NC,Richmond County,515,0,0,0,0
2024,12,NC,Johnston County,580,0,0,0,0
2024,12,MI,Roscommon County,285,0,0,0,0
2024,12,SC,Jasper County,190,0,0,0,0
2024,12,IN,Clay County,155,0,0,0,0
2025,1,GA,Jackson County,800,0,0,0,0
2025,1,ID,Canyon County,174,0,0,0,0
2025,1,IN,Vanderburgh County,3675,1,0,0,0
2025,1,MN,Anoka County,3808,6,9,6,1
2025,1,OR,Marion County,670,0,0,0,0
2025,1,IN,Floyd County,615,0,0,0,0
2025,1,MD,Frederick County,1717,3,0,0,1
2025,1,MN,Dodge County,70,0,0,0,0
2025,1,OH,Logan County,994,1,1,1,1
2025,1,OH,Morrow County,340,0,0,0,0
2025,1,TN,Washington County,1129,0,0,0,0
2025,1,NY,Herkimer County,85,0,0,0,0
2025,1,IN,Harrison County,160,0,0,0,0
2025,1,NC,Sampson County,165,0,0,0,0
2025,1,MN,Olmsted County,545,0,0,0,0
2025,1,AL,Blount County,345,0,0,0,1
2025,1,NE,Dawson County,200,0,0,0,0
2025,1,GA,Tift County,160,0,0,0,0
2025,1,IN,Gibson County,495,0,0,0,0
2025,1,MN,Sherburne County,234,0,0,0,0
2025,1,IL,Franklin County,50,0,0,0,0
2025,1,FL,DeSoto County,75,0,0,0,0
2025,1,ND,Ward County,160,0,0,0,0
2024,9,OH,Morrow County,310,0,0,0,0
2024,10,IL,Sangamon County,2050,0,0,0,0
2024,12,PA,Beaver County,525,0,0,0,0
2024,12,TX,Ellis County,2318,1,1,0,0
2024,12,SC,Anderson County,281,3,0,0,0
2025,1,IN,Tipton County,35,0,0,0,0
2025,1,VA,Alexandria city,1019,0,1,0,0
2025,1,FL,Osceola County,1267,2,2,8,1
2025,1,NE,Howard County,10,3,0,1,0
2025,1,OH,Pickaway County,66,1,2,1,1
2025,1,TX,Cameron County,145,0,0,0,0
2024,6,GA,Worth County,240,0,0,0,0
2024,6,MO,Livingston County,345,0,0,0,0
2024,6,SC,Lee County,132,0,0,0,0
2024,6,TX,Donley County,77,0,0,0,0
2024,6,NY,Westchester County,11,0,0,0,0
2024,6,ND,Benson County,85,0,0,0,0
2024,7,NC,Madison County,200,0,0,0,0
2024,8,IN,Pike County,140,0,0,0,0
2024,8,MI,Roscommon County,265,0,0,0,0
2024,8,NC,Wilkes County,260,0,0,0,0
2024,8,TX,Wise County,350,0,0,0,0
2024,8,NH,Sullivan County,13,0,0,0,0
2024,8,AR,Union County,145,0,0,0,0
2024,8,LA,Vermilion Parish,115,0,0,0,0
2024,8,NM,San Miguel County,125,0,0,0,0
2024,8,VA,Lunenburg County,95,0,0,0,0
2024,9,AL,Walker County,200,0,0,0,0
2024,9,MN,Hubbard County,165,0,0,0,0
2024,9,MO,Randolph County,155,0,0,0,0
2024,9,MN,Stearns County,51,1,0,1,1
2024,9,SD,Davison County,405,0,0,0,0
2024,9,NE,Seward County,45,0,0,0,0
2024,9,CA,San Benito County,211,1,0,0,0
2024,9,IL,Peoria County,110,0,0,0,0
2024,9,VA,King George County,460,0,0,0,0
2024,10,MI,Roscommon County,280,0,0,0,0
2024,10,NC,Bertie County,105,0,0,0,0
2024,10,PA,Tioga County,135,0,0,0,0
2024,10,GA,Hart County,256,1,0,0,0
2024,11,NY,Kings County,130,0,0,0,0
2024,11,IN,Whitley County,145,0,0,0,0
2024,11,LA,De Soto Parish,165,0,0,0,0
2024,11,OK,Payne County,105,0,0,0,0
2024,11,TN,Henderson County,400,0,0,0,0
2024,11,GA,Bibb County,170,0,0,0,0
2024,11,KS,Jefferson County,15,0,0,0,0
2024,12,IN,Wayne County,30,0,0,0,0
2024,12,OH,Fulton County,380,0,0,0,0
2024,12,PA,Clarion County,30,0,0,0,0
2024,12,IL,Champaign County,140,0,0,0,0
2024,12,OH,Jackson County,40,0,0,0,0
2025,1,MO,Perry County,125,0,0,0,0
2025,1,MN,Nicollet County,200,0,0,0,0
2025,1,NH,Merrimack County,552,0,0,0,0
2025,1,IL,Montgomery County,125,0,0,0,0
2025,1,NY,Ontario County,135,2,0,2,0
2025,1,MS,Yalobusha County,15,0,0,0,0
2024,11,WI,Bayfield County,160,0,0,0,0
2025,1,IN,St. Joseph County,811,0,0,0,0
2024,6,KS,Clay County,105,0,0,0,0
2024,7,VA,Brunswick County,25,0,0,0,0
2024,7,OH,Ashtabula County,805,0,0,0,0
2024,7,WI,Manitowoc County,115,0,0,0,0
2024,8,CA,San Mateo County,235,0,0,0,0
2024,8,AR,Cleburne County,10,0,0,0,0
2024,9,TN,Smith County,160,0,0,0,0
2024,11,NC,Duplin County,140,0,0,0,0
2024,12,GA,Carroll County,160,0,0,0,0
2024,12,KS,Clay County,160,0,0,0,0
2025,1,AR,Independence County,165,0,0,0,0
2025,1,SC,Darlington County,125,0,0,0,0
2025,2,CA,El Dorado County,240,0,0,0,0
2025,2,KS,Johnson County,14857,15,6,9,3
2025,2,FL,Leon County,3002,0,0,0,1
2025,2,MI,Kent County,3237,1,1,2,1
2025,2,MO,Webster County,751,0,0,0,0
2025,2,VA,Stafford County,554,0,0,0,0
2025,2,MI,Ottawa County,4880,62,33,34,12
2025,2,AR,Saline County,1251,2,3,2,1
2025,2,FL,Hernando County,1055,0,0,0,0
2025,2,GA,Gwinnett County,6230,10,1,2,1
2025,2,KY,Warren County,1115,0,0,0,0
2025,2,MI,Kalamazoo County,1010,0,0,0,0
2025,2,MO,Madison County,175,0,0,0,0
2025,2,NC,Wake County,3106,1,0,1,0
2025,2,OK,Comanche County,300,0,0,0,0
2025,2,TX,Shelby County,235,0,0,0,0
2025,2,TX,Wise County,265,14,28,28,3
2025,2,WI,Sheboygan County,1591,0,0,0,0
2024,6,MS,Wayne County,175,0,0,0,0
2024,6,NJ,Monmouth County,140,0,0,0,0
2024,7,LA,Orleans Parish,10,0,0,0,0
2024,8,KS,Crawford County,90,0,0,0,0
2024,8,AR,Arkansas County,35,0,0,0,0
2024,9,MO,Grundy County,16,0,0,0,0
2024,9,NE,Johnson County,90,0,0,0,0
2024,9,WI,Taylor County,55,0,0,0,0
2024,9,SD,Pennington County,35,0,0,0,0
2024,10,OH,Ashtabula County,681,0,0,0,0
2024,10,IL,Scott County,220,0,0,0,0
2024,10,IL,Kankakee County,87,7,0,2,2
2024,11,TX,Eastland County,55,0,0,0,0
2024,12,IL,Macon County,25,0,0,0,0
2024,12,TN,Roane County,40,0,0,0,0
2025,1,MO,Audrain County,10,0,0,0,0
2025,1,TX,Leon County,85,0,0,0,0
2024,6,MO,Howard County,140,0,0,0,0
2024,6,TX,Hood County,135,0,0,0,0
2024,8,TX,Garza County,18,0,0,0,0
2024,9,TN,Jefferson County,160,0,0,0,0
2024,9,TN,Lawrence County,80,0,0,0,0
2024,10,KS,Barton County,125,0,0,0,0
2025,2,MN,Carver County,557,1,1,0,0
2025,2,MS,Yazoo County,220,0,0,0,0
2025,2,WI,Sauk County,285,0,0,0,0
2025,2,OH,Ashtabula County,795,0,0,0,0
2025,2,SC,Saluda County,21,0,0,0,0
2025,2,WV,Hancock County,135,0,0,0,0
2025,2,AR,Ashley County,275,0,0,0,0
2025,2,WV,Logan County,105,0,0,0,0
2024,6,IL,Vermilion County,5,0,0,0,0
2024,9,GA,Fannin County,40,0,0,0,0
2024,9,AL,Cherokee County,25,0,0,0,0
2024,9,MO,Pulaski County,61,1,1,0,0
2024,11,NM,Socorro County,95,0,0,0,0
2024,11,MI,Presque Isle County,130,0,0,0,0
2024,12,CT,Tolland County,165,0,0,0,0
2024,12,AL,Cherokee County,20,0,0,0,0
2024,12,TN,Stewart County,15,0,0,0,0
2025,2,TX,Hale County,560,4,2,7,2
2025,2,AR,Lonoke County,1080,0,0,0,0
2025,2,KY,Garrard County,145,0,0,0,0
2025,2,MI,Muskegon County,135,0,0,0,0
2025,2,MD,St. Mary's County,271,1,0,10,0
2025,2,NC,Polk County,430,0,0,0,0
2025,2,MN,Murray County,150,0,0,0,0
2025,2,VA,Clarke County,165,0,0,0,0
2025,2,VA,Isle of Wight County,295,0,0,0,0
2025,2,MD,Queen Anne's County,130,0,0,0,0
2025,2,VA,Amherst County,235,0,0,0,0
2025,2,NH,Rockingham County,166,1,0,0,1
2025,2,OH,Pickaway County,170,0,2,0,0
2025,2,TX,Montague County,80,0,0,0,0
2025,2,IA,Polk County,701,0,0,0,0
2025,2,NY,Chenango County,110,0,0,0,0
2025,3,GA,Muscogee County,576,0,0,0,0
2025,3,MS,Yazoo County,45,0,0,0,0
2025,3,WA,Spokane County,255,0,0,0,0
2025,3,FL,Hillsborough County,2639,0,0,0,0
2025,3,MI,Kent County,662,0,0,4,1
2025,3,MN,Ramsey County,454,0,0,0,0
2025,3,OH,Tuscarawas County,162,0,0,0,0
2025,3,TN,Carroll County,90,0,0,0,0
2025,3,TX,Harrison County,120,0,0,0,0
2025,3,NC,Wake County,758,0,0,0,0
2025,3,FL,Citrus County,622,1,1,0,0
2025,3,TX,Lubbock County,185,0,0,0,0
2025,3,TX,Bastrop County,200,0,0,0,0
2025,3,TX,Kaufman County,224,0,0,0,0
2025,3,KY,Shelby County,245,0,0,0,0
2025,3,MD,Calvert County,240,0,0,0,0
2025,3,TN,Marion County,10,0,0,0,0
2024,8,FL,Franklin County,10,0,0,0,0
2024,9,IA,Marion County,98,3,1,3,3
2024,9,TX,Scurry County,75,0,0,0,0
2024,11,NJ,Hudson County,30,0,0,0,0
2025,2,LA,Jefferson Parish,165,0,0,0,0
2025,2,MO,Ste. Genevieve County,10,0,0,0,0
2025,3,MN,Itasca County,50,0,0,0,0
2025,3,OH,Logan County,201,1,0,0,0
2025,3,OH,Meigs County,200,0,0,0,0
2025,3,NC,Forsyth County,235,0,0,0,0
2025,3,SC,Darlington County,65,0,0,0,0
2025,3,MS,Lamar County,75,1,0,0,0
2024,8,KY,Green County,1,2,1,1,1
2024,10,NC,Martin County,15,0,0,0,0
2024,12,IL,Kendall County,5,0,0,0,0
2024,6,IL,Mercer County,35,0,0,0,0
2024,6,AR,Miller County,20,0,0,0,0
2024,8,WA,Pend Oreille County,5,0,0,0,0
2024,7,GA,Bacon County,20,0,0,0,0
2024,9,MI,Cheboygan County,10,0,0,0,0
2024,10,KS,Coffey County,5,0,0,0,0
2024,10,NC,Camden County,40,0,0,0,0
2024,6,MO,Barry County,5,0,0,0,0
2024,6,VA,Giles County,5,1,0,1,1
2024,7,TX,Terry County,20,0,0,0,0
2024,11,AL,Chambers County,20,0,0,0,0
2025,2,MI,Midland County,40,0,0,0,0
2025,3,FL,Alachua County,195,0,0,0,0
2025,3,FL,Liberty County,64,0,0,0,0
2025,3,TN,Anderson County,95,0,0,0,0
2025,3,GA,Troup County,155,0,0,0,0
2024,8,MI,Monroe County,50,0,0,0,0
2024,10,TX,Austin County,15,0,0,0,0
2025,2,TX,Eastland County,40,0,0,0,0
2025,2,ID,Latah County,5,0,0,0,0
2024,6,KY,Madison County,16,0,0,0,0
2024,7,VA,Norton city,15,0,0,0,0
2024,12,RI,Providence County,33,0,0,0,0
2025,2,PA,Huntingdon County,12,0,0,0,0
2025,3,NE,Buffalo County,45,0,0,0,0
2025,3,TN,Carter County,18,0,0,0,0
2024,7,AL,Monroe County,1,0,0,0,0
2024,9,GA,Clay County,5,0,0,0,0
2025,1,AR,Madison County,5,0,0,0,0
2024,6,NC,Yadkin County,15,0,0,0,0
2025,1,AL,Covington County,15,0,0,0,0
2024,11,TN,Haywood County,10,0,0,0,0
2024,6,WV,Kanawha County,10,0,0,0,0
2024,8,OK,Kingfisher County,5,0,0,0,0
2024,10,IA,Madison County,20,0,0,0,0
2024,7,MS,Bolivar County,5,0,0,0,0
2025,2,AL,Walker County,10,0,0,0,0
2024,9,KY,Breckinridge County,5,0,0,0,0
2024,11,AR,Madison County,2,1,0,0,0
2024,11,AR,Arkansas County,20,0,0,0,0
2024,6,TX,Cass County,5,0,0,0,0
2025,3,VA,Floyd County,20,0,0,0,0
2025,2,OK,Johnston County,20,0,0,0,0
2025,2,KS,Atchison County,10,0,0,0,0
2025,3,AL,Autauga County,10,0,0,0,0
2025,3,FL,Jefferson County,30,0,0,0,0
2025,3,LA,Tangipahoa Parish,15,0,0,0,0
2025,3,MI,Roscommon County,20,0,0,0,0
2025,1,MO,Macon County,5,0,0,0,0
2025,2,OR,Columbia County,10,0,0,0,0
2025,2,TX,Victoria County,20,0,0,0,0
2025,2,MN,Sibley County,15,1,0,0,0
2024,9,TN,Unicoi County,5,0,0,0,0
2025,2,ID,Gem County,45,0,0,0,0
2025,2,UT,Summit County,30,0,0,0,0
2024,7,KY,Taylor County,5,0,0,0,0
2024,10,CA,Nevada County,5,0,0,0,0
2025,3,VA,Orange County,10,0,0,0,0
2025,3,CO,Garfield County,15,0,0,0,0
2025,3,KY,Logan County,25,0,0,0,0
2024,7,AL,Colbert County,6,1,1,1,1
2025,2,MO,Audrain County,10,0,0,0,0
2024,11,KY,Christian County,15,0,0,0,0
2025,1,OK,Dewey County,5,0,0,0,0
2025,2,ID,Cassia County,10,0,0,0,0
2025,2,IL,Franklin County,10,0,0,0,0
2025,2,TX,Terry County,5,0,0,0,0
2024,6,AR,Sebastian County,270,0,0,0,0
2024,6,AR,Sharp County,140,0,0,0,0
2024,6,FL,Orange County,10519,27,27,26,10
2024,6,FL,Miami-Dade County,1020,0,0,0,0
2024,6,MN,Hennepin County,4392,5,7,0,0
2024,6,NY,Jefferson County,2284,0,0,0,0
2024,6,NC,Wake County,4064,1,0,1,0
2024,6,TX,Kerr County,1463,0,0,0,0
2024,6,NC,Brunswick County,1574,0,0,0,0
2024,6,TX,Bastrop County,1416,9,10,22,2
2024,6,NY,Erie County,1243,0,0,0,0
2024,6,AR,Independence County,115,0,0,0,0
2024,6,IN,Hendricks County,1538,9,8,5,7
2024,6,IN,Tipton County,30,0,0,0,0
2024,6,SC,Charleston County,3340,0,0,0,0
2024,6,CT,Tolland County,155,0,0,0,0
2024,6,IN,Jackson County,160,0,0,0,0
2024,6,KY,Spencer County,200,0,0,0,0
2024,6,MO,Buchanan County,100,0,0,0,0
2024,6,CA,Marin County,40,0,0,0,0
2024,7,FL,Seminole County,15790,128,7,6,8
2024,7,NM,Santa Fe County,210,0,1,0,0
2024,7,IL,Effingham County,240,0,0,0,0
2024,7,IA,Buchanan County,333,8,1,6,0
2024,7,TX,Burnet County,830,0,0,0,0
2024,7,MI,Oakland County,1028,8,6,1,3
2024,7,OH,Seneca County,175,0,0,0,0
2024,7,VA,Shenandoah County,205,0,0,0,0
2024,7,WV,Mercer County,440,0,0,0,0
2024,7,LA,Ouachita Parish,3075,0,0,0,0
2024,7,OR,Yamhill County,605,0,0,0,0
2024,7,TX,Lavaca County,610,0,0,0,0
2024,7,VA,Waynesboro city,385,0,0,0,0
2024,7,FL,Broward County,1865,1,0,1,2
2024,7,IA,Scott County,586,1,1,0,0
2024,7,PA,Bradford County,440,0,0,0,0
2024,8,IN,Posey County,270,0,0,0,0
2024,8,KY,Spencer County,155,0,0,0,0
2024,8,OR,Deschutes County,625,0,0,0,0
2024,8,FL,Liberty County,404,0,0,0,0
2024,8,MD,Baltimore County,350,0,0,0,0
2024,8,LA,Livingston Parish,1273,0,0,0,0
2024,8,NC,Burke County,1474,1,0,0,0
2024,8,KY,Christian County,30,0,0,0,0
2024,8,MN,Goodhue County,155,0,0,0,0
2024,8,FL,Wakulla County,100,0,0,0,0
2024,9,IA,Woodbury County,600,0,0,0,0
2024,9,MA,Worcester County,705,0,0,0,0
2024,9,MN,Anoka County,2226,5,1,3,0
2024,9,CA,Napa County,545,0,0,0,0
2024,9,IN,Marion County,1908,2,1,0,0
2024,9,WI,Dane County,831,0,0,0,0
2024,9,CA,Solano County,191,0,0,0,0
2024,10,FL,Polk County,2938,0,0,0,0
2024,10,TX,Hill County,358,1,0,0,0
2024,11,GA,Ben Hill County,150,0,0,0,0
2024,11,GA,Camden County,2074,15,7,15,10
2024,11,TN,McMinn County,1150,0,0,0,0
2024,11,VA,Nelson County,310,0,0,0,0
2024,11,WA,Cowlitz County,766,3,2,2,0
2024,11,NM,Bernalillo County,5159,1,2,0,0
2024,12,TN,Dickson County,365,0,0,0,0
2025,1,FL,Indian River County,2703,48,47,35,18
2025,1,MN,Blue Earth County,120,0,0,0,0
2024,6,MS,Forrest County,265,0,0,0,0
2024,6,TX,Victoria County,100,0,0,0,0
2024,6,MN,McLeod County,145,0,0,0,0
2024,7,VA,Franklin County,15311,19,17,26,6
2024,7,MS,Jackson County,907,0,0,0,0
2024,7,NC,Forsyth County,1775,3,1,4,3
2024,7,SC,Kershaw County,969,0,0,0,0
2024,7,VA,Dinwiddie County,245,0,0,0,0
2024,7,GA,Habersham County,150,0,0,0,0
2024,7,SC,Clarendon County,105,0,0,0,0
2024,7,TX,Montgomery County,6633,8,4,8,1
2024,7,KY,Boyle County,535,0,0,0,0
2024,7,AZ,Pima County,463,2,0,1,2
2024,7,IL,Lee County,390,0,0,0,0
2024,7,KY,Shelby County,895,0,0,0,0
2024,7,SC,Berkeley County,1550,0,0,0,0
2024,7,TX,Randall County,245,0,0,0,0
2024,7,TN,Moore County,95,0,0,0,0
2024,8,IN,Tippecanoe County,1325,0,0,1,0
2024,8,NE,Douglas County,1713,4,0,0,0
2024,8,OH,Wyandot County,305,0,0,0,0
2024,8,SC,Richland County,3047,0,0,4,0
2024,8,OH,Madison County,176,0,0,0,0
2024,8,FL,Pasco County,5456,34,5,1,9
2024,8,OK,Payne County,100,0,0,0,0
2024,8,FL,Santa Rosa County,1310,13,0,4,11
2024,8,MI,Osceola County,220,0,0,0,0
2024,8,WI,Outagamie County,636,0,0,0,0
2024,8,AL,Baldwin County,671,0,0,0,0
2024,9,AZ,Maricopa County,4738,4,1,1,1
2024,9,GA,Fulton County,3550,1,0,2,1
2024,9,TX,Hays County,668,0,0,0,0
2024,9,KY,Ohio County,140,0,0,0,0
2024,9,TX,Erath County,175,0,0,0,0
2024,10,GA,Camden County,1030,0,0,0,0
2024,10,GA,Henry County,1400,3,16,6,3
2024,10,OH,Lake County,1191,19,3,9,4
2024,10,OH,Licking County,515,0,0,0,0
2024,10,OR,Deschutes County,650,0,0,0,0
2024,10,TN,Coffee County,749,5,0,0,0
2024,10,AR,Saline County,900,0,0,0,0
2024,9,MI,Macomb County,535,0,0,0,0
2024,10,OK,Washington County,2989,1,1,1,0
2024,10,MD,Carroll County,551,0,0,0,0
2024,10,OH,Lorain County,585,0,0,0,0
2024,10,TN,Obion County,575,0,0,0,0
2024,10,WA,Klickitat County,150,0,0,0,0
2024,10,GA,Harris County,480,0,0,0,0
2024,10,IN,Tipton County,40,0,0,0,0
2024,10,OH,Knox County,350,1,0,1,0
2024,10,VA,Roanoke city,1111,3,0,0,0
2024,10,KY,Jessamine County,396,1,0,0,0
2024,10,AL,Walker County,185,0,0,0,0
2024,10,MI,Allegan County,126,0,0,0,0
2024,10,IL,Jefferson County,191,0,0,0,0
2024,10,MN,Itasca County,240,0,0,0,0
2024,11,GA,Dougherty County,815,0,0,0,0
2024,11,GA,Walton County,1555,3,0,1,0
2024,11,MO,Marion County,975,0,0,0,0
2024,11,VA,Appomattox County,2744,1,0,3,1
2024,11,IN,Lake County,924,0,0,0,0
2024,11,ND,Cass County,480,1,1,0,0
2024,11,OR,Lane County,740,0,0,0,0
2024,11,MO,Jefferson County,935,0,0,0,0
2024,11,IN,Clark County,372,3,2,2,3
2024,11,FL,Alachua County,704,0,0,0,0
2024,11,WI,Grant County,480,0,0,0,0
2024,11,AR,Ashley County,315,0,0,0,0
2024,12,AK,Anchorage Municipality,2321,18,14,12,15
2024,12,CA,Santa Clara County,1855,2,12,3,2
2024,12,GA,Floyd County,3622,0,0,0,0
2024,12,OH,Lawrence County,300,0,0,0,0
2024,12,VA,Fairfax County,3148,0,0,0,0
2024,12,MI,Jackson County,945,0,0,0,0
2024,12,AL,Montgomery County,915,0,0,0,0
2024,12,WI,Kenosha County,200,0,0,0,0
2024,12,CA,San Benito County,285,0,0,0,0
2024,12,MI,Ionia County,155,0,0,0,0
2024,12,MN,Aitkin County,280,0,0,0,0
2024,12,NC,Durham County,961,0,0,0,0
2024,12,TN,DeKalb County,295,0,0,0,0
2024,12,WI,Washburn County,145,0,0,0,0
2025,1,GA,Dougherty County,1000,0,0,0,0
2025,1,OH,Cuyahoga County,3879,1,1,3,0
2025,1,VA,Frederick County,638,0,0,1,0
2025,1,FL,Highlands County,710,0,0,0,0
2025,1,NC,Davidson County,745,1,25,0,2
2025,1,IN,DeKalb County,440,0,0,0,0
2025,1,MN,Washington County,551,0,0,0,0
2025,1,LA,Orleans Parish,15,0,0,0,0
2024,7,GA,Coweta County,1986,1,0,0,0
2024,7,NC,Guilford County,1976,11,8,6,2
2024,8,IL,Lee County,395,0,0,0,0
2024,8,VA,Franklin County,14595,21,5,36,1
2024,8,TX,Palo Pinto County,185,0,0,0,0
2024,8,UT,Weber County,155,0,0,0,0
2024,8,AK,Anchorage Municipality,1977,10,4,6,8
2024,8,VA,Danville city,180,0,0,0,0
2024,8,NJ,Gloucester County,665,0,0,0,0
2024,8,SC,Bamberg County,110,0,0,0,0
2024,8,FL,Walton County,250,0,0,0,0
2024,8,KS,Pottawatomie County,166,0,0,0,0
2024,9,MO,Greene County,2435,4,0,0,2
2024,9,TX,Travis County,13747,42,58,52,37
2024,9,TX,Henderson County,730,0,0,0,0
2024,10,NM,Doña Ana County,315,0,0,0,0
2024,10,IL,Lee County,415,0,0,0,0
2024,10,GA,Murray County,215,0,0,0,0
2024,10,MN,Redwood County,75,0,0,0,0
2024,10,LA,East Baton Rouge Parish,130,0,0,0,0
2024,10,MO,Audrain County,75,0,0,0,0
2024,10,FL,Hardee County,280,0,0,0,0
2024,11,FL,Osceola County,1426,2,2,6,2
2024,11,OH,Delaware County,1249,0,0,0,0
2024,11,VA,Spotsylvania County,2676,0,0,0,0
2024,11,CA,Santa Clara County,1775,0,0,0,0
2024,11,GA,Jasper County,255,0,0,0,0
2024,11,TN,Maury County,1278,0,0,0,0
2024,11,WA,Spokane County,1315,0,0,0,0
2024,11,LA,Bossier Parish,1816,0,0,0,0
2024,11,GA,Polk County,805,0,0,0,0
2024,11,MO,Stone County,180,0,0,0,0
2024,11,AR,Garland County,795,0,0,0,0
2024,11,AR,Ouachita County,245,0,0,0,0
2024,12,AL,Shelby County,3654,0,0,0,0
2024,12,GA,Jasper County,250,0,0,0,0
2024,12,TX,Gonzales County,449,0,0,0,0
2024,12,VA,Loudoun County,2139,0,0,0,0
2024,12,NJ,Ocean County,2860,0,0,0,0
2024,12,VA,Prince William County,3165,5,1,1,0
2024,12,NC,Rutherford County,1331,8,1,6,0
2024,12,GA,Dougherty County,1000,0,0,0,0
2024,12,ID,Ada County,684,0,0,0,0
2024,12,OH,Warren County,2441,0,0,0,0
2024,12,OK,Tulsa County,3381,1,0,2,1
2024,12,IA,Linn County,375,2,0,0,0
2024,12,MT,Gallatin County,80,0,0,0,0
2024,12,TX,Llano County,90,0,0,0,0
2024,12,TN,Campbell County,10,0,0,0,0
2024,12,IL,Crawford County,60,0,0,0,0
2025,1,AL,Jefferson County,5893,0,0,0,1
2025,1,LA,Natchitoches Parish,195,0,0,0,0
2025,1,MN,Hennepin County,4389,3,2,1,1
2025,1,MO,Taney County,811,0,0,0,0
2025,1,PA,Schuylkill County,120,0,0,0,0
2025,1,PA,York County,810,0,0,0,0
2025,1,KY,Fayette County,1133,2,2,2,3
2025,1,TX,Denton County,4446,7,6,1,1
2025,1,AR,Garland County,650,1,0,0,0
2025,1,NM,Socorro County,60,0,0,0,0
2025,1,NC,Pasquotank County,140,0,0,0,0
2025,1,PA,Armstrong County,395,0,0,0,0
2025,1,VA,Henrico County,2245,18,0,5,0
2025,1,GA,Camden County,1765,0,0,0,0
2025,1,IL,Lake County,917,0,0,0,1
2025,1,WV,Berkeley County,1175,0,0,0,0
2025,1,FL,Hernando County,1317,0,0,0,0
2025,1,NY,Bronx County,270,0,0,0,0
2025,1,PA,Lackawanna County,200,0,0,0,0
2025,1,GA,Elbert County,150,0,0,0,0
2025,1,TX,Tom Green County,460,0,0,0,0
2024,12,NC,Brunswick County,1434,0,0,0,0
2024,12,FL,Martin County,625,4,1,7,0
2024,12,LA,Lincoln Parish,600,0,0,0,0
2024,12,NM,San Juan County,685,0,0,0,0
2025,1,WI,Lincoln County,1115,0,0,0,0
2025,1,KY,Perry County,430,0,0,0,0
2025,1,PA,Allegheny County,2055,1,0,0,0
2025,1,SC,Horry County,2118,2,0,0,0
2025,1,IN,Marshall County,65,0,0,0,0
2025,1,IA,Pottawattamie County,160,0,0,0,0
2024,6,KY,Perry County,275,0,0,0,0
2024,6,IL,Ford County,140,0,0,0,0
2024,6,VA,Caroline County,245,0,0,0,0
2024,6,FL,Palm Beach County,257,2,0,0,0
2024,6,MN,Wright County,602,7,2,1,1
2024,6,VA,Richmond city,40,0,0,0,0
2024,6,KY,Garrard County,55,0,0,0,0
2024,6,MO,Pike County,345,0,0,0,0
2024,7,MA,Middlesex County,465,0,0,0,1
2024,7,SC,Union County,520,0,0,0,0
2024,7,LA,Calcasieu Parish,190,0,0,0,0
2024,7,OR,Josephine County,188,0,0,0,0
2024,8,NC,Hoke County,160,3,1,0,0
2024,8,KY,Graves County,110,0,0,0,0
2024,8,TX,Bee County,100,0,0,0,0
2024,8,CO,Otero County,60,0,0,0,0
2024,8,VA,Rappahannock County,223,2,23,6,0
2024,9,KY,Oldham County,190,0,0,0,0
2024,9,SC,Laurens County,865,0,0,0,0
2024,9,TX,San Jacinto County,145,0,0,0,0
2024,9,AR,Union County,145,0,0,0,0
2024,9,MT,Missoula County,165,1,0,0,0
2024,10,OH,Huron County,15,0,0,0,0
2024,10,CO,Pueblo County,890,1,0,0,0
2024,10,SC,Jasper County,168,0,0,0,0
2024,10,PA,Schuylkill County,125,0,0,0,0
2024,11,MS,Lauderdale County,485,0,0,0,0
2024,11,GA,Spalding County,380,0,0,0,0
2024,11,OH,Guernsey County,115,0,0,0,0
2024,11,OH,Paulding County,88,0,0,0,0
2024,11,NM,Lincoln County,55,0,0,0,0
2024,11,ID,Lemhi County,230,0,0,0,0
2024,11,OH,Champaign County,165,0,0,0,0
2024,11,TX,Martin County,130,0,0,0,0
2024,11,GA,Lumpkin County,45,0,0,0,0
2024,11,CA,Napa County,718,3,1,1,3
2024,11,MS,Forrest County,260,0,0,0,0
2024,11,NC,Hoke County,190,0,0,0,0
2024,11,WV,Putnam County,71,18,2,24,0
2024,11,TX,Jones County,455,0,0,0,0
2024,12,NY,Chemung County,120,0,0,0,0
2024,12,WI,Iron County,125,0,0,0,0
2024,12,UT,Davis County,5,0,0,0,0
2024,12,KS,Riley County,350,0,0,0,0
2024,12,LA,West Feliciana Parish,345,0,0,0,0
2024,12,IL,Cumberland County,55,2,1,1,0
2024,12,MT,Sweet Grass County,30,0,0,0,0
2024,9,MI,Mecosta County,140,0,0,0,0
2024,11,GA,Jackson County,640,1,0,1,0
2024,6,IA,Marion County,101,0,0,0,1
2024,6,NH,Cheshire County,90,0,0,0,0
2024,6,OH,Brown County,44,0,0,0,0
2024,7,SC,Jasper County,205,0,0,0,0
2024,7,MO,Livingston County,170,0,0,0,0
2024,7,TX,Waller County,30,0,0,0,0
2024,9,GA,Ben Hill County,130,0,0,0,0
2024,9,MN,Pipestone County,7,0,0,0,0
2024,9,TX,Burleson County,170,0,0,0,0
2024,9,GA,Hart County,180,0,0,0,0
2024,11,KY,Oldham County,160,0,0,0,0
2024,11,IL,Champaign County,130,0,0,0,0
2024,11,OH,Mercer County,300,0,0,0,0
2024,11,IA,Lee County,20,0,0,0,0
2024,11,NC,Warren County,15,0,0,0,0
2025,1,GA,Murray County,300,0,0,0,0
2025,1,IN,Vigo County,160,0,0,0,0
2025,1,NC,Onslow County,292,0,0,0,0
2025,1,MT,Lewis and Clark County,213,0,0,0,0
2025,2,GA,DeKalb County,1634,58,17,60,10
2025,2,CA,Fresno County,3127,7,0,9,1
2025,2,IN,Morgan County,596,0,0,0,0
2025,2,IA,Marion County,100,0,0,0,0
2025,2,MO,Cole County,285,0,0,0,0
2024,11,TX,Grimes County,15,0,0,0,0
2024,6,SD,Day County,165,0,0,0,0
2024,7,VA,Richmond city,40,0,0,0,0
2024,7,FL,Hamilton County,90,0,0,0,0
2024,8,GA,Marion County,45,0,0,0,0
2024,9,TX,Schleicher County,80,0,0,0,0
2024,10,OH,Jefferson County,84,0,0,0,0
2024,11,SC,Clarendon County,80,0,0,0,0
2024,11,KS,Greenwood County,30,0,0,0,0
2024,11,MO,Pettis County,140,0,0,0,0
2024,11,NY,Wyoming County,5,0,0,0,2
2024,12,VA,Petersburg city,25,0,0,0,0
2024,12,AK,Fairbanks North Star Borough,35,0,0,0,0
2025,1,TX,Grayson County,300,0,0,1,0
2025,1,IN,Wayne County,80,0,0,0,0
2025,1,IL,Menard County,35,0,0,0,0
2025,1,IA,Linn County,370,2,2,1,1
2024,6,ID,Lemhi County,235,0,0,1,0
2024,7,NE,Kearney County,10,0,0,0,0
2024,7,GA,Bibb County,176,0,0,0,0
2024,8,GA,Haralson County,5,0,0,0,0
2024,9,WV,Jefferson County,15,1,0,0,0
2024,9,TX,Gillespie County,25,0,0,0,0
2024,10,MI,Osceola County,80,0,0,0,0
2024,12,WA,Whitman County,25,0,0,0,0
2024,12,SD,Minnehaha County,15,0,0,0,0
2024,12,WI,Shawano County,5,0,0,0,0
2025,2,GA,Bartow County,1592,0,0,0,0
2025,2,SC,York County,1639,3,4,2,1
2025,2,CA,Stanislaus County,2325,0,0,0,0
2025,2,IN,Hancock County,795,0,0,0,0
2024,7,MO,Ste. Genevieve County,25,0,0,0,0
2024,8,OH,Clinton County,45,0,2,0,0
2024,9,WA,Whitman County,25,0,0,0,0
2024,9,KS,Dickinson County,90,0,0,0,0
2024,9,NC,Cumberland County,25,0,0,0,0
2024,12,OH,Putnam County,125,0,0,0,0
2025,2,AZ,Pinal County,861,2,1,0,0
2025,2,OR,Linn County,302,0,0,0,0
2025,2,IN,Tippecanoe County,1370,0,0,0,0
2025,2,OK,Wagoner County,535,0,0,0,0
2025,2,TX,Martin County,135,0,0,0,0
2025,2,VA,Norfolk city,420,0,0,3,0
2025,2,VA,Staunton city,555,0,0,0,0
2025,2,LA,Livingston Parish,725,0,0,0,0
2025,2,MO,St. Louis city,1069,1,5,1,1
2025,2,SC,Darlington County,180,0,0,0,0
2025,2,DC,District of Columbia,375,0,0,0,0
2025,2,WV,Preston County,97,0,0,0,0
2025,2,PA,Delaware County,55,0,0,0,0
2025,2,MN,Steele County,75,0,0,0,0
2025,2,OH,Mercer County,265,0,0,0,0
2025,2,KS,Geary County,380,0,0,0,0
2025,2,VA,Shenandoah County,130,0,0,0,0
2025,2,FL,Jefferson County,135,0,0,0,0
2025,2,GA,Glynn County,548,0,0,0,0
2025,3,GA,Harris County,150,0,0,0,0
2025,3,NE,Madison County,1069,2,3,0,1
2025,3,VA,Chesterfield County,1808,0,0,0,0
2025,3,GA,Fulton County,650,0,0,0,0
2025,3,MO,Platte County,344,0,0,0,0
2025,3,OK,Tulsa County,625,0,0,0,0
2025,3,KS,Wyandotte County,293,0,0,0,0
2025,3,NC,Buncombe County,138,0,0,0,0
2025,3,IA,Dallas County,45,0,0,0,0
2025,3,TN,Putnam County,317,0,0,0,0
2025,3,IN,Elkhart County,557,1,1,1,1
2025,3,IA,Sioux County,115,0,0,0,0
2025,3,MI,St. Joseph County,114,0,0,0,0
2025,3,TN,Greene County,90,0,0,0,0
2024,6,KS,Brown County,75,0,0,0,0
2024,7,NC,Orange County,30,0,0,0,0
2024,8,TX,Archer County,40,1,4,4,0
2024,8,NE,Madison County,20,0,0,0,0
2024,9,MN,Clay County,25,0,0,0,0
2025,1,AR,Miller County,60,0,0,0,0
2025,1,FL,Levy County,155,0,0,0,0
2025,2,WV,Wayne County,100,0,0,0,0
2025,3,PA,Crawford County,85,0,0,0,0
2025,3,IL,Ford County,35,0,0,0,0
2025,3,TN,Monroe County,140,0,0,0,0
2025,3,GA,Hall County,180,0,0,0,0
2025,3,NH,Merrimack County,137,11,0,0,5
2025,3,FL,Escambia County,75,0,0,0,0
2025,2,NM,Socorro County,55,0,0,0,0
2025,2,OR,Polk County,17,0,0,0,0
2024,10,IA,Monona County,10,0,0,0,0
2024,11,CO,Adams County,35,0,0,0,0
2024,12,CA,Humboldt County,45,0,0,0,0
2024,12,WA,Okanogan County,10,0,0,0,0
2024,8,CA,Humboldt County,45,0,0,0,0
2024,12,NE,Stanton County,15,0,0,0,0
2024,9,IL,Cumberland County,35,0,0,0,0
2024,12,LA,Morehouse Parish,5,0,0,0,0
2025,2,TX,Burleson County,150,0,0,0,0
2025,3,AL,DeKalb County,70,0,0,0,0
2025,3,MN,Murray County,40,0,0,0,0
2025,3,IN,LaPorte County,15,0,0,0,0
2025,2,TX,Waller County,26,0,0,0,0
2025,2,GA,Cook County,100,0,0,0,0
2025,2,GA,Worth County,180,0,0,0,0
2024,6,KS,Nemaha County,5,0,0,0,0
2024,11,NY,Cayuga County,15,0,0,0,0
2025,1,KS,Lyon County,25,0,0,0,0
2025,2,IA,Guthrie County,30,0,0,0,0
2025,3,OH,Morrow County,90,0,0,0,0
2024,7,TN,Cannon County,35,0,0,0,0
2024,7,WV,Cabell County,45,0,0,0,0
2024,6,GA,Emanuel County,5,0,0,0,0
2024,10,NJ,Morris County,5,0,0,0,0
2024,11,MN,Pine County,15,0,0,0,0
2024,9,KY,Caldwell County,35,0,0,0,0
2025,1,LA,Lafayette Parish,60,0,0,0,0
2024,11,TX,Hood County,10,0,0,0,0
2024,9,IA,Warren County,35,0,0,0,0
2024,9,AZ,Gila County,5,0,0,0,0
2024,10,TN,Lawrence County,40,0,0,0,0
2024,12,VA,Richmond city,5,0,0,0,0
2025,1,MO,Barry County,30,0,0,0,0
2024,6,NC,Montgomery County,5,0,0,0,0
2024,9,MS,Choctaw County,15,0,0,0,0
2024,6,MN,Isanti County,5,0,0,0,0
2025,1,VA,Cumberland County,45,0,0,0,0
2025,3,FL,Highlands County,144,0,0,0,0
2025,3,MS,Warren County,5,0,0,0,0
2025,3,OH,Wayne County,5,0,0,0,0
2025,3,KS,Saline County,30,0,0,0,0
2025,3,PA,Fulton County,40,0,0,0,0
2025,3,TX,Wood County,55,0,0,0,0
2025,2,LA,Orleans Parish,10,0,0,0,0
2025,2,TX,Franklin County,15,0,0,0,0
2025,3,MI,Otsego County,50,0,0,0,0
2025,3,VA,Stafford County,90,0,0,0,0
2025,3,TX,Gregg County,50,0,0,0,0
2025,1,NC,Yadkin County,10,0,0,0,0
2025,2,LA,Calcasieu Parish,81,0,0,0,0
2025,2,KY,Caldwell County,15,0,0,0,0
2025,2,WV,Lewis County,5,0,0,0,1
2025,2,NE,York County,5,0,0,0,0
2025,2,NE,Hooker County,6,0,0,0,0
2025,3,MO,Dallas County,25,0,0,0,0
2025,3,KS,Clay County,25,0,0,0,0
2024,10,ND,Grand Forks County,5,0,0,0,0
2024,11,TX,Runnels County,5,0,0,0,0
2025,1,WV,Cabell County,10,0,0,0,0
2025,2,IA,Delaware County,5,0,0,0,0
2025,3,MO,Livingston County,10,0,0,0,0
2024,8,CO,Logan County,5,0,0,0,0
2025,3,OK,Dewey County,30,0,2,0,0
2024,11,VA,Rappahannock County,128,0,0,0,0
2025,1,OK,Garfield County,5,0,0,0,0
2025,2,OK,Caddo County,45,0,0,0,0
2025,2,AR,Madison County,5,0,0,0,0
2025,3,KY,Graves County,25,0,0,0,0
2024,8,NY,Madison County,5,0,0,0,0
2025,2,OH,Seneca County,5,0,0,0,0
2024,6,CA,Los Angeles County,4431,0,2,1,0
2024,6,CA,Stanislaus County,3425,0,0,0,0
2024,6,MA,Essex County,477,8,17,37,0
2024,6,NC,Madison County,295,0,0,0,0
2024,6,OH,Trumbull County,1847,9,0,7,5
2024,6,TN,Blount County,1481,0,0,0,0
2024,6,TN,Madison County,2510,0,0,0,0
2024,6,TX,Collin County,8677,5,1,7,11
2024,6,MO,Taney County,1132,0,0,0,0
2024,6,NC,Guilford County,1874,2,0,0,0
2024,6,PA,Beaver County,680,0,0,0,0
2024,6,SC,York County,2522,0,0,0,0
2024,6,MI,Ingham County,350,0,0,0,0
2024,6,MN,Olmsted County,654,8,5,5,8
2024,6,AL,Elmore County,2355,4,6,3,6
2024,6,WI,Dane County,750,0,0,0,0
2024,6,SC,Dorchester County,1250,0,0,0,0
2024,6,NH,Coos County,287,1,0,0,0
2024,6,MO,Marion County,1225,0,0,0,0
2024,6,NC,Chatham County,840,0,0,0,0
2024,6,TN,Hawkins County,320,0,0,0,0
2024,6,NJ,Camden County,490,0,0,0,0
2024,7,AR,Lonoke County,1225,0,0,0,0
2024,7,FL,Lee County,6116,7,2,8,3
2024,7,NC,McDowell County,2790,0,0,0,0
2024,7,AR,Washington County,1330,0,0,0,0
2024,7,NM,Doña Ana County,75,0,0,0,0
2024,7,TN,Williamson County,6056,3,2,5,0
2024,7,TX,Atascosa County,80,0,0,0,0
2024,7,KY,Simpson County,423,1,0,0,0
2024,7,MS,Alcorn County,179,0,0,0,0
2024,7,MO,Cole County,570,0,0,1,0
2024,7,NC,Pender County,955,0,0,0,0
2024,7,SD,Hughes County,680,0,0,0,0
2024,7,PA,Mifflin County,655,0,0,0,0
2024,7,TN,McMinn County,1210,0,0,0,0
2024,7,KS,Butler County,425,0,0,0,0
2024,7,PA,Lehigh County,205,0,0,0,0
2024,7,NM,Sandoval County,130,0,0,0,0
2024,7,NJ,Gloucester County,674,0,0,0,0
2024,7,TN,Overton County,305,0,0,0,0
2024,8,CA,Riverside County,3523,1,0,5,2
2024,8,CO,Douglas County,655,0,0,0,0
2024,8,MN,Ramsey County,1400,0,0,0,0
2024,8,TN,Campbell County,85,0,0,0,0
2024,8,MO,Jasper County,910,0,0,0,0
2024,8,PA,Beaver County,611,0,0,0,0
2024,8,NY,Chenango County,135,0,0,0,0
2024,8,GA,Thomas County,505,0,0,1,0
2024,8,MO,Texas County,155,0,0,0,0
2024,8,NY,Kings County,290,20,0,4,2
2024,8,VA,Loudoun County,2410,2,0,1,1
2024,8,PA,Berks County,820,0,0,0,0
2024,8,MS,Choctaw County,30,0,0,0,0
2024,9,MN,Hennepin County,3877,23,9,15,4
2024,9,VA,Lynchburg city,1066,9,4,4,3
2024,9,TN,Greene County,889,0,0,0,0
2024,10,NY,Monroe County,510,0,0,0,0
2024,10,MO,Taney County,905,0,0,0,0
2024,10,IA,Sioux County,1020,0,0,0,0
2024,11,MI,Montcalm County,300,0,0,0,0
2024,12,GA,Columbia County,595,0,0,0,0
2025,1,NJ,Monmouth County,115,0,0,0,0
2024,6,TX,Fort Bend County,5572,3,1,2,2
2024,6,NC,Wilkes County,685,0,0,0,0
2024,6,MA,Middlesex County,526,0,0,0,0
2024,6,IN,Bartholomew County,480,0,0,0,0
2024,6,OR,Polk County,60,0,0,0,0
2024,7,KS,Johnson County,19286,38,55,37,11
2024,7,IN,Allen County,3060,1,0,0,1
2024,7,TX,Galveston County,2916,7,5,3,1
2024,7,MI,Jackson County,1115,0,0,0,0
2024,7,VA,Patrick County,245,0,0,0,0
2024,7,IL,Kane County,1307,29,25,0,1
2024,7,WI,St. Croix County,360,0,0,0,0
2024,7,WA,Lewis County,340,0,0,1,0
2024,7,FL,Citrus County,2173,36,5,32,52
2024,7,LA,Iberia Parish,160,0,0,0,0
2024,7,TN,Hamblen County,385,0,0,0,0
2024,7,SD,Lincoln County,130,0,0,0,0
2024,7,IL,De Witt County,54,0,0,0,0
2024,7,KY,Perry County,340,0,0,0,0
2024,7,WI,Pierce County,360,0,0,0,0
2024,7,OK,Payne County,115,0,0,0,0
2024,8,GA,Muscogee County,1831,25,20,17,12
2024,8,KY,Calloway County,266,0,0,0,0
2024,8,MO,St. Louis County,3829,4,2,2,0
2024,8,NH,Coos County,310,0,0,0,0
2024,8,NC,Rockingham County,429,0,0,0,0
2024,8,TX,Scurry County,80,0,0,0,0
2024,8,VA,James City County,235,0,0,0,0
2024,8,KY,Livingston County,105,0,0,0,0
2024,8,IN,Dearborn County,325,0,0,0,0
2024,8,DC,District of Columbia,1228,0,1,0,0
2024,8,MO,Jefferson County,1056,0,0,0,0
2024,8,TX,Orange County,1535,0,0,0,0
2024,8,KS,Sedgwick County,936,0,0,0,0
2024,8,CO,Arapahoe County,430,0,0,0,0
2024,8,PA,Monroe County,160,0,0,0,0
2024,9,VA,Frederick County,594,0,0,0,0
2024,9,LA,Catahoula Parish,150,0,0,0,0
2024,9,CA,Butte County,410,0,0,0,0
2024,9,GA,Bartow County,1980,0,1,1,0
2024,9,MS,Alcorn County,185,0,0,0,0
2024,9,OH,Putnam County,120,0,0,0,0
2024,9,TN,Montgomery County,1330,3,2,2,3
2024,9,WI,Kenosha County,145,0,0,0,0
2024,9,GA,Paulding County,370,0,0,0,0
2024,9,GA,Polk County,811,0,0,0,0
2024,9,IN,Posey County,265,0,0,0,0
2024,9,VA,Suffolk city,530,0,0,0,0
2024,9,MI,St. Joseph County,353,0,0,0,0
2024,9,IL,Kankakee County,127,6,0,0,2
2024,9,VT,Bennington County,190,0,0,0,0
2024,10,IN,Lake County,1047,2,1,0,0
2024,10,KY,Boyd County,215,0,0,0,0
2024,10,SC,Anderson County,300,0,0,0,0
2024,10,OH,Geauga County,280,0,0,0,0
2024,10,OK,Pittsburg County,1471,3,0,2,2
2024,10,OK,Tulsa County,3590,5,0,1,2
2024,10,TN,Greene County,958,0,0,0,0
2024,10,TN,Polk County,260,0,0,0,0
2024,10,TX,Fannin County,1001,2,0,0,1
2024,10,MO,Jackson County,6007,62,21,20,10
2024,10,MI,Van Buren County,585,0,0,0,0
2024,10,NY,Livingston County,225,0,0,0,0
2024,10,TN,DeKalb County,220,0,0,0,0
2024,10,TX,McLennan County,960,0,0,0,0
2024,9,HI,Hawaii County,295,0,0,0,0
2024,10,VA,Norfolk city,460,1,1,1,1
2024,10,IN,Franklin County,110,0,0,0,0
2024,10,MS,Jones County,140,0,0,0,0
2024,10,IA,Appanoose County,130,0,0,0,0
2024,11,MO,St. Louis County,2916,0,0,0,0
2024,11,OH,Medina County,511,0,0,0,0
2024,11,TN,Dyer County,405,0,0,0,0
2024,11,IA,Scott County,874,12,30,2,2
2024,11,IN,Tippecanoe County,1421,0,0,0,0
2024,11,MO,Randolph County,160,0,0,0,0
2024,11,VA,Roanoke city,863,0,0,2,0
2024,11,AR,Faulkner County,490,0,0,0,0
2024,12,IL,McHenry County,1141,0,0,2,0
2024,12,OH,Clermont County,800,2,3,1,0
2024,12,TX,Tarrant County,16227,104,106,103,101
2024,12,IN,Posey County,230,0,0,0,0
2024,12,AL,Lauderdale County,159,1,0,0,0
2024,12,MN,Cass County,220,0,1,0,0
2025,1,NC,Mecklenburg County,4756,1,4,6,0
2025,1,VA,Fairfax city,155,0,0,0,0
2025,1,NC,Nash County,2330,0,0,0,0
2025,1,TX,Bastrop County,1330,0,0,0,0
2025,1,IN,Hendricks County,1497,0,0,0,1
2025,1,MO,Franklin County,305,0,0,0,0
2025,1,ND,McLean County,90,0,0,0,0
2025,1,KY,Jessamine County,375,0,0,0,0
2025,1,MD,Somerset County,642,0,0,0,10
2025,1,MA,Worcester County,753,1,0,0,0
2025,1,WI,Eau Claire County,963,0,0,0,0
2025,1,MI,Midland County,105,0,0,0,0
2025,1,MI,Wexford County,285,0,0,0,0
2025,1,KY,Marshall County,765,0,0,0,0
2024,7,TN,Grainger County,340,0,0,0,0
2024,8,NC,Edgecombe County,350,0,0,0,0
2024,8,SC,Orangeburg County,365,0,0,0,0
2024,8,WI,Pierce County,341,1,2,1,0
2024,8,MD,Dorchester County,150,0,0,0,0
2024,8,FL,Hamilton County,85,0,0,0,0
2024,8,IL,McLean County,967,9,1,1,0
2024,9,CA,Tulare County,263,0,0,0,0
2024,9,FL,Marion County,2494,1,0,0,0
2024,9,KS,Greenwood County,76,0,0,0,0
2024,9,TX,Fayette County,70,0,0,0,0
2024,10,TX,Montgomery County,4617,1,7,0,1
2024,10,CA,San Luis Obispo County,820,0,0,0,0
2024,10,FL,Flagler County,623,0,0,0,0
2024,10,NJ,Bergen County,66,1,0,0,0
2024,10,ND,Mercer County,160,0,0,0,0
2024,10,LA,Allen Parish,160,0,0,0,0
2024,10,MO,Randolph County,160,0,0,0,0
2024,10,TX,Lampasas County,115,0,0,0,0
2024,11,FL,Brevard County,2210,1,2,15,2
2024,11,OH,Meigs County,975,0,0,0,0
2024,11,VA,Botetourt County,1171,0,1,0,0
2024,11,MO,Cass County,2007,0,0,0,0
2024,11,MO,Lafayette County,455,0,0,0,0
2024,11,KY,Warren County,1255,0,0,0,0
2024,11,OH,Stark County,1269,0,0,0,0
2024,11,CA,Butte County,375,0,0,0,0
2024,11,CA,San Joaquin County,345,0,0,0,0
2024,11,OH,Warren County,2413,1,1,1,2
2024,11,TN,Monroe County,735,0,0,0,0
2024,11,VA,Hampton city,746,0,0,2,0
2024,11,IL,Whiteside County,605,0,0,0,0
2024,11,KY,Logan County,220,0,0,0,0
2024,11,TX,Rockwall County,190,0,0,0,0
2024,11,VA,Amherst County,249,0,0,0,0
2024,11,MN,Dodge County,138,0,0,0,0
2024,11,MO,Caldwell County,270,0,0,0,0
2024,11,MI,Macomb County,585,0,0,0,0
2024,11,MO,St. Louis city,739,0,0,0,0
2024,12,OH,Licking County,366,0,0,0,0
2024,12,NJ,Camden County,535,0,0,0,0
2024,12,TX,Potter County,215,0,0,0,0
2024,12,IN,Dearborn County,285,0,0,0,0
2024,12,IN,Warrick County,1610,0,0,0,0
2024,12,TX,Chambers County,395,0,0,0,0
2024,12,WA,Clallam County,980,0,0,0,0
2024,12,IN,Wabash County,430,3,0,0,0
2024,12,IN,Pike County,125,0,0,0,0
2024,12,SC,Greenwood County,135,0,0,0,0
2025,1,IN,Dearborn County,335,0,0,0,0
2025,1,MI,St. Joseph County,593,0,0,0,0
2025,1,SC,Sumter County,245,0,0,0,0
2025,1,TX,Brazos County,1220,0,0,0,0
2025,1,VA,Loudoun County,2204,2,5,4,3
2025,1,TN,Rutherford County,4696,6,0,0,1
2025,1,FL,Pinellas County,2487,0,0,0,0
2025,1,IA,Sioux County,945,0,0,0,0
2025,1,FL,Collier County,575,0,0,0,0
2025,1,OR,Deschutes County,675,0,0,0,0
2025,1,NY,Broome County,180,0,0,0,0
2025,1,OH,Portage County,2130,0,0,0,0
2025,1,NC,Polk County,490,0,0,0,0
2025,1,VA,Manassas city,270,0,0,0,0
2025,1,CO,Mesa County,665,0,0,0,0
2025,1,GA,Chattooga County,270,0,0,0,0
2025,1,MD,Dorchester County,170,0,0,0,0
2025,1,IN,Clay County,155,0,0,0,0
2025,1,AZ,Yuma County,30,0,0,0,0
2024,8,FL,Nassau County,289,0,0,0,0
2024,11,FL,Polk County,2757,5,7,1,0
2024,11,OH,Summit County,400,0,0,0,0
2024,11,TX,Midland County,575,0,0,0,0
2024,12,OR,Clackamas County,3512,35,19,10,12
2024,12,MD,Somerset County,566,0,0,0,9
2025,1,MO,Lafayette County,435,0,0,0,0
2024,6,KS,Barton County,80,0,0,0,0
2024,6,IN,Dearborn County,320,0,0,0,0
2024,6,MI,Bay County,150,0,0,0,0
2024,7,FL,Columbia County,320,0,0,0,0
2024,7,TN,Lewis County,105,0,0,0,0
2024,7,NC,Carteret County,12,0,0,1,0
2024,7,TX,Midland County,445,0,0,0,0
2024,7,MN,Todd County,85,0,0,0,0
2024,8,MI,Gladwin County,290,0,0,0,0
2024,8,AL,Cherokee County,25,0,0,0,0
2024,8,MI,Antrim County,270,1,0,0,0
2024,8,VA,Page County,130,0,0,0,0
2024,9,FL,St. Lucie County,325,0,0,0,1
2024,9,GA,Chattooga County,140,0,0,0,0
2024,9,LA,Avoyelles Parish,110,0,0,0,0
2024,9,AL,Morgan County,350,0,0,0,0
2024,9,AL,Tuscaloosa County,280,0,0,0,0
2024,9,OH,Paulding County,105,0,0,0,0
2024,9,RI,Providence County,85,0,0,0,0
2024,9,TX,Moore County,60,0,0,0,0
2024,10,MS,Union County,160,0,0,0,0
2024,10,OK,Rogers County,171,0,0,0,0
2024,10,TX,Erath County,170,0,0,0,0
2024,10,KS,Butler County,250,0,0,0,0
2024,10,MO,Howard County,60,0,0,0,0
2024,10,PA,Clarion County,55,0,0,0,0
2024,10,CA,Humboldt County,60,0,0,0,1
2024,10,TN,Hickman County,145,0,0,0,0
2024,10,MD,Garrett County,20,0,0,0,0
2024,11,TN,Tipton County,1445,0,0,1,0
2024,11,ID,Kootenai County,524,0,0,0,0
2024,11,OH,Lawrence County,330,0,0,0,0
2024,11,KS,Finney County,230,0,0,0,0
2024,12,OR,Yamhill County,510,0,0,0,0
2024,12,NY,Ontario County,133,0,0,0,0
2024,12,TX,Lavaca County,480,0,0,0,0
2024,12,WA,Klickitat County,160,0,0,0,0
2024,12,ND,Benson County,45,0,0,0,0
2025,1,GA,Monroe County,269,0,0,0,0
2025,1,KS,Sedgwick County,980,0,0,0,0
2025,1,OH,Clinton County,45,0,0,0,0
2024,10,NC,Cumberland County,55,0,0,0,0
2024,11,TX,Caldwell County,50,0,0,0,0
2024,11,SD,Lincoln County,120,0,0,0,0
2025,1,TX,Fisher County,220,0,0,0,0
2024,6,GA,Gilmer County,145,0,0,0,0
2024,6,WI,Bayfield County,265,0,0,0,0
2024,6,TX,Haskell County,150,0,0,0,0
2024,7,KY,Garrard County,40,0,0,0,0
2024,7,NC,Mitchell County,120,0,0,0,0
2024,8,SC,Marion County,165,0,0,0,0
2024,8,MN,Pine County,10,0,0,0,0
2024,9,OK,Craig County,45,0,0,0,0
2024,9,KY,Perry County,335,0,0,0,0
2024,9,MI,Saginaw County,270,0,0,0,0
2024,9,TX,Wise County,360,0,0,0,0
2024,9,MO,Pike County,210,0,0,0,0
2024,9,OH,Wyandot County,300,0,0,0,0
2024,9,IN,Whitley County,130,0,0,0,0
2024,11,KY,Hopkins County,185,0,0,0,0
2024,12,VT,Washington County,15,0,0,0,0
2024,12,WV,Logan County,120,0,0,0,0
2025,1,MI,Livingston County,100,0,0,0,0
2025,2,FL,St. Johns County,4237,0,0,0,0
2024,6,MN,Mille Lacs County,15,0,0,0,0
2024,7,ND,Stark County,5,0,0,0,0
2024,8,MT,Park County,75,0,0,0,0
2024,8,MI,Bay County,130,0,0,0,0
2024,9,NY,Livingston County,145,0,0,0,0
2024,9,LA,Jackson Parish,125,0,0,0,0
2024,10,TX,Cooke County,30,0,0,0,0
2024,10,NY,Rockland County,90,0,0,0,0
2024,10,IN,Henry County,365,0,0,0,0
2024,12,WY,Lincoln County,5,0,0,0,0
2025,1,AK,Fairbanks North Star Borough,30,0,0,0,0
2025,1,CA,Humboldt County,65,0,0,0,0
2024,6,WI,Oneida County,55,0,0,0,0
2024,8,LA,West Baton Rouge Parish,25,0,0,0,0
2024,11,SD,Marshall County,10,0,0,0,0
2025,1,SC,Williamsburg County,10,0,0,0,0
2025,2,IL,Will County,2956,29,4,14,1
2025,2,IN,Boone County,430,0,0,0,0
2024,6,MN,Aitkin County,210,0,0,0,0
2024,6,LA,Jefferson Parish,215,0,0,0,0
2024,6,TX,Leon County,130,0,0,0,0
2024,6,MT,Stillwater County,102,0,0,0,0
2024,7,OH,Crawford County,140,0,0,0,0
2024,8,CO,Phillips County,55,0,0,0,0
2024,9,NY,Westchester County,70,0,0,0,0
2024,12,KY,Bourbon County,10,0,0,0,0
2025,2,MN,Ramsey County,1833,0,1,0,0
2025,2,WA,Benton County,185,0,0,0,0
2025,2,LA,Ouachita Parish,2620,0,0,0,0
2025,2,MI,Gratiot County,903,0,0,0,0
2025,2,GA,Cherokee County,1440,3,1,0,5
2025,2,IN,Porter County,532,0,0,0,0
2025,2,MS,Lauderdale County,325,0,0,0,0
2025,2,MO,Boone County,660,0,0,0,0
2025,2,NC,Alexander County,205,0,0,0,0
2025,2,NC,Randolph County,945,0,0,0,0
2025,2,NC,Richmond County,440,0,0,0,0
2025,2,SC,Florence County,235,0,0,0,0
2025,2,TN,Bedford County,1094,3,1,1,1
2025,2,TX,Castro County,1045,0,0,0,0
2025,2,TX,Harris County,8553,24,18,15,5
2025,2,MI,Genesee County,918,0,0,0,0
2025,2,GA,Camden County,1497,1,5,0,0
2025,2,MN,Morrison County,90,0,1,0,0
2025,2,GA,Walker County,320,0,0,0,0
2025,2,MI,Wayne County,682,0,0,13,1
2025,2,NC,Cleveland County,985,0,0,0,0
2025,2,GA,Thomas County,430,0,0,0,0
2025,2,TX,Tyler County,155,0,0,0,0
2025,2,MO,Dade County,136,0,0,0,0
2025,2,CA,Sacramento County,285,2,0,0,0
2025,2,NE,Merrick County,80,0,0,0,0
2025,2,NC,Wilkes County,165,0,0,0,0
2025,2,TX,Cameron County,140,0,0,0,0
2025,2,VA,Hopewell city,85,0,0,0,0
2025,3,AL,Jefferson County,1063,0,0,0,0
2025,3,AK,Anchorage Municipality,380,0,0,0,0
2025,3,FL,Indian River County,746,9,0,6,1
2025,3,FL,Pasco County,1055,5,0,0,0
2025,3,KY,Rockcastle County,192,0,0,0,0
2025,3,LA,Caddo Parish,420,0,0,0,0
2025,3,MO,St. Francois County,140,0,0,0,0
2025,3,MO,Scott County,55,0,0,0,0
2025,3,CA,Tulare County,35,0,0,0,0
2025,3,FL,Lake County,667,0,1,0,0
2025,3,OH,Licking County,214,3,1,0,0
2025,3,TN,McMinn County,195,0,0,0,0
2025,3,UT,Davis County,120,71,69,70,70
2025,3,VA,Franklin County,2385,0,0,1,0
2025,3,WI,Sheboygan County,370,0,0,0,0
2025,3,CA,Kern County,260,55,12,65,6
2025,3,NM,Bernalillo County,1076,0,0,0,0
2025,3,AL,Blount County,40,0,0,0,0
2025,3,CO,Gunnison County,5,0,0,0,0
2025,3,IN,Tippecanoe County,265,0,0,0,0
2025,3,KS,Jackson County,60,0,0,0,0
2025,3,VA,Alexandria city,80,0,0,0,0
2025,3,IN,Floyd County,110,0,0,0,0
2025,3,TX,Castro County,210,0,0,0,0
2025,3,ME,Penobscot County,40,0,0,0,0
2025,3,TN,Cheatham County,110,0,0,0,0
2025,2,FL,Flagler County,641,0,0,0,0
2025,3,FL,Sarasota County,575,1,0,0,0
2024,6,CA,El Dorado County,160,2,0,0,1
2024,7,MN,Stearns County,76,0,0,0,0
2024,8,NC,Warren County,30,0,0,0,0
2024,8,NC,Lenoir County,10,0,0,0,0
2024,10,NY,Ulster County,40,0,0,0,0
2024,11,OH,Pickaway County,3,2,1,1,1
2024,11,GA,Coffee County,15,0,0,0,0
2024,12,PA,Lawrence County,5,0,0,0,0
2025,1,NE,Polk County,13,0,0,0,0
2025,2,PA,Lackawanna County,545,0,0,0,0
2025,2,TN,Carter County,118,0,0,0,0
2025,2,VA,James City County,251,0,0,0,0
2025,3,CA,Butte County,80,0,0,0,0
2025,3,IN,Warrick County,265,0,0,0,0
2025,3,TN,Claiborne County,95,0,0,0,0
2025,3,TN,Morgan County,75,0,0,0,0
2025,3,IA,Marshall County,40,0,0,0,0
2025,3,AL,Etowah County,30,0,0,0,0
2025,3,GA,Barrow County,90,0,0,0,0
2025,3,KY,Mercer County,75,0,0,0,0
2025,3,NJ,Gloucester County,120,0,0,0,0
2025,3,OR,Jackson County,40,0,0,0,0
2025,3,SC,Florence County,270,0,0,0,0
2025,3,WI,Milwaukee County,60,0,0,0,0
2025,3,SC,Marion County,40,0,0,0,0
2025,2,MN,Martin County,64,3,10,10,1
2025,2,MO,Perry County,120,0,0,0,0
2025,1,VT,Windsor County,40,0,0,0,0
2025,1,GA,Early County,50,0,0,0,0
2025,2,TX,Archer County,20,0,0,0,0
2025,3,CO,Mesa County,105,0,0,0,0
2025,3,FL,Okaloosa County,109,0,0,0,0
2025,3,GA,Walker County,65,0,0,0,0
2024,7,TN,Unicoi County,5,0,0,0,0
2024,7,TX,Grimes County,15,0,0,0,0
2024,7,AZ,Santa Cruz County,115,0,0,0,0
2024,10,MN,Murray County,120,0,0,0,0
2024,10,AR,Greene County,10,0,0,0,0
2025,2,IN,Monroe County,40,0,0,0,0
2025,2,PA,Union County,260,0,0,0,0
2025,3,KY,Menifee County,40,0,0,0,0
2025,3,OH,Allen County,65,0,0,0,0
2024,6,NC,Warren County,15,0,0,0,0
2024,6,NC,Moore County,10,0,0,0,0
2024,8,AL,Blount County,20,0,0,0,0
2024,9,KS,Phillips County,5,0,0,0,0
2024,11,TX,Polk County,125,0,0,0,0
2024,7,CO,Boulder County,30,0,0,0,0
2024,8,OR,Columbia County,10,0,0,0,0
2024,9,IL,Coles County,10,0,0,0,0
2024,10,WA,Pend Oreille County,5,0,0,0,0
2024,11,WA,Pend Oreille County,10,0,0,0,0
2024,12,TX,Ector County,10,0,0,0,0
2025,2,AZ,Yuma County,40,0,0,0,0
2025,3,GA,Habersham County,30,0,0,0,0
2025,3,OH,Clinton County,40,0,0,0,0
2024,6,MD,Allegany County,5,0,0,0,0
2024,10,ID,Bonner County,0,0,0,1,0
2024,11,WI,Shawano County,20,0,0,0,0
2024,7,WV,Barbour County,5,0,0,0,0
2024,9,CO,Kit Carson County,55,0,0,0,0
2024,9,WI,Clark County,5,0,0,0,0
2024,9,VA,Fluvanna County,25,0,0,0,0
2024,10,VA,Essex County,5,0,0,0,0
2024,11,MI,St. Clair County,45,0,0,0,0
2024,6,PA,Clarion County,10,0,0,0,0
2024,9,MO,Camden County,5,0,0,0,0
2024,12,PA,Snyder County,5,0,0,0,0
2024,7,KY,Estill County,5,0,0,0,0
2024,10,FL,Taylor County,5,0,0,0,0
2024,10,ID,Gem County,10,0,0,0,0
2024,10,NC,Moore County,7,2,0,0,8
2024,12,KS,Logan County,1,0,0,0,0
2025,1,GA,Hart County,15,0,0,0,0
2025,3,AL,Chilton County,40,0,0,0,0
2025,3,GA,Rabun County,120,0,0,0,0
2025,3,WA,Chelan County,25,0,0,0,0
2024,6,TN,Lake County,5,0,0,0,0
2024,8,TN,Unicoi County,15,0,0,0,0
2024,9,CO,Lake County,10,0,0,0,0
2025,2,MN,Clay County,20,0,0,0,0
2024,6,SC,Hampton County,15,0,0,0,0
2024,9,TX,Hidalgo County,15,0,0,0,0
2024,6,NJ,Salem County,5,0,0,0,0
2024,8,TN,Macon County,25,0,0,0,0
2024,10,WV,Jefferson County,10,0,0,0,0
2024,12,MS,Yalobusha County,10,0,0,0,0
2025,1,VA,Sussex County,15,0,0,0,0
2025,3,KY,Simpson County,86,0,0,0,0
2025,3,GA,Pierce County,50,0,0,0,0
2024,6,OK,Atoka County,10,0,0,0,0
2025,3,VA,Petersburg city,5,0,0,0,0
2025,3,MN,Carlton County,10,0,0,0,0
2025,3,TX,El Paso County,25,0,0,0,0
2025,3,WV,Barbour County,5,0,0,0,0
2025,1,VA,Nottoway County,10,0,0,0,0
2024,10,AL,Colbert County,5,0,0,0,0
2024,12,IA,Pocahontas County,5,0,0,0,0
2025,3,RI,Providence County,5,0,0,0,0
2025,1,ME,Aroostook County,5,0,0,0,1
2025,1,MA,Dukes County,5,0,0,0,0
2025,3,PA,Butler County,10,0,0,0,0
2025,3,VA,Henry County,5,0,0,0,0
2025,2,MN,Pine County,10,0,0,0,0
2025,2,VA,Pulaski County,5,0,0,0,0
2025,2,WA,Pend Oreille County,10,0,0,0,0
2025,3,NC,Beaufort County,5,0,0,0,0
2025,3,MI,Delta County,5,0,0,0,0
2024,6,FL,Seminole County,15797,163,40,8,16
2024,6,FL,Sumter County,2233,0,0,0,0
2024,6,IL,McHenry County,1386,0,0,0,2
2024,6,IN,Clark County,325,32,1,6,8
2024,6,IA,Jasper County,81,0,0,0,0
2024,6,KY,Daviess County,1145,0,0,0,0
2024,6,SC,Berkeley County,1607,1,0,0,0
2024,6,TX,Denton County,4707,3,0,2,1
2024,6,TX,Fannin County,1175,6,5,7,0
2024,6,TX,Nueces County,370,0,0,0,0
2024,6,VA,Augusta County,2485,0,0,0,0
2024,6,CA,Ventura County,1085,0,0,0,1
2024,6,IN,LaPorte County,255,0,0,0,0
2024,6,OR,Linn County,364,0,0,0,0
2024,6,VA,Appomattox County,1795,0,0,0,0
2024,6,KY,Fayette County,1703,6,0,0,0
2024,6,MS,Tippah County,150,0,0,0,0
2024,6,VA,Frederick County,769,0,0,0,0
2024,6,NC,Nash County,2279,11,3,7,0
2024,6,IN,Floyd County,807,2,1,1,0
2024,6,SD,Grant County,70,0,0,0,0
2024,6,TX,Nolan County,100,0,0,0,0
2024,6,IN,Monroe County,115,0,0,0,0
2024,6,IA,Butler County,300,0,0,0,0
2024,6,GA,Spalding County,415,0,0,0,0
2024,6,PA,Warren County,290,0,0,0,0
2024,6,ND,Morton County,150,0,0,0,0
2024,7,FL,Santa Rosa County,1451,5,1,7,4
2024,7,MO,Greene County,2919,1,0,4,0
2024,7,OK,Tulsa County,4069,27,10,12,8
2024,7,TN,Tipton County,2034,0,0,0,0
2024,7,FL,Sumter County,2158,2,0,0,0
2024,7,IA,Appanoose County,150,0,0,0,0
2024,7,LA,Livingston Parish,1421,0,0,0,0
2024,7,MN,Ramsey County,1567,1,0,1,0
2024,7,IA,Monona County,10,0,0,0,0
2024,7,VA,Fairfax County,2762,0,0,0,0
2024,7,NC,Surry County,235,0,0,0,0
2024,7,NC,Pitt County,856,0,2,0,0
2024,7,TX,Nolan County,175,0,0,0,0
2024,7,NY,Kings County,300,0,0,0,0
2024,8,DE,Sussex County,340,0,0,0,0
2024,8,AL,Coosa County,155,0,0,0,0
2024,8,CO,Adams County,100,9,5,3,1
2024,8,MO,Boone County,634,2,1,2,2
2024,8,GA,Habersham County,130,0,0,0,0
2024,8,MN,McLeod County,165,0,0,0,0
2024,8,TX,Gonzales County,762,0,0,0,0
2024,8,TN,Cocke County,275,0,0,0,0
2024,8,VA,Goochland County,593,17,2,7,0
2024,9,VA,Fairfax County,2721,21,0,4,0
2024,9,TN,Morgan County,415,0,0,0,0
2024,9,MD,Baltimore city,260,0,0,0,0
2024,9,TN,Marshall County,545,0,0,0,0
2024,9,MN,Washington County,1308,19,17,4,4
2024,9,OH,Licking County,494,0,0,0,0
2024,10,VA,Chesapeake city,2470,41,49,66,8
2024,10,KS,Shawnee County,5889,4,0,4,0
2024,10,NC,Onslow County,411,0,0,0,0
2024,10,MO,Howell County,135,0,0,0,0
2024,10,ME,Waldo County,230,0,0,0,0
2025,1,TN,Greene County,712,0,0,0,0
2024,6,CA,Placer County,1255,4,1,3,0
2024,6,GA,Polk County,831,0,0,0,0
2024,6,MO,Lafayette County,550,19,0,0,0
2024,6,FL,Gadsden County,280,0,0,0,0
2024,6,NC,Hoke County,190,0,1,0,0
2024,7,TX,McLennan County,1001,0,0,0,0
2024,7,WA,King County,7050,4,11,3,2
2024,7,MD,Charles County,721,0,0,0,0
2024,7,PA,Philadelphia County,553,0,0,0,0
2024,7,OH,Meigs County,1040,0,0,0,0
2024,7,IA,Washington County,177,9,0,0,0
2024,7,CA,Solano County,120,0,0,0,0
2024,7,NE,Buffalo County,380,0,0,0,0
2024,7,OH,Mahoning County,250,0,0,0,0
2024,7,VA,New Kent County,350,0,0,0,0
2024,7,IL,Champaign County,175,0,0,0,0
2024,7,MN,Kittson County,115,0,0,0,0
2024,7,TN,Warren County,380,0,0,0,0
2024,7,NJ,Bergen County,88,1,0,1,0
2024,7,PA,Mercer County,320,0,0,0,0
2024,8,GA,Douglas County,2050,0,0,0,0
2024,8,MN,Anoka County,2186,16,10,8,5
2024,8,TN,Bedford County,1437,3,2,2,2
2024,8,TX,Travis County,14247,62,57,65,55
2024,8,IN,LaGrange County,73,3,0,0,1
2024,8,MO,St. Francois County,295,0,0,0,0
2024,8,TX,Cameron County,164,0,0,0,0
2024,8,MN,Washington County,403,1,0,0,0
2024,8,PA,Bradford County,425,0,0,0,0
2024,8,PA,Armstrong County,157,0,0,0,0
2024,8,SC,Cherokee County,1485,0,0,0,0
2024,8,AZ,Yuma County,150,0,0,0,0
2024,8,WI,Green Lake County,385,0,0,0,0
2024,8,FL,Collier County,570,0,0,0,0
2024,8,TN,Franklin County,135,0,0,0,0
2024,8,OK,Rogers County,285,2,0,0,0
2024,8,OK,Osage County,260,0,0,0,0
2024,9,OH,Butler County,1649,0,0,0,1
2024,9,KY,Campbell County,380,0,0,0,0
2024,9,AL,Calhoun County,1165,0,0,0,0
2024,9,AR,Pulaski County,1405,0,0,0,0
2024,9,KY,Warren County,1472,2,2,2,2
2024,9,LA,Livingston Parish,1262,0,0,0,0
2024,9,MD,Baltimore County,280,0,0,0,0
2024,9,MO,Harrison County,145,0,0,0,0
2024,9,NY,Jefferson County,1874,0,0,0,0
2024,9,TN,Hamblen County,295,0,0,0,0
2024,9,WI,Rock County,495,0,0,0,0
2024,9,MT,Broadwater County,90,0,0,0,0
2024,9,OH,Summit County,275,0,0,0,0
2024,10,FL,Leon County,3687,0,6,0,0
2024,10,WI,Sheboygan County,1615,0,4,0,0
2024,10,GA,Douglas County,1830,0,0,0,0
2024,10,MI,Wayne County,959,2,0,0,1
2024,10,MS,Tippah County,185,0,0,0,0
2024,10,MI,Washtenaw County,570,6,2,1,0
2024,10,MO,St. Louis County,3230,0,0,0,0
2024,10,PA,Montgomery County,2959,1,0,0,0
2024,10,KS,Pottawatomie County,150,0,0,0,0
2024,10,KS,Riley County,285,0,0,0,0
2024,10,IA,Johnson County,1683,2,0,0,0
2024,10,KY,Boyle County,330,0,0,0,0
2024,10,TN,Fayette County,749,0,0,0,0
2024,10,PA,Chester County,1450,16,0,1,0
2024,10,VA,Hopewell city,220,0,0,0,0
2024,10,WI,Walworth County,354,0,0,0,0
2024,10,SC,Pickens County,250,0,0,0,0
2024,10,MI,Eaton County,108,2,3,3,0
2024,10,IN,Gibson County,500,0,0,0,0
2024,10,WI,Winnebago County,165,0,0,0,0
2024,11,NC,Brunswick County,1435,0,0,0,0
2024,11,PA,Luzerne County,361,0,0,0,0
2024,11,VA,Fairfax County,2965,0,0,0,0
2024,11,AR,Saline County,925,0,0,0,0
2024,11,KY,Livingston County,70,0,0,0,0
2024,11,TN,Williamson County,4723,8,4,3,3
2024,11,FL,Marion County,2303,0,1,0,0
2024,11,VA,Manassas city,240,0,0,0,0
2024,11,VA,Roanoke County,3283,0,30,0,0
2024,11,WI,Marathon County,230,0,0,0,0
2024,11,CA,Santa Cruz County,180,0,0,0,0
2024,12,TN,Davidson County,3763,5,0,13,1
2024,12,VA,Bedford County,2115,2,0,0,0
2024,12,FL,Marion County,2303,2,3,2,0
2024,12,WI,Rock County,320,0,0,0,0
2024,12,CA,Siskiyou County,190,0,0,0,0
2024,12,TN,Hardeman County,605,0,0,0,0
2024,12,VA,Tazewell County,1200,0,0,0,0
2024,12,MI,Washtenaw County,566,1,0,0,0
2024,12,OK,Comanche County,385,0,0,0,0
2024,12,VA,Stafford County,847,0,0,0,0
2025,1,OH,Warren County,2376,0,0,0,0
2025,1,GA,Cobb County,3066,1,2,1,0
2025,1,PA,Lancaster County,1129,2,0,2,0
2025,1,TN,Benton County,295,0,0,0,0
2024,7,AL,Houston County,1527,0,0,0,0
2024,7,IL,Montgomery County,270,0,0,0,0
2024,7,MI,Kalamazoo County,1488,0,0,0,0
2024,7,MO,Howell County,145,0,0,0,0
2024,7,OH,Ashland County,695,0,0,0,0
2024,7,TN,Dickson County,301,0,0,0,0
2024,8,FL,Palm Beach County,296,3,2,1,1
2024,8,AR,Pope County,106,0,0,0,0
2024,8,AL,Chambers County,60,0,0,0,0
2024,8,MA,Middlesex County,451,2,2,4,0
2024,9,SC,Charleston County,2609,0,0,0,0
2024,9,TX,Martin County,125,0,0,0,0
2024,9,FL,Levy County,120,0,0,0,0
2024,9,SC,Lancaster County,813,0,0,0,0
2024,9,VA,Alexandria city,1914,0,0,0,0
2024,9,ND,Ward County,316,1,0,1,7
2024,9,PA,Lebanon County,395,0,0,0,0
2024,10,MT,Yellowstone County,590,0,0,0,0
2024,10,TN,Loudon County,1124,0,0,0,0
2024,10,MD,St. Mary's County,209,0,0,0,0
2024,10,TX,Harrison County,780,0,0,0,0
2024,10,MI,Gogebic County,295,0,0,0,0
2024,10,PA,Mifflin County,541,0,0,0,0
2024,9,MS,Madison County,2333,0,0,0,0
2024,10,VA,Lunenburg County,70,0,0,0,0
2024,10,IA,Scott County,1229,1,0,0,0
2024,10,WI,Rock County,505,2,1,0,0
2024,10,PA,Monroe County,145,0,0,0,0
2024,10,KY,Anderson County,225,0,0,0,0
2024,11,HI,Honolulu County,2190,100,128,113,37
2024,11,NC,McDowell County,2025,0,0,0,0
2024,11,NC,New Hanover County,1621,1,0,0,0
2024,11,OH,Fulton County,380,0,0,0,0
2024,11,OH,Hamilton County,3525,4,1,1,1
2024,11,IN,Vanderburgh County,3463,0,0,0,0
2024,11,AL,Walker County,190,0,0,0,0
2024,11,OR,Klamath County,200,0,0,0,0
2024,11,TX,Bastrop County,1220,0,0,0,0
2024,11,TX,Wood County,217,0,0,0,0
2024,11,MO,Jackson County,6253,6,1,4,0
2024,11,TN,Loudon County,1065,0,0,0,0
2024,11,IN,Grant County,245,0,0,0,0
2024,11,LA,Allen Parish,145,0,0,0,0
2024,11,IL,Iroquois County,20,0,0,0,0
2024,11,TN,Obion County,510,0,0,0,0
2024,11,WI,Eau Claire County,815,21,9,7,0
2024,11,NY,Cortland County,95,0,0,0,0
2024,12,NC,Mecklenburg County,4519,9,2,15,4
2024,11,NE,Otoe County,330,0,0,0,0
2024,11,TN,Chester County,145,0,0,0,0
2024,11,PA,Westmoreland County,375,0,0,0,0
2024,12,TX,Taylor County,14005,11,1,13,5
2024,12,TN,Rutherford County,4332,0,0,0,0
2024,12,TN,Hamblen County,195,0,0,0,0
2024,12,GA,Lee County,510,0,0,0,0
2024,12,OH,Union County,855,0,0,0,0
2024,12,TN,Bedford County,1166,1,0,2,1
2024,12,TX,Parker County,283,0,0,0,0
2024,12,IN,Hancock County,940,0,0,0,0
2024,12,GA,Colquitt County,220,0,0,0,0
2024,12,MD,Charles County,796,0,0,0,0
2024,12,TX,Walker County,155,0,0,0,0
2024,12,ND,McLean County,120,4,3,3,3
2024,12,TN,Hardin County,305,0,0,0,0
2025,1,GA,Gwinnett County,7880,12,7,8,5
2025,1,NC,Rutherford County,1316,7,1,0,0
2025,1,MI,Saginaw County,1365,1,32,1,0
2025,1,TN,Gibson County,2305,0,0,0,0
2025,1,VA,Albemarle County,330,0,0,0,0
2024,9,OR,Josephine County,226,0,0,0,0
2024,10,IN,Warrick County,1650,1,0,0,0
2024,10,ND,Cass County,391,0,0,0,0
2024,10,SC,Darlington County,155,0,0,0,0
2024,11,TN,Hickman County,196,0,2,0,0
2024,11,TN,Sullivan County,1738,1,0,0,0
2024,11,IL,Stephenson County,582,13,3,1,11
2024,12,NC,Wilkes County,190,0,0,0,0
2024,12,CA,Tehama County,30,0,0,0,0
2024,12,AL,Lee County,1940,0,0,0,0
2024,6,OH,Vinton County,75,0,0,0,0
2024,6,PA,Mercer County,316,0,0,0,0
2024,6,TN,Lincoln County,135,0,0,0,0
2024,6,OR,Jackson County,225,0,0,0,0
2024,6,MS,Copiah County,90,0,0,0,0
2024,6,MT,Park County,40,0,0,0,0
2024,7,NC,Polk County,475,0,0,0,0
2024,7,NC,Sampson County,165,0,0,0,0
2024,7,MI,Oceana County,90,0,0,0,0
2024,7,MS,Union County,165,0,0,0,0
2024,7,GA,Laurens County,125,0,0,0,0
2024,7,IL,Fulton County,260,0,0,0,0
2024,8,VA,Fairfax city,145,0,0,0,0
2024,8,FL,Baker County,275,0,0,0,0
2024,8,OK,Mayes County,45,9,2,5,0
2024,8,VA,Madison County,145,0,0,0,0
2024,9,MS,Itawamba County,150,0,0,0,0
2024,9,PA,Somerset County,235,0,0,0,0
2024,9,TX,Tom Green County,535,1,0,0,0
2024,9,TX,Walker County,165,0,0,0,0
2024,9,MI,Ionia County,150,0,0,0,0
2024,9,KY,Shelby County,755,0,0,0,0
2024,9,VT,Windsor County,30,0,0,0,0
2024,9,VA,Charlotte County,1190,2,1,0,0
2024,9,TN,Benton County,260,0,0,0,0
2024,9,KS,Clay County,150,0,0,0,0
2024,9,ID,Canyon County,55,0,0,0,0
2024,9,KS,Seward County,160,0,0,0,0
2024,10,LA,De Soto Parish,180,0,0,0,0
2024,10,MO,Ste. Genevieve County,232,0,0,0,0
2024,10,MN,Steele County,80,0,0,0,0
2024,10,CO,Summit County,120,0,0,0,0
2024,11,NC,Cabarrus County,1314,2,1,1,2
2024,11,IL,Kendall County,25,0,0,0,0
2024,11,CT,Tolland County,100,0,0,0,0
2024,11,LA,Webster Parish,270,0,0,0,0
2024,12,SD,Davison County,275,0,0,0,0
2024,12,AR,Clay County,105,0,0,0,0
2024,12,FL,Bradford County,160,0,0,0,0
2024,12,IN,Johnson County,205,0,0,0,0
2024,12,MI,Montcalm County,346,0,0,0,0
2024,12,IL,Iroquois County,20,0,0,0,0
2025,1,FL,St. Lucie County,504,0,0,0,0
2025,1,IL,Effingham County,95,1,0,1,0
2025,1,IL,Lee County,390,0,0,0,0
2024,9,LA,Natchitoches Parish,195,0,0,0,0
2024,12,TX,Garza County,10,0,0,0,0
2024,6,NY,Lewis County,30,0,0,0,0
2024,7,SD,Pennington County,25,0,0,0,0
2024,7,NH,Rockingham County,155,0,0,0,0
2024,8,GA,Richmond County,20,0,0,0,0
2024,8,IN,Whitley County,160,0,0,0,0
2024,9,MS,Pearl River County,10,0,0,0,0
2024,9,OH,Vinton County,90,0,0,0,0
2024,9,SC,Marion County,155,0,0,0,0
2024,9,TX,Kendall County,90,0,0,0,0
2024,10,KS,Lyon County,125,0,0,0,0
2024,10,MI,Mecosta County,110,0,0,0,0
2024,10,NE,Sherman County,5,0,0,0,0
2024,11,IN,Dubois County,10,3,0,0,0
2024,11,MN,Mille Lacs County,5,0,0,0,0
2024,11,TN,Sequatchie County,245,0,0,0,0
2024,12,IL,Livingston County,89,0,0,0,0
2024,12,VA,Portsmouth city,290,0,0,0,0
2024,12,IN,Franklin County,115,0,0,0,0
2025,1,FL,Monroe County,30,15,6,1,2
2025,1,ID,Lemhi County,300,0,0,0,0
2025,1,KY,Nelson County,1705,0,0,0,0
2025,1,NJ,Ocean County,3010,0,0,0,0
2025,1,SD,Hughes County,495,0,0,0,0
2025,1,TN,Anderson County,580,0,0,0,0
2025,1,VA,Fauquier County,236,0,0,0,0
2025,1,VA,Washington County,1105,0,0,0,0
2025,1,FL,Liberty County,245,1,0,1,0
2025,1,IL,Woodford County,115,0,0,0,0
2025,1,VA,Shenandoah County,235,0,0,0,0
2024,8,VA,Greene County,115,0,0,0,0
2024,8,MD,Garrett County,25,0,0,0,0
2024,8,NY,Rockland County,130,0,0,0,0
2024,9,ME,Waldo County,151,0,0,0,0
2024,9,MD,Dorchester County,175,0,0,0,0
2024,10,FL,Calhoun County,50,0,0,0,0
2024,10,IA,Black Hawk County,10,0,0,0,0
2024,11,NC,Granville County,355,0,0,0,0
2024,11,KS,Barton County,125,0,0,0,0
2024,12,IL,Jefferson County,35,0,0,0,0
2024,12,PA,Lebanon County,245,6,0,1,2
2025,1,NC,Johnston County,590,0,0,0,0
2025,1,NC,Rockingham County,345,0,0,0,0
2025,1,OR,Jackson County,245,0,0,0,0
2025,1,VA,Powhatan County,715,0,0,1,0
2025,1,TN,Sevier County,1510,1,0,0,0
2025,1,GA,Brooks County,320,0,0,0,0
2025,1,GA,Fayette County,930,0,0,0,0
2025,1,MI,Gladwin County,238,0,0,0,0
2024,6,WI,Racine County,145,0,0,0,0
2024,6,AZ,Santa Cruz County,125,0,0,0,0
2024,7,MO,Iron County,5,0,0,0,0
2024,7,CO,Kit Carson County,45,0,0,0,0
2024,8,VA,Floyd County,60,0,0,0,0
2024,8,KS,Coffey County,30,0,0,0,0
2024,9,OH,Shelby County,115,0,0,0,0
2024,10,GA,Grady County,91,0,0,0,0
2024,10,TX,Franklin County,30,0,0,0,0
2024,11,IN,Noble County,80,0,0,0,0
2024,11,NC,Macon County,55,0,0,0,0
2024,6,NC,Avery County,155,0,0,0,0
2024,6,VA,Cumberland County,40,0,0,0,0
2024,7,WY,Campbell County,30,0,0,0,0
2024,7,IL,Clark County,65,0,0,0,0
2024,9,MI,Clinton County,10,0,0,0,0
2024,10,IL,Logan County,55,0,0,0,0
2024,10,MO,Newton County,65,0,0,0,0
2024,10,OK,Texas County,10,0,0,0,0
2024,11,MO,Carroll County,145,0,0,0,0
2024,11,TN,Lawrence County,65,0,0,0,0
2024,11,IL,Saline County,60,0,0,0,0
2024,12,WI,Winnebago County,50,0,0,0,0
2024,12,TX,Schleicher County,55,0,0,0,0
2025,1,MI,Gogebic County,375,0,0,0,0
2025,1,TX,Jones County,351,0,0,0,0
2025,1,VA,Staunton city,685,0,0,0,0
2025,1,MS,Harrison County,180,0,0,0,0
2025,1,WA,Benton County,215,0,0,0,0
2025,1,NC,Rowan County,975,0,0,0,0
2025,1,TN,Wayne County,118,0,0,0,0
2025,1,KY,Harlan County,55,0,0,0,0
2025,1,TX,Navarro County,80,0,0,0,0
2025,2,VA,Prince William County,2895,2,0,0,0
2025,2,IL,Kane County,896,0,0,0,0
2025,2,NY,Niagara County,385,0,0,0,0
2025,2,NC,Pender County,895,0,0,0,0
2025,2,TX,Kaufman County,1089,0,0,0,0
2025,2,IL,Moultrie County,106,0,0,0,0
2025,2,AR,Sebastian County,518,0,0,0,0
2025,2,IA,Warren County,292,3,0,0,0
2025,2,AR,Craighead County,675,0,0,0,0
2025,2,GA,Polk County,591,0,0,0,0
2025,2,MI,Van Buren County,505,0,0,0,0
2025,2,OK,Rogers County,145,0,0,0,0
2025,2,TN,Tipton County,1304,0,0,0,3
2025,2,SC,Horry County,1735,1,1,1,1
2025,2,AR,Benton County,2113,1,0,0,0
2025,2,OH,Lucas County,1951,2,0,1,0
2025,2,VA,King George County,440,0,0,0,0
2025,2,KY,Pulaski County,420,0,0,0,0
2025,2,AL,Lauderdale County,155,1,0,1,1
2025,2,LA,West Feliciana Parish,280,0,0,0,0
2025,2,FL,Palm Beach County,502,6,2,1,1
2025,2,WA,Snohomish County,1228,0,0,0,0
2025,2,FL,Manatee County,828,0,0,0,0
2025,2,NY,Yates County,135,0,0,0,0
2025,2,OH,Belmont County,170,0,0,0,0
2025,2,SC,Newberry County,180,0,0,0,0
2025,2,TN,Hardin County,270,0,0,0,0
2025,2,DE,Sussex County,481,0,0,0,0
2025,2,GA,Lee County,573,0,0,0,0
2025,2,KS,Clay County,110,0,0,0,0
2025,2,VA,Grayson County,240,0,0,0,0
2025,2,VA,Bristol city,275,0,0,0,0
2025,2,MO,Harrison County,135,0,0,0,0
2025,3,FL,Leon County,640,0,0,0,0
2025,3,GA,Gwinnett County,1228,2,3,0,0
2025,3,OR,Multnomah County,200,0,0,0,0
2025,3,TX,Harris County,1655,1,1,0,1
2025,3,VA,Botetourt County,225,0,0,0,0
2025,3,KY,Nelson County,345,0,0,0,0
2025,3,MN,Anoka County,654,2,1,19,0
2025,3,TX,Johnson County,270,0,0,0,0
2025,3,NC,Mecklenburg County,883,0,0,0,0
2025,3,OH,Mahoning County,40,0,0,0,0
2025,3,SC,Greenville County,709,2,2,0,0
2025,3,TX,Ellis County,432,0,0,0,0
2025,3,WA,Snohomish County,225,4,0,0,0
2025,3,GA,DeKalb County,266,1,1,1,1
2025,3,IN,St. Joseph County,156,0,0,0,0
2025,3,MI,Mecosta County,10,0,0,0,0
2025,2,OH,Ashland County,525,0,0,0,0
2024,10,AL,Hale County,19,0,0,0,0
2024,10,KS,Greenwood County,40,0,0,0,0
2024,10,AL,Jackson County,15,0,0,0,0
2024,11,MN,Faribault County,50,0,0,0,0
2025,1,IA,Butler County,380,0,0,0,0
2025,1,IL,Piatt County,140,0,0,0,0
2025,1,OH,Fulton County,390,0,0,0,0
2025,1,AZ,Santa Cruz County,110,0,0,0,0
2025,1,NC,Halifax County,160,0,0,0,0
2025,2,GA,Chattooga County,215,0,0,0,0
2025,2,MI,Isabella County,160,0,0,0,0
2025,2,MS,Calhoun County,20,0,0,0,0
2025,2,GA,Hart County,35,0,0,0,0
2025,3,AZ,Pinal County,179,0,0,0,0
2025,3,KY,Boyd County,30,0,0,0,0
2025,3,MS,Leflore County,20,0,0,0,0
2025,3,VA,Clarke County,20,0,0,0,0
2025,3,IN,Grant County,51,0,0,0,0
2025,3,WI,Grant County,15,0,0,0,0
2025,3,WI,Kenosha County,30,0,0,0,0
2025,1,NY,New York County,150,0,0,0,0
2025,1,FL,Calhoun County,30,0,0,0,0
2025,2,TN,Polk County,115,0,0,0,0
2025,2,MN,Todd County,75,0,0,0,0
2025,2,ND,McKenzie County,100,0,0,0,0
2025,2,WI,Winnebago County,60,0,0,0,0
2025,2,VA,Henry County,47,0,0,0,0
2025,1,AL,Jackson County,10,0,0,0,0
2025,3,MO,Dade County,35,0,0,0,0
2025,3,MO,Lafayette County,50,0,0,0,0
2025,3,MO,Pettis County,30,0,0,0,0
2025,3,NC,Edgecombe County,75,0,0,0,0
2024,6,UT,Davis County,26,1,0,1,0
2024,7,MI,Monroe County,90,0,0,0,0
2024,8,TN,Lake County,10,0,0,0,0
2024,11,OH,Auglaize County,6,0,0,0,0
2025,1,NC,Macon County,65,0,0,0,0
2024,6,AL,Autauga County,30,0,0,0,0
2024,7,KS,Wabaunsee County,30,0,0,0,0
2024,10,FL,Franklin County,15,0,0,0,0
2025,2,IN,Whitley County,145,0,0,0,0
2025,3,MS,Scott County,30,0,0,0,0
2025,3,VA,Charlotte County,150,0,0,0,0
2024,12,IN,Tipton County,15,0,0,0,0
2024,12,WI,Taylor County,5,0,0,0,0
2024,10,NC,Caswell County,10,0,0,0,0
2024,12,CT,Hartford County,145,5,3,4,3
2024,9,NE,Cass County,5,0,0,0,0
2024,11,CA,Inyo County,25,0,0,0,0
2024,9,MS,Tishomingo County,5,0,0,0,0
2024,10,NC,Yadkin County,25,0,0,0,0
2024,12,WV,Wayne County,30,0,0,0,0
2024,12,PA,Perry County,5,0,0,0,0
2024,9,TX,Brown County,5,0,0,0,0
2024,10,WI,Shawano County,15,0,0,0,0
2025,1,TX,Gillespie County,10,0,0,0,0
2025,3,AR,Ouachita County,70,0,0,0,0
2025,3,OH,Scioto County,120,0,0,0,0
2025,3,MO,Johnson County,10,0,0,0,0
2025,3,NY,Herkimer County,28,0,0,0,0
2024,9,OR,Union County,5,0,0,0,0
2025,3,AR,Crittenden County,25,0,0,0,0
2024,7,TX,Bosque County,5,0,0,0,0
2024,9,LA,St. John the Baptist Parish,5,0,0,0,0
2025,1,TN,Macon County,145,0,0,0,0
2025,3,MT,Stillwater County,30,0,0,0,0
2024,8,PA,Susquehanna County,10,0,0,0,0
2024,9,MS,Webster County,1,1,1,0,0
2024,8,KS,Cowley County,5,0,0,0,0
2025,1,NE,Kearney County,10,0,0,0,0
2024,6,WV,Lincoln County,10,0,0,0,0
2024,7,TX,Uvalde County,6,1,0,1,0
2024,10,NE,Burt County,5,0,0,0,0
2025,3,LA,Lincoln Parish,80,0,0,0,0
2025,1,HI,Maui County,10,0,0,0,0
2025,1,GA,Dodge County,5,0,0,0,0
2025,2,NH,Grafton County,35,0,0,0,0
2025,3,SC,Bamberg County,35,0,0,0,0
2025,3,WI,Green County,5,0,0,0,0
2025,1,OH,Gallia County,2,0,0,0,0
2025,2,VA,Richmond city,5,0,0,0,0
2025,3,PA,Lehigh County,10,0,0,0,0
2025,3,VA,Halifax County,5,0,0,0,0
2025,1,KY,Estill County,5,0,0,0,0
2024,12,MS,Bolivar County,5,0,0,0,0
2025,3,OH,Fayette County,5,0,0,0,0
2025,2,WI,Oconto County,5,0,0,0,0
2025,2,WV,Jefferson County,5,0,0,0,0
2025,3,IN,Marshall County,6,0,0,0,0
2025,3,NM,Lincoln County,5,0,0,0,0
2024,6,AK,Anchorage Municipality,2445,2,0,3,0
2024,6,FL,Citrus County,2356,1,2,4,0
2024,6,CA,Orange County,2050,0,0,0,0
2024,6,FL,Washington County,10,0,0,0,0
2024,6,GA,Catoosa County,1694,34,5,9,0
2024,6,IN,Warrick County,2015,0,0,0,0
2024,6,IA,Washington County,177,0,0,0,0
2024,6,KY,Boyle County,585,0,0,0,0
2024,6,LA,Livingston Parish,1621,0,0,1,0
2024,6,NC,Halifax County,145,0,0,0,0
2024,6,NC,Hertford County,445,0,0,0,0
2024,6,TN,Davidson County,3999,12,0,1,0
2024,6,TN,Loudon County,1235,4,0,0,2
2024,6,TX,Bell County,1376,0,0,0,0
2024,6,WV,Mingo County,15,0,0,0,0
2024,6,CA,Riverside County,3723,39,9,25,8
2024,6,TX,Parker County,225,0,0,0,0
2024,6,GA,Butts County,165,0,0,0,0
2024,6,LA,East Baton Rouge Parish,305,0,0,0,0
2024,6,MD,Talbot County,275,0,0,0,0
2024,6,TX,Comal County,1178,13,2,12,10
2024,6,TX,Gregg County,325,0,0,0,0
2024,6,SD,Douglas County,100,0,0,0,0
2024,6,OH,Champaign County,200,0,0,0,0
2024,6,TN,Chester County,160,0,0,0,0
2024,6,IL,Pope County,90,0,0,0,0
2024,7,AZ,Maricopa County,5327,11,10,7,1
2024,7,KY,Logan County,415,0,0,0,0
2024,7,VA,Prince George County,1090,0,0,0,0
2024,7,CO,Summit County,100,0,0,0,0
2024,7,IL,Lake County,1090,9,0,10,0
2024,7,IL,Morgan County,975,0,0,0,0
2024,7,VA,Botetourt County,1371,0,0,0,0
2024,7,WI,Sheboygan County,1815,0,0,0,0
2024,7,TN,Lincoln County,120,0,0,0,0
2024,7,NC,Stokes County,420,0,0,0,0
2024,7,GA,Walker County,474,0,0,0,0
2024,7,WI,Walworth County,655,0,0,0,0
2024,7,IN,Porter County,310,0,0,0,0
2024,7,IN,Posey County,280,0,0,0,0
2024,7,PA,Westmoreland County,271,0,0,1,0
2024,7,IN,Johnson County,230,0,0,0,0
2024,7,TX,Rockwall County,404,2,2,13,6
2024,8,KY,Kenton County,210,2,0,1,0
2024,8,NY,Livingston County,210,0,0,0,0
2024,8,OH,Portage County,2354,12,5,21,12
2024,8,FL,Monroe County,64,2,0,0,0
2024,8,IN,Grant County,324,2,0,1,0
2024,8,SD,Day County,145,0,0,0,0
2024,9,PA,Dauphin County,1290,0,0,0,0
2024,10,TN,Anderson County,575,0,0,0,0
2024,10,MI,Berrien County,685,0,0,0,0
2024,10,KY,Oldham County,170,0,0,0,0
2024,10,CA,Los Angeles County,3785,37,37,27,27
2024,10,ND,Mountrail County,30,0,0,0,0
2024,10,OH,Mercer County,310,0,1,0,1
2024,12,MD,Calvert County,1390,0,0,0,0
2024,12,ID,Kootenai County,500,0,0,0,0
2025,1,TX,Montgomery County,5538,1,1,0,1
2025,1,WA,Clark County,1115,0,0,0,0
2024,6,OK,Kay County,730,0,0,0,0
2024,6,VA,Stafford County,707,0,1,0,0
2024,6,SC,Pickens County,416,2,3,0,1
2024,6,TX,Gonzales County,540,0,0,0,0
2024,6,FL,St. Lucie County,340,0,0,0,0
2024,6,NH,Hillsborough County,490,0,0,0,0
2024,6,NJ,Bergen County,145,0,0,0,0
2024,7,IL,Woodford County,150,1,0,0,0
2024,7,WA,Whatcom County,2065,2,0,0,0
2024,7,LA,Richland Parish,620,0,0,0,0
2024,7,VA,Grayson County,285,0,0,0,0
2024,7,IN,Hamilton County,1338,8,0,13,0
2024,7,VA,Tazewell County,1335,0,0,0,0
2024,7,KS,Finney County,360,0,0,0,0
2024,7,IN,Gibson County,525,0,0,0,0
2024,7,LA,Allen Parish,155,0,0,0,0
2024,7,NY,Richmond County,125,0,0,0,0
2024,7,OH,Shelby County,210,1,0,0,0
2024,7,IN,Clark County,265,0,0,0,0
2024,7,MS,Prentiss County,249,15,0,36,0
2024,8,IN,Hamilton County,1138,1,2,0,0
2024,8,IN,Howard County,615,0,0,0,0
2024,8,MN,Big Stone County,105,0,0,0,0
2024,8,MN,Olmsted County,486,1,0,1,1
2024,8,PA,Montgomery County,3170,0,2,1,0
2024,8,TX,Bell County,1363,1,1,2,0
2024,8,TN,Dyer County,330,0,0,0,0
2024,8,FL,Alachua County,835,0,0,0,0
2024,8,GA,Butts County,170,0,0,0,0
2024,8,OK,Cleveland County,1470,69,3,5,0
2024,8,LA,Ascension Parish,345,4,1,0,2
2024,8,MD,Talbot County,240,0,0,0,0
2024,8,FL,Escambia County,586,0,0,1,0
2024,9,FL,St. Johns County,3928,3,7,3,2
2024,9,GA,Irwin County,235,0,0,0,0
2024,9,MN,Aitkin County,230,0,0,0,0
2024,9,IL,Crawford County,145,0,0,0,0
2024,9,FL,Brevard County,2446,8,1,12,2
2024,9,MO,St. Louis city,602,2,2,3,1
2024,9,TN,Henderson County,565,0,0,0,0
2024,9,WI,Green Lake County,330,0,0,0,0
2024,9,FL,Manatee County,1680,32,6,17,7
2024,9,IN,Marshall County,25,0,0,0,0
2024,10,GA,Floyd County,3845,0,0,0,0
2024,10,MO,Christian County,1477,8,2,2,2
2024,10,AR,Conway County,60,48,37,105,41
2024,10,AR,Lonoke County,1205,0,0,0,1
2024,10,WA,Cowlitz County,966,0,0,1,0
2024,10,OH,Warren County,2327,0,0,0,0
2024,10,IL,McLean County,770,0,0,0,0
2024,10,MD,Washington County,311,0,0,0,0
2024,10,PA,Clearfield County,480,1,0,1,0
2024,9,TN,Davidson County,3740,4,0,2,1
2024,10,KY,Campbell County,395,0,0,0,0
2024,10,OH,Harrison County,20,0,0,0,0
2024,10,WV,Logan County,105,0,0,0,0
2024,10,MI,Muskegon County,282,2,1,1,4
2024,10,WI,Chippewa County,125,0,0,0,0
2024,10,AL,Chilton County,220,0,0,0,0
2024,11,AZ,Santa Cruz County,105,0,0,0,0
2024,11,SC,Horry County,2138,2,1,1,0
2024,11,SC,Union County,73,0,0,0,0
2024,11,PA,Clarion County,25,6,7,1,0
2024,11,OH,Ross County,25,0,0,0,0
2024,11,TX,Gonzales County,515,0,0,0,0
2024,11,WV,Monongalia County,130,0,0,0,0
2024,11,NY,Rockland County,50,0,0,0,0
2024,12,TN,Fayette County,926,1,0,0,0
2024,12,IN,Boone County,480,0,0,0,0
2024,12,MI,Genesee County,996,1,0,0,0
2024,12,TN,Smith County,130,0,0,0,0
2024,12,GA,Muscogee County,1081,1,1,0,1
2024,12,TN,Knox County,3725,0,0,0,1
2024,12,NE,Douglas County,1619,0,0,0,0
2024,12,CO,Mesa County,590,0,0,0,0
2024,12,FL,Hernando County,1240,0,0,0,0
2024,12,KY,Kenton County,145,0,0,0,0
2024,12,ND,Cass County,345,0,0,0,0
2024,12,OH,Coshocton County,145,0,0,0,0
2024,12,GA,Walker County,215,0,0,0,0
2024,12,TX,Burleson County,160,0,0,0,0
2025,1,TX,Cherokee County,610,0,0,2,1
2025,1,MN,Dakota County,1680,7,5,5,7
2025,1,TX,El Paso County,360,0,0,0,0
2025,1,TX,Schleicher County,80,0,0,0,0
2025,2,SC,Oconee County,560,0,0,0,0
2025,2,OH,Franklin County,1373,10,1,3,5
2025,2,WA,Thurston County,526,3,4,0,0
2025,2,AR,Garland County,560,0,0,0,0
2024,6,VA,Amelia County,403,1,4,3,2
2024,7,AR,Baxter County,950,0,0,0,0
2024,7,MO,Randolph County,230,0,0,0,0
2024,8,TN,Marshall County,773,2,0,1,0
2024,8,NC,Transylvania County,570,0,0,0,0
2024,8,PA,Fayette County,540,0,0,0,0
2024,8,FL,Hernando County,1745,4,1,0,0
2024,8,NM,Sandoval County,127,0,0,0,0
2024,8,KY,Anderson County,200,0,0,0,0
2024,8,GA,Laurens County,110,0,0,0,0
2024,9,GA,Gwinnett County,7464,8,7,1,6
2024,9,MI,Oakland County,1081,1,3,4,4
2024,9,NM,Bernalillo County,5491,3,1,2,1
2024,9,DE,New Castle County,1045,0,0,0,0
2024,9,MD,Wicomico County,345,0,0,0,0
2024,9,MO,Johnson County,330,0,0,0,0
2024,9,VA,Northumberland County,230,0,0,0,0
2024,9,GA,Cherokee County,1601,4,2,3,1
2024,9,GA,Lee County,635,0,0,0,0
2024,9,TX,Leon County,135,0,0,0,0
2024,9,MN,Scott County,948,1,2,4,5
2024,9,KY,Webster County,260,0,0,0,0
2024,9,VA,Henrico County,2075,3,0,2,2
2024,9,AR,Craighead County,735,0,0,0,0
2024,10,FL,Seminole County,16292,160,102,87,90
2024,10,TX,Travis County,13339,36,74,63,28
2024,10,VA,Caroline County,210,0,0,0,0
2024,10,VA,Prince Edward County,591,0,0,0,1
2024,10,AR,Garland County,750,2,0,2,1
2024,10,MS,Lauderdale County,590,0,0,0,0
2024,10,OH,Delaware County,1345,3,0,1,1
2024,10,GA,Bartow County,1735,0,0,0,0
2024,10,CT,New Haven County,459,0,0,0,0
2024,10,NC,Franklin County,1193,0,0,0,0
2024,10,NM,Socorro County,55,0,0,0,0
2024,10,VA,Brunswick County,30,0,0,0,0
2024,11,NC,Pender County,855,0,0,0,0
2024,11,PA,Fayette County,535,1,0,0,0
2024,11,TN,Cheatham County,695,1,0,0,0
2024,11,AZ,Maricopa County,4703,3,4,3,1
2024,11,OH,Lorain County,580,0,0,0,0
2024,11,NC,Randolph County,1124,0,0,0,0
2024,11,WA,Benton County,245,0,0,0,0
2024,11,MO,Ralls County,95,0,0,0,0
2024,11,IN,Jackson County,145,0,0,0,0
2024,11,NV,Clark County,455,0,0,0,0
2024,12,MN,Hennepin County,4577,17,16,13,3
2024,12,WA,King County,5248,1,2,4,0
2024,12,TN,Hamilton County,4575,2,5,0,0
2024,12,VA,Carroll County,455,0,0,0,0
2024,12,SC,Orangeburg County,395,0,0,0,0
2024,12,OH,Scioto County,380,0,0,0,0
2024,12,FL,Osceola County,1245,2,2,7,1
2024,12,IL,De Witt County,15,0,0,0,0
2024,12,MN,McLeod County,161,0,0,0,0
2024,12,LA,Jefferson Parish,195,0,0,0,0
2025,1,TX,Collin County,8992,7,8,4,13
2025,1,TX,Kendall County,150,0,0,0,0
2025,1,NC,Alamance County,1532,1,0,1,0
2025,1,ID,Ada County,796,1,1,0,0
2025,1,TN,Putnam County,1678,0,2,2,0
2025,1,TX,Palo Pinto County,180,0,0,0,0
2025,1,VA,James City County,270,0,0,0,0
2025,1,TX,Panola County,245,0,0,0,0
2025,1,UT,Davis County,30,0,0,0,0
2025,1,KY,Hancock County,100,0,0,0,0
2025,1,ND,Ramsey County,234,0,0,0,0
2025,1,IL,Fulton County,310,0,0,0,0
2025,2,TX,Dallas County,6246,5,3,4,1
2025,2,OR,Douglas County,270,0,0,0,0
2025,2,TN,Williamson County,3170,0,0,0,0
2025,2,NE,Madison County,5157,12,3,5,3
2025,2,IL,LaSalle County,231,0,0,0,0
2025,2,IL,Wayne County,170,0,0,0,0
2025,2,NY,St. Lawrence County,440,0,0,0,0
2025,2,FL,Broward County,1721,1,2,0,1
2024,11,OH,Logan County,942,0,0,1,0
2024,11,VA,Pittsylvania County,1562,2,1,4,0
2024,12,MN,Dakota County,1419,1,3,28,0
2025,1,CA,San Mateo County,285,0,0,0,0
2025,1,PA,Cumberland County,2050,0,1,2,1
2025,1,IN,Marion County,2168,1,0,0,0
2025,1,SC,Clarendon County,55,0,0,0,0
2025,1,TX,Grimes County,35,0,0,0,0
2025,1,VA,Norfolk city,370,0,0,0,0
2025,2,KY,Shelby County,785,0,0,0,0
2024,6,GA,Monroe County,250,0,0,0,0
2024,6,SC,Bamberg County,150,0,0,0,0
2024,6,TX,Hockley County,5,0,0,0,0
2024,6,MO,Cole County,655,0,0,0,0
2024,6,AR,Boone County,110,0,0,0,0
2024,6,WI,St. Croix County,311,0,0,0,0
2024,7,AL,Coosa County,165,0,0,0,0
2024,7,CA,Shasta County,115,0,0,0,0
2024,7,MS,Yazoo County,265,0,0,0,0
2024,8,MN,Hubbard County,190,0,0,0,0
2024,8,GA,Bryan County,155,0,0,0,0
2024,8,NC,Avery County,160,0,0,0,0
2024,8,IL,De Witt County,30,0,0,0,0
2024,8,MI,Midland County,100,0,0,0,0
2024,8,GA,Meriwether County,130,0,0,0,0
2024,9,VA,Tazewell County,1106,0,0,0,0
2024,9,MI,Roscommon County,255,0,0,0,0
2024,9,VA,Goochland County,480,0,0,0,0
2024,9,KY,Boone County,627,0,0,0,1
2024,9,MD,Anne Arundel County,562,14,9,2,0
2024,9,TN,Moore County,105,0,0,0,0
2024,9,AR,Ouachita County,220,0,0,0,0
2024,9,LA,Iberia Parish,125,0,0,0,0
2024,9,PA,Warren County,240,0,0,0,0
2024,9,ID,Cassia County,25,0,0,0,0
2024,10,TX,Lavaca County,465,0,0,0,0
2024,10,VA,Buena Vista city,100,0,0,0,0
2024,11,OR,Douglas County,365,0,0,0,0
2024,10,SC,Georgetown County,170,0,0,0,0
2024,11,IA,Marion County,105,0,0,0,0
2024,11,ME,Waldo County,160,0,0,0,0
2024,11,TN,Roane County,30,0,0,0,0
2024,12,KY,Boyle County,480,0,0,0,0
2024,12,MO,Ralls County,145,0,0,0,0
2024,12,PA,Monroe County,150,0,0,0,0
2024,12,MS,Jones County,15,0,0,0,0
2024,12,OH,Crawford County,280,0,0,0,0
2024,12,NC,Edgecombe County,260,0,0,0,0
2024,12,KY,Carroll County,145,0,0,0,0
2025,1,CO,Kit Carson County,60,0,0,0,0
2025,1,AL,Chambers County,55,0,0,0,0
2025,1,TX,Caldwell County,90,0,0,0,0
2025,1,NY,Richmond County,30,0,0,0,0
2025,1,TX,Jefferson County,310,0,0,0,0
2025,1,AL,Cullman County,100,0,1,0,0
2025,2,OH,Geauga County,125,0,0,0,0
2025,2,DE,New Castle County,1015,0,0,0,0
2025,2,IL,Jersey County,65,0,0,0,0
2024,8,GA,Whitfield County,115,0,0,0,0
2024,9,MT,Custer County,120,0,0,0,0
2025,2,TN,Cumberland County,905,2,1,0,0
2024,6,LA,Calcasieu Parish,160,0,0,0,0
2024,6,OH,Sandusky County,50,0,0,0,0
2024,6,MI,Wexford County,235,0,0,0,0
2024,7,NC,Macon County,15,0,0,0,0
2024,7,GA,Pierce County,140,0,0,0,0
2024,7,PA,Erie County,65,0,0,0,0
2024,9,CA,Monterey County,60,0,0,0,0
2024,9,MI,Gladwin County,285,0,0,0,0
2024,9,AR,Clay County,155,0,0,0,0
2024,9,NJ,Bergen County,95,1,0,0,0
2024,10,TX,Waller County,41,0,0,0,0
2024,10,KS,Washington County,80,0,0,0,0
2024,11,MN,Lake County,180,0,0,0,0
2024,11,WY,Crook County,31,0,0,0,0
2024,11,ME,Cumberland County,175,0,0,0,0
2024,12,NC,Wilson County,60,0,0,0,0
2025,1,HI,Hawaii County,305,0,0,0,0
2025,1,ND,Richland County,76,0,0,0,0
2025,1,NC,Beaufort County,35,0,0,0,0
2025,1,NE,Cass County,5,0,0,0,0
2025,1,LA,Avoyelles Parish,145,0,0,0,0
2025,2,MI,Oceana County,100,0,0,0,0
2025,2,IN,Hendricks County,1241,1,0,0,0
2025,2,UT,Davis County,138,0,0,2,0
2025,2,KS,Linn County,275,0,0,0,0
2025,2,MI,Ingham County,467,0,0,0,0
2024,9,TN,Polk County,260,0,0,0,0
2024,6,IA,Winnebago County,50,0,0,0,0
2024,7,TX,Milam County,25,0,0,0,0
2024,7,SC,Abbeville County,10,0,0,0,0
2024,7,TX,Mitchell County,33,0,0,0,0
2024,8,OK,Woodward County,35,0,0,0,0
2024,8,NC,Carteret County,12,0,0,0,0
2024,9,OK,Stephens County,255,0,0,0,0
2024,10,GA,Whitfield County,90,0,0,0,0
2024,10,GA,Ben Hill County,140,0,0,0,0
2024,10,AR,Jefferson County,5,0,0,0,0
2024,10,TX,Fayette County,70,0,0,0,0
2024,11,ID,Canyon County,137,0,0,0,0
2024,11,OK,Creek County,119,0,0,0,0
2025,1,FL,Hardee County,140,0,0,0,0
2024,6,MA,Barnstable County,75,0,0,0,0
2024,7,NH,Grafton County,90,0,0,0,0
2024,7,NJ,Passaic County,70,0,0,0,0
2024,8,ID,Canyon County,85,3,0,2,0
2024,8,KS,Dickinson County,20,0,0,0,0
2024,9,IA,Jasper County,20,0,0,0,0
2024,11,OR,Wasco County,70,0,0,0,0
2025,1,ND,Stark County,5,0,0,0,0
2025,2,TX,Rusk County,135,0,0,0,0
2025,2,AL,Tuscaloosa County,265,0,0,0,0
2025,2,OH,Lawrence County,295,0,0,0,0
2025,2,OH,Ottawa County,30,0,0,0,0
2025,2,NY,Tioga County,290,0,0,0,0
2025,2,KY,Madison County,54,0,0,0,0
2025,2,MI,Calhoun County,440,2,0,0,0
2025,2,IA,Ida County,85,0,0,0,0
2025,2,KY,Hart County,195,0,0,0,0
2025,2,LA,Iberia Parish,165,0,0,0,0
2024,6,VA,Arlington County,46,0,0,0,0
2024,6,ND,Oliver County,70,0,0,0,0
2024,6,TX,Caldwell County,115,0,0,0,0
2024,6,TX,Van Zandt County,44,0,0,0,0
2024,6,FL,Monroe County,55,0,0,0,0
2024,6,WV,Nicholas County,17,0,0,0,0
2024,8,AL,St. Clair County,55,0,0,0,0
2024,9,MN,Mille Lacs County,20,2,1,1,1
2024,10,VA,Buckingham County,10,0,0,0,0
2025,1,TX,Austin County,65,0,0,0,0
2025,1,GA,Laurens County,30,0,0,0,0
2025,1,LA,St. Martin Parish,60,0,0,0,0
2024,6,GA,Telfair County,15,0,0,0,0
2024,8,IA,Jasper County,65,0,0,0,0
2024,8,MN,Kittson County,190,0,0,0,0
2024,10,TN,Roane County,30,0,0,0,0
2024,12,TX,Jackson County,10,0,0,0,0
2025,1,IN,Jay County,36,2,3,2,2
2025,2,WI,Vilas County,75,0,0,0,0
2025,3,FL,Lee County,899,1,0,3,2
2024,6,OK,Delaware County,75,0,0,0,0
2024,7,WA,Kitsap County,85,0,0,0,0
2024,11,NE,Seward County,50,0,0,0,0
2024,11,TX,Schleicher County,55,0,0,0,0
2024,12,NE,Adams County,5,0,0,0,0
2024,12,WY,Natrona County,10,0,0,0,0
2025,1,AR,Clay County,80,0,0,0,0
2024,9,NY,Chemung County,95,0,0,0,0
2024,10,TX,Brown County,10,0,0,0,0
2024,11,IA,Mills County,10,0,0,0,0
2024,11,MI,Shiawassee County,5,0,0,0,0
2025,1,MA,Barnstable County,35,0,0,0,0
2025,1,VA,Richmond city,5,0,0,0,0
2025,2,LA,Jackson Parish,140,0,0,0,0
2025,2,MI,Eaton County,61,0,0,8,0
2025,2,GA,Richmond County,21,0,0,0,0
2025,2,MI,Ionia County,140,0,0,0,0
2025,2,CA,Mendocino County,6,0,0,0,1
2025,3,NC,Nash County,360,0,0,0,0
2025,3,VA,Loudoun County,437,0,0,0,0
2025,3,DE,New Castle County,220,0,0,0,0
2025,3,GA,Cherokee County,260,0,0,0,0
2025,3,MN,Hennepin County,890,0,0,0,0
2025,3,NY,Jefferson County,300,0,0,0,0
2025,3,NC,Brunswick County,328,0,0,0,0
2025,3,NC,Scotland County,172,0,0,0,0
2025,3,SC,Georgetown County,55,0,0,0,0
2025,3,TN,Maury County,300,0,0,0,0
2025,3,TN,Shelby County,1323,4,0,2,0
2025,3,KS,Shawnee County,1101,6,0,6,1
2025,3,MD,Charles County,184,0,0,0,0
2025,3,CA,Contra Costa County,90,0,0,0,0
2025,3,ND,Ramsey County,40,0,0,0,0
2025,3,OH,Erie County,35,0,0,0,0
2025,3,SC,Laurens County,130,0,0,0,0
2025,3,TN,Davidson County,711,0,0,0,0
2025,3,GA,Jasper County,55,0,0,0,0
2025,3,MS,Alcorn County,30,0,0,0,0
2025,3,MO,Newton County,5,0,0,0,0
2025,3,OK,Okmulgee County,155,0,0,0,0
2025,3,OK,Major County,41,0,0,0,0
2024,11,NY,Fulton County,20,0,0,0,0
2024,6,WI,Washington County,1,0,0,0,0
2025,1,WI,Fond du Lac County,25,0,0,0,0
2024,8,SC,Abbeville County,20,0,0,0,0
2025,3,OR,Yamhill County,90,0,0,0,0
2025,3,TX,Bell County,190,0,0,0,0
2025,3,MS,Pike County,20,0,0,0,0
2025,3,UT,Salt Lake County,152,2,0,0,0
2025,3,MI,Eaton County,15,0,0,0,0
2025,3,AL,Limestone County,40,0,0,0,0
2025,3,NC,Johnston County,125,0,0,0,0
2025,3,MO,Stoddard County,5,0,0,0,0
2025,3,OR,Linn County,35,0,0,0,0
2025,3,TX,Lampasas County,30,0,0,0,0
2025,3,CA,Kings County,52,0,0,0,0
2025,2,VA,Arlington County,153,0,5,0,0
2025,3,TN,Tipton County,270,0,0,0,0
2025,3,VA,Waynesboro city,100,0,0,0,0
2025,2,SC,Barnwell County,40,0,0,0,0
2025,2,GA,Talbot County,15,0,0,0,0
2024,6,NY,Albany County,10,0,0,0,0
2025,3,CO,Boulder County,10,0,0,0,0
2025,3,ID,Payette County,30,0,0,0,0
2025,3,IN,Henry County,50,0,0,0,0
2025,3,ND,Burleigh County,75,0,0,0,0
2024,10,KY,Bourbon County,15,0,0,0,0
2024,12,MS,Wayne County,55,0,0,0,0
2024,9,MT,Gallatin County,5,0,0,0,0
2024,11,MD,Worcester County,5,0,0,0,0
2025,2,GA,Stephens County,15,0,0,0,0
2024,6,TN,Scott County,5,0,0,0,0
2024,11,TN,Lake County,10,0,0,0,0
2025,2,MI,Clinton County,15,0,0,0,0
2024,8,OK,Major County,10,0,0,0,0
2024,12,IA,Delaware County,5,0,0,0,0
2025,1,KY,Christian County,10,0,0,0,0
2024,8,AL,Dale County,5,0,0,0,0
2025,1,CO,Delta County,5,0,0,0,0
2024,9,AL,Covington County,5,0,0,0,0
2025,1,CA,Inyo County,25,0,0,0,0
2024,7,NJ,Morris County,5,0,0,0,0
2024,8,OH,Harrison County,10,0,0,0,0
2025,3,NC,Craven County,5,0,0,0,0
2025,3,IL,Peoria County,20,0,0,0,0
2025,2,PA,Susquehanna County,5,0,0,0,0
2025,2,NE,Polk County,10,0,0,0,0
2024,7,OR,Tillamook County,5,0,0,0,0
2025,2,GA,Decatur County,6,0,0,0,0
2025,3,WA,Benton County,30,0,0,0,0
2024,9,OK,Carter County,5,0,0,0,0
2024,9,FL,Jackson County,5,0,0,0,0
2025,3,AL,Dallas County,5,0,0,0,0
2024,6,FL,Leon County,4486,8,27,10,0
2024,6,LA,Rapides Parish,2860,0,0,0,1
2024,6,MN,Scott County,1787,4,1,1,2
2024,6,MI,Kent County,3912,6,3,3,2
2024,6,SC,Aiken County,7069,23,5,10,8
2024,6,KY,Marshall County,880,0,1,5,0
2024,6,TN,Sumner County,5820,0,0,0,0
2024,6,IA,Sioux County,1505,0,0,0,0
2024,6,MO,Franklin County,531,2,0,1,0
2024,6,NE,Dawson County,180,0,0,0,0
2024,6,WA,Spokane County,1908,0,0,0,0
2024,6,LA,Ascension Parish,355,0,0,0,0
2024,6,NC,New Hanover County,2182,1,1,2,0
2024,6,VA,Patrick County,255,0,0,0,0
2024,6,GA,Rabun County,570,0,0,0,0
2024,6,ND,Mercer County,155,0,0,0,0
2024,6,TN,Cumberland County,715,0,0,0,0
2024,6,OH,Fulton County,460,5,0,0,0
2024,6,TN,Hickman County,160,0,0,0,0
2024,6,WI,Rock County,608,0,0,0,0
2024,6,OH,Delaware County,1687,2,0,0,1
2024,6,OK,Stephens County,295,0,0,0,0
2024,6,TX,Young County,415,0,0,0,0
2024,6,WI,Sauk County,290,0,0,0,0
2024,6,IA,Madison County,25,0,0,0,0
2024,7,IL,Will County,3765,10,6,3,0
2024,7,KS,Sedgwick County,1042,0,3,2,0
2024,7,OH,Greene County,1725,16,2,0,6
2024,7,NC,Rowan County,1029,6,9,3,2
2024,7,PA,Beaver County,616,0,0,0,0
2024,7,TN,Madison County,2814,5,0,3,0
2024,7,PA,Berks County,799,0,0,0,0
2024,7,KS,Douglas County,446,0,0,0,0
2024,7,VA,Amelia County,445,0,1,0,0
2024,7,VA,Danville city,190,0,0,0,0
2024,7,AR,Pulaski County,1697,0,0,0,0
2024,7,MI,Calhoun County,410,0,0,0,0
2024,7,MS,Pike County,230,0,0,0,0
2024,7,KY,Menifee County,205,0,0,0,0
2024,7,LA,Lincoln Parish,230,0,0,0,0
2024,7,KS,Saline County,270,0,0,0,0
2024,8,IN,White County,0,0,0,0,1
2024,8,WA,Whatcom County,1645,2,1,0,0
2024,8,NJ,Burlington County,420,0,0,0,0
2024,8,OH,Logan County,975,1,2,0,4
2024,8,OH,Summit County,510,0,0,0,0
2024,8,OK,Bryan County,795,0,0,0,0
2024,8,SC,Beaufort County,540,0,0,0,0
2024,8,AR,Lonoke County,1185,0,0,0,0
2024,8,KS,Geary County,405,0,0,0,0
2024,8,TN,Warren County,340,0,0,0,0
2024,8,MN,Itasca County,200,0,0,0,0
2024,9,SC,Kershaw County,741,1,0,0,0
2024,9,CA,Santa Barbara County,196,1,0,0,0
2024,9,LA,Lincoln Parish,355,0,0,0,0
2024,9,NC,Henderson County,665,0,0,0,0
2024,10,AL,Madison County,4241,8,0,0,0
2024,10,WI,Dane County,713,3,0,0,0
2024,10,ND,Ward County,321,4,0,1,0
2024,11,TN,Henry County,331,2,0,0,0
2024,6,MT,Yellowstone County,665,0,0,0,0
2024,6,TX,Navarro County,165,0,0,0,0
2024,6,WI,Outagamie County,629,2,0,0,0
2024,6,LA,Lincoln Parish,240,0,0,0,0
2024,6,OH,Richland County,426,2,2,1,2
2024,6,TN,Humphreys County,570,0,0,0,0
2024,6,MO,Cedar County,125,0,0,0,0
2024,7,FL,Charlotte County,5259,2,5,2,2
2024,7,GA,Troup County,1271,0,0,0,0
2024,7,CO,El Paso County,5338,23,6,4,2
2024,7,OR,Lane County,1056,0,0,0,0
2024,7,IN,Elkhart County,3423,6,3,2,0
2024,7,NC,Alamance County,920,0,0,0,0
2024,7,KY,Marshall County,1016,0,0,0,0
2024,7,TX,Jones County,575,0,0,0,1
2024,7,MD,Carroll County,596,2,8,0,2
2024,7,KY,Franklin County,416,23,2,23,0
2024,7,LA,Vermilion Parish,90,0,0,0,0
2024,7,DE,Sussex County,438,0,0,0,0
2024,7,PA,Cambria County,116,0,1,0,0
2024,7,GA,Tift County,205,0,0,0,0
2024,7,FL,Liberty County,401,0,0,0,0
2024,8,MD,Montgomery County,2258,3,2,4,1
2024,8,CA,Fresno County,1515,0,0,0,1
2024,8,NC,McDowell County,2690,0,0,0,1
2024,8,ND,Ramsey County,180,0,0,0,0
2024,8,TN,Blount County,1436,0,0,0,0
2024,8,TN,Hamilton County,5236,2,0,0,0
2024,8,MI,Ionia County,150,0,0,0,0
2024,8,TX,Ellis County,2206,1,0,1,0
2024,8,TX,Jones County,760,0,0,0,0
2024,8,FL,Hardee County,151,0,0,0,0
2024,8,CT,Windham County,120,0,0,0,0
2024,8,MS,Union County,160,0,0,0,0
2024,8,TN,Washington County,1190,0,0,0,0
2024,8,TX,Nueces County,115,0,0,0,0
2024,8,GA,Fayette County,800,0,0,0,0
2024,8,WA,Grant County,240,0,0,0,0
2024,8,FL,Bay County,170,0,0,0,0
2024,8,MI,Isabella County,327,0,0,0,1
2024,8,MO,Harrison County,146,0,1,1,0
2024,8,TX,Hutchinson County,510,0,0,0,0
2024,9,NC,Hertford County,275,0,0,0,0
2024,9,MI,Montcalm County,295,0,0,0,0
2024,9,VA,Prince George County,793,0,0,0,0
2024,9,IL,Lee County,380,0,0,0,0
2024,9,MS,Lauderdale County,525,0,0,0,0
2024,9,MO,Platte County,1145,1,0,0,0
2024,9,SC,Greenville County,3232,3,0,4,2
2024,9,IL,Stephenson County,641,3,2,2,3
2024,9,OH,Lawrence County,305,0,0,0,0
2024,9,AR,Ashley County,305,0,0,0,0
2024,9,VA,James City County,348,0,0,0,0
2024,9,NC,Stokes County,445,0,0,0,0
2024,9,TX,Lubbock County,770,1,0,0,0
2024,10,GA,DeKalb County,1694,0,1,0,0
2024,10,OH,Butler County,1635,0,0,0,0
2024,10,OK,Kay County,933,7,1,4,1
2024,10,TX,Randall County,219,2,0,0,1
2024,10,TX,Young County,435,0,0,0,0
2024,10,NY,Kings County,170,0,0,0,0
2024,10,MO,Jasper County,915,1,0,0,0
2024,10,LA,Sabine Parish,906,2,3,5,1
2024,10,NY,Queens County,315,0,0,0,0
2024,10,TN,Grainger County,271,0,1,0,0
2024,11,OK,Canadian County,1078,0,0,0,0
2024,11,CA,Siskiyou County,205,1,0,0,0
2024,11,MO,Perry County,120,0,0,0,0
2024,11,TN,Sumner County,5125,4,3,0,0
2024,11,AL,Baldwin County,551,0,0,0,0
2024,11,OK,Okmulgee County,900,0,0,0,0
2024,11,NC,Cleveland County,770,0,0,0,0
2024,11,OH,Coshocton County,170,0,0,0,0
2024,10,FL,Gadsden County,310,0,0,0,0
2024,11,KS,Wyandotte County,1200,0,0,0,0
2024,11,MO,Lincoln County,130,0,0,0,0
2024,12,FL,Leon County,3404,2,0,1,0
2024,12,OH,Ashland County,585,0,0,0,0
2024,12,FL,Highlands County,746,0,0,0,0
2024,12,OH,Tuscarawas County,917,1,4,1,0
2024,12,VA,Manassas city,245,0,0,0,0
2024,12,KS,Seward County,155,0,0,0,0
2025,1,AL,Coosa County,175,0,0,0,0
2025,1,FL,Pasco County,5138,73,0,65,5
2025,1,IN,Morgan County,720,0,0,0,0
2025,1,TN,Morgan County,595,0,0,0,0
2025,1,OR,Josephine County,250,21,13,23,17
2025,1,IN,Porter County,290,0,0,6,0
2025,1,MO,Texas County,165,0,0,0,0
2025,1,WI,Sauk County,355,0,0,0,0
2025,1,KS,Miami County,265,0,0,0,0
2025,2,CA,Placer County,1021,0,0,0,1
2025,2,FL,Marion County,4726,28,11,19,16
2025,2,TX,Hardin County,640,9,5,3,5
2024,7,ME,Kennebec County,250,0,0,0,0
2024,7,OH,Richland County,441,0,0,0,0
2024,7,TN,Polk County,289,0,0,0,0
2024,7,TX,Brazos County,1216,0,2,0,0
2024,7,WI,Vilas County,206,1,0,0,0
2024,8,FL,Volusia County,4684,1,1,1,0
2024,8,IN,Randolph County,295,0,0,0,0
2024,8,VA,Southampton County,210,0,0,0,0
2024,8,NJ,Hudson County,65,0,0,0,0
2024,8,MT,Custer County,120,0,0,0,0
2024,9,PA,Allegheny County,2142,1,2,0,3
2024,9,WA,Lewis County,190,0,0,0,0
2024,9,OR,Clackamas County,3143,10,5,7,6
2024,9,NE,Otoe County,401,28,4,11,0
2024,9,TN,Hamilton County,4973,2,3,1,0
2024,9,FL,Gadsden County,275,0,0,0,0
2024,9,WI,Lincoln County,869,4,0,0,0
2024,10,FL,Martin County,594,4,0,0,0
2024,10,MD,Queen Anne's County,215,0,0,0,0
2024,10,TN,Sumner County,5028,4,0,0,0
2024,10,FL,Citrus County,1992,1,1,0,0
2024,10,TX,Jefferson County,322,3,0,0,0
2024,11,VA,Caroline County,210,0,0,0,0
2024,11,GA,Cobb County,2574,3,0,1,0
2024,11,MN,Carver County,546,0,0,0,0
2024,11,PA,Centre County,2317,13,3,3,8
2024,11,MD,Montgomery County,1825,0,0,0,0
2024,11,NC,Franklin County,1140,0,0,0,0
2024,11,PA,Clearfield County,561,0,0,0,0
2024,11,VA,Waynesboro city,315,0,0,0,0
2024,11,KS,Washington County,80,0,0,0,0
2024,11,MO,Texas County,181,0,0,0,0
2024,12,TX,Lampasas County,180,0,0,0,0
2024,12,WA,Thurston County,596,4,37,2,2
2024,12,FL,Santa Rosa County,1084,7,5,6,6
2024,12,IN,Madison County,630,0,0,0,0
2024,12,MO,Stone County,190,0,0,0,0
2024,12,NC,Lincoln County,950,24,1,4,2
2024,12,SC,Florence County,439,0,0,0,0
2024,12,KY,Jefferson County,2791,6,13,20,6
2024,12,OH,Delaware County,1288,2,0,0,0
2024,12,IL,Whiteside County,710,0,0,0,0
2024,12,CO,Denver County,484,0,0,1,0
2024,12,IN,Wells County,300,0,0,0,0
2024,12,KS,McPherson County,265,0,0,0,0
2024,12,TX,Wood County,285,0,0,0,0
2024,12,IN,Grant County,516,0,0,0,0
2024,12,MO,Dallas County,91,0,0,0,0
2024,12,WI,Sauk County,310,0,0,0,0
2024,12,MI,Newaygo County,160,0,0,0,0
2025,1,MD,St. Mary's County,241,0,0,0,0
2025,1,MI,Van Buren County,580,0,0,0,0
2025,1,SC,Greenville County,3576,4,4,3,5
2025,1,TX,Castro County,1214,0,0,0,0
2025,1,TX,Orange County,1580,0,0,0,0
2025,1,VA,Botetourt County,1270,0,0,0,0
2025,1,MD,Anne Arundel County,480,1,2,0,0
2025,1,IL,Kane County,1055,0,0,0,0
2025,1,TN,Hickman County,190,0,0,0,0
2025,1,GA,Polk County,708,0,0,0,0
2025,1,MO,Pettis County,130,0,0,0,0
2025,1,TN,Moore County,245,0,0,0,0
2025,1,VA,York County,3247,3,3,0,0
2025,1,WA,Clallam County,875,0,0,0,0
2025,1,GA,Habersham County,150,0,0,0,0
2025,2,CO,El Paso County,3906,11,3,2,0
2025,2,FL,Orange County,7778,7,5,1,1
2025,2,GA,Rockdale County,860,0,0,0,0
2025,2,OH,Montgomery County,2510,3,4,8,0
2025,2,GA,Forsyth County,1350,1,0,0,0
2025,2,IN,Wells County,260,0,0,0,0
2025,2,MI,Antrim County,130,0,0,0,0
2025,2,MN,Dakota County,1123,0,0,0,0
2025,2,MO,Cass County,1934,0,0,0,0
2025,2,OH,Logan County,1000,1,4,2,1
2025,2,TN,Blount County,1278,0,0,0,0
2025,2,CA,San Joaquin County,357,0,0,0,0
2024,9,KY,Nelson County,1305,5,4,2,4
2024,11,OR,Deschutes County,636,0,0,0,0
2024,11,TN,Claiborne County,1195,0,0,0,0
2024,12,FL,Lake County,2335,0,0,0,0
2024,12,WA,Snohomish County,1357,6,0,7,2
2025,1,IN,Jackson County,173,0,1,1,1
2024,6,OK,Creek County,146,0,0,0,0
2024,6,ME,Penobscot County,280,0,0,0,0
2024,6,MI,Isabella County,364,10,13,10,4
2024,6,MS,Jones County,145,0,0,0,0
2024,6,IN,Howard County,560,0,0,0,0
2024,7,OH,Clark County,235,0,0,0,0
2024,7,KS,Barton County,85,0,0,0,0
2024,8,FL,Jefferson County,140,0,0,0,0
2024,8,MO,Cole County,510,0,0,0,0
2024,9,LA,Franklin Parish,215,0,0,0,0
2024,9,OH,Mahoning County,235,0,0,0,0
2024,9,MN,Murray County,140,0,0,0,0
2024,9,GA,Houston County,410,0,0,0,0
2024,9,CO,Otero County,85,0,0,0,0
2024,9,NY,Tioga County,300,0,0,0,0
2024,9,OH,Erie County,150,0,0,0,0
2024,9,NC,Craven County,40,0,0,0,0
2024,10,IL,Franklin County,86,2,0,1,0
2024,10,MO,Lafayette County,445,0,0,0,0
2024,10,MD,Wicomico County,225,0,0,0,0
2024,10,NY,Fulton County,20,0,0,0,0
2024,10,IA,Washington County,180,0,0,0,0
2024,10,OH,Champaign County,155,0,0,0,0
2024,10,VA,Madison County,72,0,0,0,0
2024,10,VA,Danville city,175,0,0,0,0
2024,10,CA,Monterey County,45,0,0,0,0
2024,10,NM,Sandoval County,100,0,0,0,0
2024,10,CO,Jefferson County,175,0,1,0,0
2024,10,TN,Warren County,340,0,0,0,0
2024,11,OK,Bryan County,635,0,0,0,0
2024,11,TX,Hale County,5,0,0,0,0
2024,11,TX,Falls County,150,0,0,0,0
2024,11,OH,Defiance County,155,0,0,0,0
2024,11,OH,Knox County,295,0,0,0,0
2024,11,OK,Marshall County,51,0,0,0,0
2024,11,KY,Simpson County,415,0,1,0,0
2024,11,NC,Camden County,80,0,0,0,0
2024,11,WI,Brown County,35,0,0,0,0
2024,12,LA,De Soto Parish,165,0,0,0,0
2024,12,NC,Avery County,165,0,0,0,0
2024,12,TX,Jones County,420,0,0,0,0
2024,12,MN,Itasca County,235,0,0,0,0
2024,12,AL,Chambers County,75,0,0,0,0
2024,12,WI,Jefferson County,102,10,2,2,2
2024,12,LA,Catahoula Parish,110,0,0,0,0
2025,1,AL,Tuscaloosa County,335,0,0,0,0
2025,1,CT,Tolland County,155,0,0,0,0
2025,1,FL,Gadsden County,316,0,0,0,0
2025,1,TX,Rusk County,155,0,0,0,0
2025,1,CO,Jefferson County,155,0,0,0,0
2025,1,PA,Franklin County,482,2,2,1,1
2025,1,NM,San Juan County,580,0,0,0,0
2024,12,MS,Leflore County,85,0,0,0,0
2024,12,VA,Arlington County,45,0,0,0,0
2024,6,PA,Butler County,95,0,0,0,0
2024,6,TX,Waller County,37,0,0,0,0
2024,6,MS,Harrison County,210,0,0,1,0
2024,7,MO,St. Clair County,25,0,0,0,0
2024,7,OK,Texas County,30,0,0,0,0
2024,7,VT,Caledonia County,20,0,0,0,0
2024,8,TN,Haywood County,15,0,0,0,0
2024,8,KS,Miami County,560,0,0,0,0
2024,8,LA,East Baton Rouge Parish,175,0,0,0,0
2024,9,NY,Bronx County,110,0,0,0,0
2024,9,GA,Butts County,120,0,0,0,0
2024,10,TX,Potter County,216,0,0,0,0
2024,10,MI,Antrim County,235,0,0,0,0
2024,10,VA,Dinwiddie County,230,0,0,0,0
2024,10,WI,Ozaukee County,155,0,0,0,0
2024,10,KS,Hamilton County,125,0,0,0,0
2024,11,IL,Clark County,25,0,0,0,0
2024,11,MS,Warren County,15,0,0,0,0
2024,12,FL,Hardee County,255,0,0,0,0
2024,12,TN,Lincoln County,115,0,0,0,0
2024,12,VA,Madison County,45,0,0,0,0
2024,12,GA,Houston County,215,0,0,0,0
2025,1,MI,Montcalm County,295,0,0,0,0
2024,6,WV,Jefferson County,40,0,0,0,1
2024,6,FL,Walton County,280,0,0,0,0
2024,6,MA,Suffolk County,21,0,0,0,0
2024,6,IN,Huntington County,40,0,0,0,0
2024,7,NC,Cumberland County,145,0,0,0,0
2024,7,KY,Oldham County,225,0,0,0,0
2024,9,IN,Jackson County,160,0,0,0,0
2024,10,IN,Huntington County,30,0,0,0,0
2024,10,NC,Craven County,70,15,0,1,0
2024,11,KY,Boyd County,125,0,0,0,0
2024,11,ID,Gem County,15,0,0,0,0
2024,12,NC,Vance County,10,0,0,0,0
2025,1,NH,Grafton County,95,0,0,0,0
2025,1,MN,Clay County,20,0,0,0,0
2024,6,NC,Carteret County,53,0,0,0,0
2024,7,TX,Runnels County,32,0,0,0,0
2024,8,TX,Haskell County,125,0,0,0,0
2024,9,WI,Brown County,50,1,1,2,0
2024,10,MN,Stearns County,105,0,0,0,0
2024,11,WA,Okanogan County,20,0,0,0,0
2024,12,NH,Carroll County,30,0,0,0,0
2025,2,TN,Rhea County,490,0,0,0,0
2025,2,CT,Fairfield County,550,0,0,0,0
2025,2,PA,Cumberland County,1615,3,0,0,0
2025,2,PA,Philadelphia County,330,0,0,0,0
2024,6,MO,Barton County,10,1,0,0,0
2024,8,CO,Elbert County,20,0,0,0,0
2024,9,TN,Roane County,20,0,0,0,0
2024,11,IL,Effingham County,85,0,0,0,0
2024,11,VA,Buckingham County,19,0,0,0,0
2024,12,GA,Appling County,31,0,0,0,0
2024,12,AR,Arkansas County,15,0,0,0,0
2024,6,NY,Richmond County,175,0,0,0,0
2024,6,KY,Clark County,35,0,0,0,0
2024,7,MO,Lawrence County,5,0,0,0,0
2024,10,NC,Carteret County,10,0,0,0,0
2024,6,TX,Milam County,5,1,0,0,0
2024,7,AK,Matanuska-Susitna Borough,15,0,0,0,0
2024,8,MI,Shiawassee County,15,0,0,0,0
2024,9,MA,Barnstable County,30,0,0,0,0
2024,11,FL,Bay County,140,0,0,0,0
2024,11,WY,Lincoln County,5,0,0,0,0
2025,1,AR,White County,35,0,0,0,0
2024,10,TX,Bee County,75,0,0,0,0
2024,11,IA,Muscatine County,56,0,0,0,0
2024,10,TN,Marion County,20,0,0,0,0
2025,1,CO,Elbert County,15,0,0,0,0
2024,8,VA,Richmond city,15,0,0,0,0
2024,6,TX,Jackson County,17,1,2,1,0
2025,1,IL,Wayne County,250,0,0,0,0
2025,2,KY,Campbell County,345,0,0,0,0
2025,1,CT,Middlesex County,25,0,0,0,0
2025,2,SD,Day County,120,0,0,0,0
2025,2,OH,Miami County,752,0,0,0,0
2025,2,MO,Dallas County,182,0,0,0,0
2025,2,TN,Chester County,115,0,0,0,0
2025,2,MN,Stearns County,917,8,6,6,0
2025,2,IN,Franklin County,105,0,0,0,0
2025,2,AL,Mobile County,160,0,0,0,0
2025,3,CA,San Joaquin County,95,0,0,0,0
2025,3,AL,Henry County,30,0,0,0,0
2025,3,DE,Sussex County,115,0,0,0,0
2025,3,FL,Collier County,130,0,0,0,0
2025,3,GA,Glynn County,115,0,0,0,0
2025,3,NY,Erie County,235,0,0,0,0
2025,3,NY,St. Lawrence County,130,0,0,0,0
2025,3,NC,Pitt County,95,0,0,0,0
2025,3,VA,Washington County,170,0,0,0,0
2025,3,GA,Meriwether County,30,0,0,0,0
2025,3,TX,Jefferson County,70,0,0,0,0
2025,3,TX,Jones County,85,0,0,0,0
2025,3,MN,Dodge County,35,0,0,0,0
2025,3,IN,Lake County,175,0,0,0,0
2025,3,NC,Currituck County,30,0,0,0,0
2025,3,OH,Union County,150,0,0,0,0
2025,3,TN,Loudon County,170,0,0,0,0
2025,3,IN,Jackson County,35,0,0,0,0
2025,2,OK,Major County,20,0,0,0,0
2025,3,LA,Ascension Parish,66,0,0,0,0
2025,1,NJ,Salem County,5,0,0,0,0
2025,1,TX,Montague County,49,0,0,0,0
2025,2,KS,Brown County,30,0,0,0,0
2025,2,TX,Caldwell County,30,0,0,0,0
2025,2,NE,Buffalo County,180,0,0,0,0
2025,3,NC,Surry County,45,0,0,0,0
2024,7,NC,Wayne County,25,0,0,0,0
2024,11,IN,Jefferson County,10,0,0,0,0
2025,1,NC,Moore County,56,2,4,2,0
2024,6,MO,Iron County,10,0,0,0,0
2025,2,CO,Garfield County,75,0,0,0,0
2024,11,AL,Blount County,20,0,0,0,0
2024,7,IA,Madison County,15,0,0,0,0
2024,8,MS,Monroe County,20,0,0,0,0
2024,9,WI,Jefferson County,15,0,0,0,0
2024,9,TN,Cannon County,15,0,0,0,0
2025,2,FL,Liberty County,302,1,1,1,1
2025,2,NC,Pasquotank County,130,0,0,0,0
2025,2,KS,Finney County,135,0,0,0,0
2025,3,LA,Catahoula Parish,35,0,0,0,0
2025,3,OR,Klamath County,20,0,0,0,0
2025,3,TX,Leon County,30,0,0,0,0
2025,2,NC,Cumberland County,10,0,0,0,0
2025,2,MN,Faribault County,15,0,0,0,0
2025,2,AL,Pike County,95,0,0,0,0
2025,3,KY,Jessamine County,75,0,0,0,0
2025,3,TX,Houston County,10,0,0,0,0
2024,12,OK,Delaware County,40,0,0,0,0
2025,3,TX,Hamilton County,50,0,0,0,0
2025,3,SC,Newberry County,40,0,0,0,0
2025,1,CA,San Francisco County,10,0,0,0,0
2025,2,CA,Monterey County,45,0,0,0,0
2025,3,UT,Weber County,31,1,1,1,0
2025,3,IN,Whitley County,35,0,0,0,0
2025,3,UT,Summit County,10,0,0,0,0
2024,7,GA,Coffee County,10,0,0,0,0
2024,9,SC,Abbeville County,5,0,0,0,0
2024,9,MO,Miller County,5,0,0,0,0
2025,3,NE,Platte County,20,0,0,0,0
2024,11,NC,Wayne County,5,0,0,0,0
2024,6,AL,Monroe County,5,0,0,0,0
2025,3,KY,Anderson County,15,0,0,0,0
2025,2,VA,Mecklenburg County,5,0,0,0,0
2025,2,WI,Washington County,10,0,0,0,0
2025,2,MT,Gallatin County,45,0,0,0,0
2024,8,IN,Ripley County,5,0,0,0,0
2024,11,KY,Gallatin County,5,0,0,0,0
2024,9,ND,Grant County,5,0,0,0,0
2025,2,TN,Crockett County,30,0,0,0,0
2025,3,CA,Monterey County,5,0,0,0,0
2025,2,NY,Tompkins County,80,0,0,0,0
2025,1,IA,Warren County,10,0,0,0,0
2025,1,SD,Codington County,5,0,0,0,0
2025,3,TN,Crockett County,5,0,0,0,0
2025,2,OH,Brown County,5,0,0,0,0
2024,6,NM,Bernalillo County,7142,3,4,4,2
2024,6,TX,Johnson County,2505,0,2,0,0
2024,6,AL,Houston County,1885,2,0,0,1
2024,6,AL,Madison County,4265,52,5,3,1
2024,6,GA,Floyd County,4125,3,2,1,1
2024,6,GA,Cobb County,4045,9,5,7,1
2024,6,TN,Sevier County,1064,0,0,0,0
2024,6,IN,Boone County,225,0,0,0,0
2024,6,NC,McDowell County,2951,0,0,0,0
2024,6,FL,Lake County,2775,4,0,4,0
2024,6,MT,Lewis and Clark County,270,0,0,0,0
2024,6,MN,Hubbard County,180,0,0,0,0
2024,6,NM,San Juan County,655,0,0,0,0
2024,6,TX,Brazos County,1160,0,0,0,0
2024,6,IL,Crawford County,150,0,0,0,0
2024,6,IN,Pulaski County,40,0,0,0,0
2024,6,MI,Otsego County,265,0,0,0,0
2024,6,IL,Rock Island County,415,0,0,0,0
2024,6,FL,Hardee County,181,0,0,0,0
2024,6,OH,Columbiana County,245,0,0,0,0
2024,6,KS,Montgomery County,320,0,0,0,0
2024,7,FL,Brevard County,2405,15,0,1,0
2024,7,NM,Bernalillo County,7072,9,6,12,0
2024,7,FL,St. Johns County,4987,5,3,4,4
2024,7,GA,Gwinnett County,8322,6,4,4,1
2024,7,AL,Coffee County,553,0,0,0,0
2024,7,MN,Anoka County,2328,8,1,6,2
2024,7,NY,Monroe County,825,0,0,0,0
2024,7,SC,York County,2785,168,48,70,49
2024,7,GA,Monroe County,290,0,0,0,0
2024,7,MO,Johnson County,370,0,0,0,0
2024,7,AR,Sebastian County,265,0,0,0,0
2024,7,TX,Brazoria County,736,0,0,0,0
2024,7,WA,Spokane County,2066,1,0,1,0
2024,7,AL,Morgan County,365,0,0,0,0
2024,7,MN,Wright County,477,2,2,1,1
2024,7,OH,Scioto County,849,0,0,0,0
2024,7,IL,Wayne County,160,0,0,0,0
2024,7,KS,McPherson County,275,0,0,0,0
2024,7,NE,Johnson County,86,0,0,0,0
2024,7,OH,Huron County,25,0,0,0,0
2024,7,TX,Wichita County,161,0,0,0,0
2024,8,TX,Hamilton County,210,0,0,0,0
2024,8,VA,Louisa County,560,0,0,0,0
2024,8,WI,Dane County,610,0,0,0,0
2024,8,WA,Spokane County,1693,0,0,0,0
2024,8,MS,Alcorn County,179,0,0,0,0
2024,8,VA,Charlotte County,945,0,0,0,0
2024,8,CA,Sonoma County,30,0,0,0,0
2024,8,VA,Halifax County,55,0,0,0,0
2024,9,KY,Knox County,70,0,0,0,0
2024,9,MA,Bristol County,1642,36,13,19,32
2024,9,MO,Franklin County,285,0,0,0,0
2024,9,SC,Beaufort County,476,0,0,0,0
2024,9,PA,Fayette County,635,0,0,0,0
2024,10,CA,Riverside County,3446,2,0,5,0
2024,11,AZ,Mohave County,149,0,4,1,2
2024,11,LA,St. Tammany Parish,694,0,0,0,0
2024,11,CA,Contra Costa County,465,0,2,4,1
2024,12,OH,Trumbull County,1555,0,0,0,0
2024,12,VA,Greene County,100,0,0,0,0
2024,12,MN,Chisago County,90,1,1,0,0
2025,2,WI,Chippewa County,110,0,0,0,0
2024,6,IA,Cedar County,405,0,0,0,0
2024,6,CO,Mesa County,650,0,0,0,0
2024,7,FL,Sarasota County,2456,2,2,2,2
2024,7,TN,Hamilton County,5534,6,21,12,1
2024,7,VA,Fluvanna County,69,0,0,0,0
2024,7,KS,Osage County,430,0,0,0,0
2024,7,FL,Alachua County,834,0,0,0,0
2024,7,MI,Gogebic County,350,0,0,0,0
2024,7,OK,Craig County,120,0,0,0,0
2024,7,MI,Wayne County,1555,5,0,1,1
2024,7,AL,Etowah County,90,0,0,0,0
2024,7,OH,Tuscarawas County,140,0,0,0,0
2024,7,TN,Weakley County,779,0,0,0,0
2024,7,KY,Campbell County,650,0,0,0,0
2024,7,KY,Larue County,195,0,0,0,0
2024,7,IN,St. Joseph County,851,27,1,24,5
2024,8,MN,Crow Wing County,792,1,0,0,0
2024,8,SC,Clarendon County,115,0,0,0,0
2024,8,SC,Lancaster County,910,0,0,0,0
2024,8,VA,Appomattox County,2363,6,5,16,5
2024,8,ID,Lemhi County,180,0,0,0,0
2024,8,ME,Penobscot County,285,0,0,0,0
2024,8,MD,St. Mary's County,215,0,0,0,0
2024,8,WA,Thurston County,610,18,40,1,6
2024,8,PA,Lebanon County,430,1,0,0,1
2024,8,LA,Iberia Parish,145,0,0,0,0
2024,8,MO,Laclede County,259,6,1,0,0
2024,9,CO,Pueblo County,840,0,0,0,0
2024,9,GA,Floyd County,3892,1,1,0,0
2024,9,OK,Pittsburg County,1768,2,0,0,0
2024,9,AL,Houston County,1255,0,0,0,0
2024,9,TN,DeKalb County,330,0,0,0,0
2024,9,OR,Multnomah County,633,12,1,14,5
2024,9,PA,Philadelphia County,531,0,0,0,0
2024,9,CA,Alameda County,870,0,0,0,0
2024,9,NY,Erie County,1018,0,0,0,0
2024,9,OR,Lincoln County,415,0,0,0,0
2024,9,GA,Gordon County,500,0,0,0,0
2024,9,LA,St. Tammany Parish,656,0,0,0,0
2024,9,WA,Benton County,205,0,0,0,0
2024,9,IN,Randolph County,235,0,0,0,0
2024,9,AL,DeKalb County,353,0,0,0,0
2024,9,MI,Kent County,4298,5,2,3,3
2024,9,TX,Lampasas County,127,2,1,2,0
2024,10,GA,Polk County,831,0,0,0,0
2024,10,AR,Sebastian County,717,4,2,1,1
2024,10,OK,Bryan County,710,0,0,0,0
2024,10,SC,York County,2202,0,0,0,0
2024,10,WA,Clallam County,841,0,0,0,0
2024,10,WA,Snohomish County,1313,1,0,0,0
2024,10,NV,Douglas County,105,0,0,0,0
2024,10,FL,Jefferson County,130,0,0,0,0
2024,10,MA,Essex County,537,2,2,2,1
2024,10,WV,Hancock County,180,0,0,0,0
2024,11,AR,Baxter County,805,0,0,0,0
2024,11,MT,Blaine County,150,0,0,0,0
2024,11,NC,Wake County,3486,4,2,1,0
2024,11,OK,Tulsa County,3614,6,4,4,2
2024,11,PA,Montgomery County,2806,1,2,2,1
2024,11,VA,Prince William County,3063,0,0,0,0
2024,11,FL,Flagler County,712,3,0,1,0
2024,11,NY,Oneida County,650,0,0,0,0
2024,11,TN,Blount County,1272,2,0,1,0
2024,11,VA,Hopewell city,170,0,0,0,0
2024,10,NJ,Gloucester County,470,0,0,0,0
2024,11,SC,Orangeburg County,355,0,0,0,0
2024,11,AR,Pope County,50,0,0,0,0
2024,11,TX,Gregg County,425,1,0,1,0
2024,12,VA,Chesapeake city,2706,1,2,16,2
2024,12,OR,Klamath County,160,0,0,0,0
2024,12,AL,Geneva County,85,0,0,0,0
2024,12,IN,Harrison County,164,0,0,0,0
2024,12,NH,Hillsborough County,450,1,2,0,2
2024,12,MS,Itawamba County,220,0,0,0,0
2024,12,TX,Henderson County,654,0,0,0,0
2024,12,AR,Lonoke County,1205,0,0,0,0
2024,12,AR,Craighead County,655,0,0,0,0
2024,12,PA,Philadelphia County,254,0,0,0,0
2025,1,GA,Towns County,70,2,1,1,0
2025,1,IA,Appanoose County,140,0,0,0,0
2025,1,MD,Harford County,1815,0,0,0,0
2025,1,MS,Prentiss County,385,0,0,0,0
2025,1,NE,Otoe County,357,0,0,0,0
2025,1,OH,Stark County,1178,0,0,0,0
2025,1,OR,Washington County,636,1,1,0,0
2025,1,TN,Carter County,142,0,0,0,0
2025,1,VA,Franklin County,13973,3,0,2,1
2025,1,VA,Tazewell County,1090,0,0,0,0
2025,1,MO,Lawrence County,5,0,0,0,0
2025,2,TN,Knox County,4510,0,0,0,0
2024,6,MT,Blaine County,125,0,0,0,0
2024,6,MO,Henry County,140,0,0,0,0
2024,7,NC,Henderson County,767,3,0,0,0
2024,7,CA,Contra Costa County,110,0,0,0,0
2024,7,WA,Whitman County,25,0,0,0,0
2024,8,IN,Kosciusko County,2410,1,0,0,0
2024,8,MO,Jackson County,6185,92,33,29,24
2024,8,GA,Carroll County,290,0,0,0,0
2024,8,KY,Rockcastle County,857,0,1,0,2
2024,8,IA,Dallas County,100,0,0,0,0
2024,8,ME,Waldo County,180,0,0,0,0
2024,8,AR,White County,200,0,0,0,0
2024,9,MD,Frederick County,1989,2,1,1,0
2024,9,AL,Madison County,4089,0,0,0,0
2024,9,NC,Rutherford County,1316,11,0,4,2
2024,9,ND,Benson County,65,0,0,0,0
2024,9,TX,Cherokee County,667,4,6,0,0
2024,9,IN,Elkhart County,3164,6,1,5,1
2024,9,OH,Tuscarawas County,130,0,0,0,0
2024,10,CO,Adams County,120,66,21,58,5
2024,10,MN,Carver County,824,4,3,3,0
2024,10,NM,San Juan County,580,0,0,0,0
2024,10,FL,St. Lucie County,300,0,0,0,0
2024,11,NM,San Juan County,565,0,0,0,0
2024,11,SC,Bamberg County,190,0,0,0,0
2024,11,TX,Travis County,12231,53,50,50,40
2024,11,CA,San Diego County,3176,40,4,15,9
2024,11,IN,Warrick County,1730,13,6,0,1
2024,11,MI,Washtenaw County,531,3,0,5,0
2024,11,MS,Pike County,185,0,0,0,0
2024,11,FL,St. Lucie County,255,0,0,0,0
2024,11,MI,Berrien County,595,0,0,0,0
2024,11,NC,Wilkes County,175,0,0,0,0
2024,11,KY,Pike County,270,0,0,0,0
2024,12,AL,Marshall County,1947,0,0,0,0
2024,12,SC,York County,1976,0,0,0,0
2024,12,TN,Warren County,350,0,0,0,0
2024,12,TX,Caldwell County,105,0,0,0,0
2024,12,MO,Randolph County,155,0,0,0,0
2024,12,MO,Scott County,405,0,0,0,0
2024,12,MT,Yellowstone County,405,0,0,0,0
2024,12,PA,Allegheny County,2146,1,0,0,0
2024,12,AR,Benton County,2014,1,0,0,0
2024,12,IL,St. Clair County,665,0,0,0,0
2024,12,NH,Merrimack County,516,0,0,0,0
2024,12,OK,Wagoner County,580,0,0,0,0
2024,12,WI,Dane County,850,1,0,0,0
2024,12,WI,Eau Claire County,901,3,0,2,1
2024,12,GA,Ben Hill County,155,0,0,0,0
2025,1,AK,Anchorage Municipality,2363,11,0,4,12
2025,1,CA,Monterey County,41,1,1,0,0
2025,1,KS,Jackson County,340,0,0,0,0
2025,1,MO,Clay County,1763,0,0,0,0
2025,1,TX,Bee County,85,0,0,0,0
2025,1,VA,Campbell County,2386,0,0,0,0
2025,1,OH,Ashtabula County,1167,1,2,0,0
2025,1,CA,San Joaquin County,463,3,3,1,2
2025,1,GA,Floyd County,3457,1,1,1,4
2025,1,GA,Coweta County,1065,0,0,0,0
2025,1,KY,Boone County,325,0,0,0,0
2025,1,MI,Roscommon County,370,0,0,0,0
2025,1,TN,Dickson County,310,0,0,0,0
2025,1,MT,Custer County,145,0,0,0,0
2025,1,GA,Barrow County,326,0,0,0,0
2025,1,OR,Klamath County,105,0,0,0,0
2025,2,FL,Citrus County,2942,34,10,14,1
2025,2,HI,Hawaii County,270,0,0,0,0
2024,7,MN,Olmsted County,610,2,3,4,1
2024,11,NH,Merrimack County,465,0,0,0,0
2024,12,KS,Leavenworth County,1117,0,0,0,0
2024,12,GA,Forsyth County,1507,0,0,1,0
2024,12,NY,Jefferson County,1627,0,0,0,0
2025,1,FL,Citrus County,2118,4,1,2,4
2025,1,KY,Mercer County,374,0,0,0,0
2025,2,TX,Coryell County,741,0,0,0,0
2025,2,OK,Washington County,2300,3,3,6,4
2025,2,GA,Walton County,2982,3,5,1,0
2025,2,NE,Stanton County,390,0,0,0,0
2025,2,OR,Deschutes County,578,1,0,0,0
2025,2,IN,Posey County,190,0,0,0,0
2024,7,NC,Wake County,4297,2,3,1,0
2024,12,SC,Georgetown County,210,0,0,0,0
2024,6,SC,Chesterfield County,670,0,0,0,0
2024,6,NC,Macon County,40,0,0,2,0
2024,6,FL,DeSoto County,110,0,0,0,0
2024,6,MO,Johnson County,335,2,1,3,1
2024,6,VA,Page County,150,0,0,0,0
2024,6,TX,Martin County,150,0,0,0,0
2024,6,MN,St. Louis County,211,1,0,0,0
2024,6,AZ,Coconino County,121,1,21,6,26
2024,7,GA,Rabun County,595,0,0,0,0
2024,7,OK,Woodward County,56,0,0,0,1
2024,7,AR,Madison County,5,0,0,0,0
2024,7,KY,Carroll County,140,0,0,0,0
2024,8,CT,New London County,215,0,0,0,0
2024,8,WI,Polk County,105,0,0,0,0
2024,9,AR,White County,160,0,0,0,0
2024,9,MN,Steele County,85,0,0,0,0
2024,9,NC,Davie County,509,0,4,1,0
2024,9,WI,Grant County,470,0,0,0,0
2024,9,LA,Vermilion Parish,70,0,0,0,0
2024,9,IN,Pike County,140,0,0,0,0
2024,9,NC,Camden County,15,0,0,0,0
2024,10,FL,Miami-Dade County,490,0,0,0,0
2024,10,NC,Rockingham County,409,1,4,1,0
2024,10,SD,Hughes County,445,0,0,0,0
2024,10,MT,Sweet Grass County,55,0,0,0,0
2024,10,IN,Vigo County,170,0,0,0,0
2024,10,CA,Santa Barbara County,245,1,0,0,0
2024,10,PA,Union County,310,0,0,0,0
2024,10,HI,Maui County,25,0,0,0,0
2024,11,IN,Clay County,150,0,0,0,0
2024,11,TN,Jefferson County,150,0,0,0,0
2024,11,KS,Butler County,195,0,0,0,0
2024,11,OK,Comanche County,180,0,0,0,0
2024,11,WI,Iron County,160,0,0,0,0
2024,11,TX,Lampasas County,150,0,0,0,0
2024,11,OK,Logan County,150,0,0,0,0
2024,11,TX,Ward County,150,0,0,0,0
2024,12,TX,Orange County,1580,0,0,0,0
2024,12,KY,Simpson County,434,0,0,0,0
2024,12,TX,Callahan County,435,0,0,0,0
2024,12,KS,Montgomery County,320,0,0,0,0
2024,12,MD,Baltimore County,315,0,0,0,0
2024,12,ND,Oliver County,85,0,0,0,0
2024,12,TN,Pickett County,115,0,0,0,0
2025,1,MS,Scott County,155,0,0,0,0
2025,1,MI,Mecosta County,170,0,0,0,0
2025,1,VT,Bennington County,263,0,0,0,1
2025,2,OK,Pittsburg County,1072,0,0,0,0
2025,2,IL,Cook County,3830,22,19,23,16
2025,2,IL,Macoupin County,1445,3,2,3,3
2025,2,NC,Mecklenburg County,4157,18,16,28,21
2025,2,NM,Sandoval County,145,0,0,0,0
2025,2,NC,Cabarrus County,1145,0,1,0,0
2025,2,SC,Richland County,2192,3,0,1,0
2025,2,KS,Wabaunsee County,10,0,0,0,0
2024,6,MI,Monroe County,95,1,0,1,0
2024,10,IA,Pottawattamie County,120,0,0,0,0
2024,10,OK,Stephens County,230,0,0,0,0
2024,7,TN,Henry County,415,0,0,0,0
2024,7,WA,Franklin County,5,0,0,0,0
2024,8,KY,Scott County,55,0,0,0,0
2024,8,LA,Lincoln Parish,270,0,0,0,0
2024,8,IL,Menard County,35,0,0,0,0
2024,8,NC,Duplin County,89,0,0,0,0
2024,9,KY,Calloway County,244,0,0,0,0
2024,9,AZ,Coconino County,55,0,0,0,0
2024,9,MN,Mower County,155,0,0,0,0
2024,10,WI,Jefferson County,25,0,0,0,0
2024,10,IL,Fulton County,215,0,0,0,0
2024,11,IN,LaGrange County,25,0,0,0,0
2024,11,IL,Fulton County,255,0,0,0,0
2024,11,TX,Rusk County,150,0,0,0,0
2024,12,NJ,Union County,170,0,0,0,0
2024,12,WA,Franklin County,30,0,0,0,0
2024,12,NH,Sullivan County,60,0,0,0,0
2024,12,TX,Atascosa County,85,0,0,0,0
2024,12,NM,Santa Fe County,158,0,0,0,0
2024,12,KY,Clark County,5,3,0,0,0
2025,1,PA,Northampton County,125,0,0,0,0
2025,1,WI,Winnebago County,111,0,0,0,0
2025,1,GA,Madison County,20,0,0,0,0
2025,1,MO,Henry County,125,0,0,0,0
2025,1,GA,Pierce County,130,0,0,0,0
2025,1,TX,Fayette County,130,0,0,0,0
2024,6,TX,Brown County,5,0,0,0,0
2024,6,TN,Fentress County,10,0,0,0,0
2024,6,NY,Broome County,195,0,0,0,0
2024,7,AL,Blount County,40,0,0,0,0
2024,8,NE,Frontier County,21,0,0,0,0
2024,9,VA,Page County,150,0,0,0,0
2024,9,CO,Summit County,95,0,0,0,0
2024,10,CA,San Francisco County,5,0,0,0,0
2024,10,NC,Person County,65,0,0,0,0
2024,12,GA,Pickens County,5,0,0,0,0
2024,12,OK,Logan County,95,3,1,0,1
2025,1,WI,Manitowoc County,110,0,0,0,0
2024,7,MN,McLeod County,150,0,0,0,0
2024,8,RI,Kent County,45,0,0,0,0
2024,9,OH,Fayette County,90,0,0,0,0
2024,9,KS,Wilson County,145,0,0,0,0
2024,11,MN,Lyon County,53,0,0,0,0
2024,12,MN,Lyon County,15,0,0,0,0
2025,1,MN,Lyon County,32,0,0,0,0
2025,2,MN,Olmsted County,499,0,0,0,0
2025,2,NC,Burke County,1245,0,0,0,0
2024,8,GA,Stephens County,40,0,0,0,0
2024,8,NY,Tompkins County,95,0,0,0,0
2024,8,MN,Blue Earth County,15,1,0,0,0
2024,9,IA,Union County,85,0,0,0,0
2024,9,KS,Washington County,80,0,0,0,0
2024,9,MI,Shiawassee County,25,0,0,0,0
2024,10,SC,Saluda County,30,0,0,0,0
2024,11,PA,Northumberland County,65,0,0,0,0
2025,1,OH,Wayne County,10,0,0,0,0
2025,1,CA,Mendocino County,47,1,0,0,0
2025,1,MN,Kandiyohi County,30,0,0,0,0
2024,10,IN,Boone County,280,0,0,0,0
2024,10,NC,Warren County,35,0,0,0,0
2024,11,MS,Calhoun County,35,0,0,0,0
2025,1,OR,Coos County,10,0,0,0,0
2024,7,TN,Marion County,25,0,0,0,0
2024,9,ND,Barnes County,5,0,0,0,0
2024,10,MS,Monroe County,20,0,0,0,0
2024,10,SC,Clarendon County,90,0,0,0,0
2025,1,SC,Allendale County,25,0,0,0,0
2025,2,FL,Brevard County,1868,14,2,10,8
2025,2,MD,Washington County,330,0,0,0,0
2025,2,MO,Moniteau County,245,0,0,0,0
2025,2,NE,Sarpy County,171,20,7,11,8
2025,2,ND,Benson County,80,0,0,0,0
2024,7,VT,Windham County,5,0,0,0,0
2024,7,ND,Grant County,20,0,0,0,0
2024,10,MI,Monroe County,30,0,0,0,0
2024,10,LA,Tangipahoa Parish,80,0,0,0,0
2024,12,AR,Poinsett County,90,0,0,0,0
2025,1,NE,Nance County,5,0,0,0,0
2024,6,IN,Putnam County,13,0,0,0,0
2024,9,MO,Gentry County,5,0,0,0,0
2024,9,KY,Taylor County,15,0,0,0,0
2024,10,TN,Van Buren County,15,0,0,0,0
2024,10,NC,Lenoir County,20,0,0,0,0
2025,1,LA,Beauregard Parish,10,0,0,0,0
2025,2,MO,Jefferson County,1052,2,1,0,0
2024,6,LA,St. John the Baptist Parish,5,0,0,0,0
2024,6,MN,Carlton County,15,0,0,0,0
2024,10,NJ,Salem County,15,0,0,0,0
2025,2,IL,Cumberland County,71,0,0,0,0
2025,2,MO,Pettis County,141,0,0,0,0
2024,6,NY,Allegany County,15,0,0,0,0
2024,8,PA,Perry County,15,0,0,0,0
2024,12,ID,Latah County,5,0,0,0,0
2025,1,RI,Providence County,30,0,0,0,0
2025,2,TX,Midland County,280,0,0,0,0
2025,2,GA,Whitfield County,40,0,0,0,0
2025,2,KS,Osage County,140,0,0,0,0
2025,2,TX,Orange County,1560,0,0,0,0
2025,2,VA,Fredericksburg city,385,0,0,0,0
2025,2,GA,Houston County,342,1,1,0,0
2025,2,IN,Dearborn County,300,0,0,0,0
2025,2,MT,Lewis and Clark County,145,0,0,0,0
2025,2,TN,Dickson County,270,0,0,0,0
2025,3,GA,Columbia County,185,0,0,0,0
2025,3,MO,St. Charles County,812,0,0,0,0
2025,3,TX,Cherokee County,105,0,0,0,0
2025,3,TX,Tarrant County,3019,21,22,18,19
2025,3,GA,Camden County,302,0,0,0,0
2025,3,IL,St. Clair County,209,0,0,0,0
2025,3,NC,Franklin County,300,0,0,0,0
2025,3,SC,Lancaster County,189,0,0,0,0
2025,3,IA,Story County,190,0,0,0,0
2025,3,VA,Suffolk city,90,0,0,0,0
2025,3,CA,Sacramento County,70,0,0,0,0
2025,3,LA,Avoyelles Parish,35,0,0,0,0
2025,3,MI,Midland County,15,0,0,0,0
2025,3,MS,Hinds County,195,0,0,0,0
2025,3,ND,Mercer County,30,0,0,0,0
2025,3,TX,Brazos County,200,0,0,0,0
2025,3,CA,Siskiyou County,55,0,0,0,0
2025,3,OK,Creek County,30,0,0,0,0
2025,3,OR,Josephine County,40,0,0,0,0
2025,3,IA,Cedar County,70,0,0,0,0
2025,3,NY,Monroe County,195,0,0,0,0
2024,6,ND,Richland County,6,0,0,0,0
2024,8,IA,Madison County,25,0,0,0,0
2024,9,NY,Wyoming County,34,3,3,1,0
2024,10,OR,Jefferson County,20,0,0,0,0
2024,11,KY,Harlan County,25,0,0,0,0
2024,12,AL,Autauga County,45,0,0,0,0
2024,12,TX,Gillespie County,20,0,0,0,0
2024,8,MT,Sweet Grass County,20,0,0,0,0
2024,12,VA,Sussex County,15,0,0,0,0
2025,2,TX,Falls County,130,0,0,0,0
2024,6,WY,Campbell County,25,0,0,0,0
2024,6,OK,Ellis County,5,0,0,0,0
2024,8,NC,Vance County,25,0,0,0,0
2024,9,GA,Haralson County,5,0,0,0,0
2025,2,OK,Kingfisher County,15,0,0,0,0
2025,1,NE,Adams County,5,0,0,0,0
2025,2,NC,Bertie County,135,0,0,0,0
2025,2,MS,Franklin County,40,0,0,0,0
2025,2,NC,Warren County,15,0,0,0,0
2025,2,KY,Ohio County,110,0,0,0,0
2025,3,IN,Monroe County,50,0,0,0,0
2025,3,KY,Henderson County,65,0,0,0,0
2025,3,MN,Aitkin County,50,0,0,0,0
2025,3,MO,Perry County,25,0,0,0,0
2025,3,IN,Tipton County,10,0,0,0,0
2025,3,IN,Rush County,10,0,0,0,0
2025,2,MN,Lyon County,33,0,0,0,0
2025,2,NJ,Cape May County,25,0,0,0,0
2025,2,SD,Grant County,15,0,0,0,0
2024,8,MO,Gentry County,5,0,0,0,0
2024,12,OH,Pickaway County,13,0,0,0,0
2025,2,SD,Douglas County,80,0,0,0,0
2025,2,NY,Genesee County,20,0,0,0,0
2025,3,NY,Queens County,50,8,2,2,5
2025,3,NE,Sarpy County,31,0,1,0,2
2024,8,NJ,Salem County,20,0,0,0,0
2025,1,SC,Saluda County,25,0,0,0,0
2025,1,NC,Ashe County,15,0,0,0,0
2024,6,KY,Jackson County,1,0,0,0,0
2024,7,IA,Benton County,5,0,0,0,0
2024,10,CO,La Plata County,5,0,0,0,0
2025,3,OK,Kingfisher County,5,0,0,0,0
2025,2,KS,Rush County,100,0,0,0,0
2024,9,TX,Archer County,10,0,0,0,0
2024,8,GA,Dade County,5,0,0,0,0
2024,10,MT,Gallatin County,5,0,0,0,0
2025,3,VA,Page County,20,0,0,0,0
2025,3,TX,Burleson County,35,0,0,0,0
2025,2,NJ,Somerset County,7,0,0,0,0
2025,2,IA,Muscatine County,15,0,0,0,0
2025,3,PA,Snyder County,25,2,0,0,0
2025,3,ND,McKenzie County,20,0,0,0,0
2024,6,TX,Lamar County,1,0,0,0,0
2024,9,OH,Guernsey County,5,0,0,0,0
2025,3,GA,Butts County,30,0,0,0,0
2025,3,TX,Hidalgo County,5,0,0,0,0
2025,2,WV,Lincoln County,5,0,0,0,0
2024,6,GA,Douglas County,2705,0,0,0,0
2024,6,IL,Lee County,395,0,0,0,0
2024,6,NC,Alexander County,542,2,1,1,1
2024,6,CA,Alameda County,1136,0,0,0,0
2024,6,OH,Franklin County,1785,11,2,1,2
2024,6,GA,Fulton County,4108,4,2,2,0
2024,6,MI,Ottawa County,5070,1,3,2,0
2024,6,NC,Catawba County,7120,22,14,19,11
2024,6,WA,Pierce County,2297,6,1,4,2
2024,6,NM,Doña Ana County,100,0,0,0,0
2024,6,PA,Lycoming County,166,1,0,0,0
2024,6,MS,Marshall County,265,0,0,0,0
2024,6,TN,Tipton County,2127,0,0,0,0
2024,6,PA,Clearfield County,710,0,0,0,0
2024,6,GA,Barrow County,480,0,0,0,0
2024,6,NC,Sampson County,200,0,0,0,0
2024,6,CT,Fairfield County,827,4,0,1,0
2024,6,FL,Jefferson County,135,0,0,0,0
2024,6,TN,White County,535,0,0,0,1
2024,6,NV,Clark County,341,0,0,0,0
2024,6,ME,Waldo County,225,0,0,0,0
2024,6,PA,Chester County,1001,3,2,1,0
2024,7,KS,Wyandotte County,1778,0,0,10,0
2024,7,OR,Clackamas County,3696,23,28,15,4
2024,7,PA,Butler County,60,0,0,0,0
2024,7,LA,St. Tammany Parish,750,0,0,0,0
2024,7,MD,Harford County,1870,0,0,0,0
2024,7,OH,Morrow County,350,0,0,0,0
2024,7,TX,Gonzales County,638,1,84,2,0
2024,7,TX,Houston County,60,0,0,0,0
2024,7,VA,Portsmouth city,345,0,0,0,0
2024,7,FL,Collier County,450,0,0,0,0
2024,7,FL,Manatee County,1275,33,19,14,5
2024,7,PA,Somerset County,260,0,0,0,0
2024,7,OR,Washington County,1063,4,21,2,2
2024,7,IA,Dallas County,100,0,0,0,0
2024,7,MS,Rankin County,655,0,0,0,0
2024,7,GA,Stephens County,5,0,0,0,0
2024,7,CA,Inyo County,30,0,0,0,0
2024,8,AR,Calhoun County,20,0,0,0,0
2024,8,GA,Dougherty County,940,0,0,0,0
2024,8,GA,Newton County,740,9,12,7,12
2024,8,LA,Sabine Parish,883,0,0,0,0
2024,8,MI,Charlevoix County,245,0,0,0,0
2024,8,NY,Richmond County,120,0,0,0,0
2024,8,NC,Sampson County,145,0,0,0,0
2024,8,KY,Hardin County,598,0,0,0,0
2024,8,MS,Leflore County,186,0,0,0,0
2024,8,AZ,Yavapai County,540,0,0,0,0
2024,8,GA,Peach County,41,0,0,0,0
2024,9,NC,Burke County,1273,0,0,0,0
2024,9,FL,Liberty County,391,1,0,0,0
2024,9,MI,Kalamazoo County,1680,4,0,1,0
2024,9,LA,West Feliciana Parish,351,0,0,0,0
2024,9,NC,Forsyth County,1180,0,0,0,0
2024,9,RI,Kent County,50,0,0,0,0
2024,9,NM,Chaves County,360,0,0,0,0
2024,9,TN,Washington County,1185,0,0,0,0
2024,10,SC,Aiken County,6848,1,1,1,1
2024,10,NY,St. Lawrence County,540,0,0,0,0
2024,10,MS,DeSoto County,1460,0,0,0,0
2024,10,NC,Davie County,460,0,0,0,0
2024,11,NY,Chemung County,380,0,0,0,0
2024,12,GA,Polk County,803,0,0,0,0
2024,6,CO,Weld County,709,0,0,0,0
2024,6,PA,Centre County,1318,1,0,0,0
2024,6,FL,Calhoun County,30,0,0,0,0
2024,6,IL,St. Clair County,879,7,2,7,1
2024,6,MN,Rice County,186,1,13,82,1
2024,6,NY,Chenango County,141,0,0,0,0
2024,6,GA,Oconee County,195,0,0,0,0
2024,6,LA,Sabine Parish,945,0,0,0,0
2024,6,AL,Lee County,2030,0,0,0,0
2024,7,VA,Suffolk city,495,1,0,0,0
2024,7,CO,Larimer County,825,0,0,0,0
2024,7,WI,Sauk County,285,0,0,0,0
2024,7,OH,Lorain County,750,0,0,0,0
2024,7,VA,Campbell County,2495,0,1,0,0
2024,7,VA,Pittsylvania County,1720,0,0,0,0
2024,7,MD,Wicomico County,285,0,0,1,1
2024,7,VA,Bristol city,445,0,0,0,0
2024,7,TX,Kendall County,270,0,0,0,0
2024,7,GA,Hart County,200,0,0,0,0
2024,8,DE,New Castle County,1200,0,0,0,0
2024,8,GA,Fulton County,4183,1,1,0,0
2024,8,NC,Guilford County,1808,1,2,2,1
2024,8,TX,Chambers County,650,0,0,0,0
2024,8,VA,Chesterfield County,10659,2,0,0,0
2024,8,ME,Cumberland County,375,0,0,0,0
2024,8,AL,Houston County,1420,0,0,0,0
2024,8,IN,Hancock County,890,0,0,0,0
2024,8,MS,Harrison County,210,1,0,1,0
2024,8,OK,Wagoner County,690,0,0,0,0
2024,8,AZ,Pinal County,1145,2,0,1,0
2024,8,OH,Fulton County,430,0,0,0,0
2024,8,OH,Clark County,245,0,0,0,0
2024,8,IL,Piatt County,130,0,0,1,0
2024,8,MS,Jackson County,680,2,0,0,2
2024,8,IL,Moultrie County,66,0,0,0,0
2024,8,TN,Anderson County,665,0,0,0,0
2024,8,OK,Delaware County,75,0,0,0,0
2024,8,NC,Camden County,20,0,0,0,0
2024,9,TX,Bexar County,5412,7,3,0,1
2024,9,IN,St. Joseph County,966,0,0,0,0
2024,9,KY,Jefferson County,2988,8,4,13,2
2024,9,MO,Cedar County,155,0,0,0,0
2024,9,NC,Buncombe County,819,0,0,0,0
2024,9,TX,Young County,410,0,0,0,0
2024,9,NC,Nash County,2321,0,0,0,0
2024,9,OR,Washington County,746,0,0,0,0
2024,9,SC,Orangeburg County,375,4,0,0,0
2024,9,WA,Cowlitz County,816,1,0,1,1
2024,9,KY,Woodford County,515,0,0,0,0
2024,9,KS,Leavenworth County,1276,0,0,0,0
2024,9,OH,Defiance County,160,0,0,0,0
2024,9,PA,Mercer County,261,0,0,0,0
2024,10,AL,Jefferson County,6393,0,3,0,0
2024,10,MN,Sherburne County,310,0,0,0,0
2024,9,TX,Navarro County,140,0,0,0,0
2024,10,OR,Douglas County,355,0,0,0,0
2024,10,SC,Spartanburg County,5449,3,0,0,3
2024,10,LA,Ouachita Parish,2565,0,0,0,0
2024,10,TN,Tipton County,1471,0,0,0,0
2024,10,GA,Jasper County,215,0,0,0,0
2024,10,NC,Cleveland County,790,0,0,1,1
2024,10,NC,Forsyth County,1155,0,0,0,0
2024,10,OK,Okmulgee County,927,0,0,0,0
2024,10,TX,Schleicher County,85,0,0,0,0
2024,10,MO,Boone County,725,1,1,1,0
2024,10,PA,Berks County,825,3,1,1,1
2024,11,TX,Navarro County,105,0,0,0,0
2024,11,VA,Bedford County,1893,2,1,0,1
2024,11,CA,Orange County,1891,0,0,0,0
2024,11,VA,King George County,530,0,0,0,0
2024,11,ND,Morton County,140,0,0,0,0
2024,11,KY,McCracken County,1575,0,0,0,0
2024,11,KY,Garrard County,176,0,0,0,0
2024,11,MA,Worcester County,665,10,3,5,0
2024,12,MD,Prince George's County,1455,0,0,0,0
2024,12,TX,Harris County,10296,3,2,16,4
2024,12,TN,Gibson County,2326,0,1,8,0
2024,12,KY,McCracken County,1500,0,0,0,0
2024,12,MO,Platte County,1140,0,0,0,0
2024,12,MI,Presque Isle County,130,0,0,0,0
2024,11,NM,Chaves County,305,0,0,0,0
2024,12,VA,Isle of Wight County,355,0,0,0,0
2024,12,TX,Fayette County,170,0,0,0,0
2025,1,AL,Madison County,4260,6,6,1,2
2025,1,IN,Tippecanoe County,1335,0,0,0,0
2025,1,HI,Honolulu County,2060,164,90,86,153
2024,6,NC,Surry County,231,0,0,0,0
2024,7,MD,Calvert County,1450,0,0,0,0
2024,7,MS,Lauderdale County,710,2,2,4,0
2024,7,OR,Umatilla County,150,0,0,0,0
2024,7,TN,Hawkins County,334,0,0,0,0
2024,7,TN,Rhea County,1535,0,0,0,0
2024,8,VA,Lynchburg city,1208,5,0,4,2
2024,8,MI,Otsego County,250,0,0,0,0
2024,8,MA,Bristol County,1668,29,15,21,30
2024,8,FL,Indian River County,505,13,4,3,3
2024,8,FL,Okaloosa County,583,2,0,3,0
2024,8,MI,Tuscola County,75,0,0,0,0
2024,9,ID,Ada County,625,0,0,0,0
2024,9,FL,Santa Rosa County,1261,36,3,16,5
2024,9,SC,Cherokee County,1410,0,0,0,0
2024,9,TN,Claiborne County,755,0,0,0,0
2024,9,TX,Kerr County,1255,0,0,4,0
2024,9,VA,Waynesboro city,330,0,0,0,0
2024,9,MS,Yalobusha County,5,0,0,0,0
2024,9,NC,Scotland County,1570,0,0,0,0
2024,9,OH,Clinton County,80,1,5,1,1
2024,9,TN,Weakley County,725,0,0,0,0
2024,9,GA,Harris County,491,0,0,0,0
2024,9,WI,Bayfield County,251,0,0,0,0
2024,9,MA,Essex County,447,6,1,1,1
2024,9,PA,York County,810,3,0,1,2
2024,10,TX,Ellis County,2385,0,0,1,0
2024,10,WI,Wood County,635,0,0,0,1
2024,10,OH,Franklin County,1234,3,0,0,0
2024,10,CA,Kern County,257,0,0,2,0
2024,10,GA,Cherokee County,1710,3,3,2,2
2024,10,SC,Kershaw County,826,0,0,0,0
2024,10,MA,Middlesex County,551,0,0,0,0
2024,10,VA,Page County,145,0,0,0,0
2024,10,VA,Shenandoah County,185,0,0,0,0
2024,11,FL,St. Johns County,4008,37,0,0,0
2024,11,TX,Taylor County,14439,1,3,1,1
2024,11,GA,Catoosa County,1382,6,4,1,0
2024,11,MN,Anoka County,3434,2,1,2,0
2024,11,NC,Union County,1368,3,0,2,1
2024,11,VA,Tazewell County,1160,0,0,0,0
2024,11,MN,Otter Tail County,265,0,0,0,0
2024,11,VA,Suffolk city,435,0,0,0,0
2024,11,IL,Monroe County,35,0,0,0,0
2024,11,LA,Jefferson Parish,175,0,0,0,0
2024,11,CT,Middlesex County,42,0,0,0,0
2024,12,ID,Jerome County,265,0,0,0,0
2024,12,NC,Catawba County,6708,3,4,2,0
2024,12,TX,Williamson County,15026,16,16,8,1
2024,12,GA,Walton County,1328,0,0,0,0
2024,12,IL,Montgomery County,155,0,0,0,0
2024,12,OK,Oklahoma County,3045,2,0,4,1
2024,12,MO,St. Louis County,2952,0,0,0,1
2024,12,CT,New London County,240,0,0,0,0
2024,12,IL,McLean County,805,0,0,0,0
2024,12,MT,Blaine County,135,0,0,0,0
2024,12,TX,Brazos County,1150,0,0,0,0
2024,12,VA,Norfolk city,385,0,0,0,0
2024,12,WY,Laramie County,155,0,0,0,0
2024,12,VA,Pittsylvania County,1590,0,0,0,0
2024,12,NE,Buffalo County,300,0,0,0,0
2024,12,NC,Gaston County,1065,2,0,0,0
2024,12,NC,Davidson County,755,7,25,1,0
2024,12,KY,Livingston County,85,0,0,0,0
2024,12,SC,Beaufort County,555,0,0,0,0
2024,12,IL,Morgan County,400,0,0,0,0
2024,12,ND,Dickey County,90,0,0,0,0
2024,12,MI,Ingham County,586,27,3,4,2
2024,12,TX,Scurry County,747,1,0,2,0
2025,1,CA,Riverside County,2954,1,0,0,0
2025,1,GA,Douglas County,2347,1,3,2,0
2025,1,OH,Hamilton County,3362,42,8,16,15
2025,1,TX,Kerr County,1425,1,0,29,0
2025,1,CO,Pueblo County,925,0,0,0,0
2025,1,VA,Goochland County,648,0,0,0,0
2025,1,AR,Lonoke County,1245,0,0,0,0
2025,1,TX,Guadalupe County,1819,0,0,0,0
2025,1,AL,DeKalb County,336,0,0,0,0
2024,9,KY,Logan County,265,0,0,0,0
2024,10,OK,Pottawatomie County,280,0,0,0,0
2024,12,MN,Anoka County,3693,9,2,4,2
2024,12,AR,Pulaski County,1289,25,1,0,1
2025,1,TX,Galveston County,2714,1,0,0,0
2025,1,AR,Sebastian County,560,0,0,0,0
2025,1,AL,Baldwin County,435,0,0,0,0
2024,6,KY,Graves County,170,0,0,0,0
2024,6,VA,Fairfax city,150,1,0,1,1
2024,6,KY,Hancock County,180,0,0,0,0
2024,6,MN,Kandiyohi County,150,0,0,0,0
2024,6,TN,Haywood County,20,0,0,0,0
2024,6,CT,Hartford County,405,0,1,1,0
2024,6,IN,Posey County,260,0,0,0,0
2024,6,KY,Menifee County,180,0,0,0,0
2024,7,IA,Union County,1054,327,2,0,0
2024,7,NY,Livingston County,310,0,0,0,0
2024,7,MI,St. Clair County,105,0,0,0,0
2024,7,KY,Hardin County,651,0,0,0,0
2024,7,CT,Hartford County,345,0,0,0,0
2024,7,GA,Ben Hill County,145,0,0,0,0
2024,7,MI,Livingston County,260,0,0,0,0
2024,8,IA,Buchanan County,287,1,0,1,1
2024,8,IL,Wayne County,220,0,0,0,0
2024,8,OH,Sandusky County,65,0,0,0,0
2024,9,GA,Brooks County,185,0,0,0,0
2024,9,TX,Randall County,211,0,0,0,0
2024,9,MI,St. Clair County,76,0,0,0,0
2024,9,NY,Ontario County,120,0,0,0,0
2024,8,GA,Hart County,195,0,0,0,0
2024,9,IN,LaGrange County,63,0,0,1,0
2024,9,MD,St. Mary's County,224,0,0,1,0
2024,9,NJ,Passaic County,65,0,0,0,0
2024,9,OK,Le Flore County,75,0,0,0,0
2024,9,VA,Floyd County,80,0,0,0,0
2024,9,MN,Goodhue County,145,0,0,0,0
2024,10,IN,DeKalb County,462,0,0,0,0
2024,10,IN,Hamilton County,895,3,0,0,0
2024,10,NH,Hillsborough County,525,0,0,0,0
2024,10,VA,Greene County,110,0,0,0,0
2024,10,OK,Seminole County,15,0,0,0,0
2024,10,IN,Clay County,155,0,0,0,0
2024,10,KY,Kenton County,205,2,0,1,0
2024,10,TN,Stewart County,35,0,0,0,0
2024,10,OR,Columbia County,20,0,0,0,0
2024,10,VA,Suffolk city,470,0,0,0,0
2024,10,TN,Hamblen County,330,0,0,0,0
2024,11,AR,Sharp County,145,0,0,0,0
2024,11,MO,Henry County,140,0,0,0,0
2024,11,OH,Ottawa County,15,0,0,0,0
2024,11,NC,Person County,105,0,0,0,0
2024,10,IL,Montgomery County,155,0,0,0,0
2024,11,CA,Solano County,80,0,0,0,0
2024,11,MI,Newaygo County,195,0,0,0,0
2024,12,IN,Porter County,331,6,1,20,1
2024,12,OH,Hancock County,387,0,2,14,1
2024,12,GA,Whitfield County,95,0,0,0,0
2024,12,MI,Muskegon County,55,0,0,0,0
2024,12,TX,Hopkins County,80,0,0,0,0
2024,12,NC,Warren County,15,0,0,0,0
2024,12,WI,Racine County,153,0,0,0,0
2025,1,OK,Kingfisher County,31,0,0,0,0
2025,1,TN,Hardeman County,590,0,0,0,0
2025,1,MI,Ingham County,330,2,0,4,0
2025,1,NY,Oneida County,595,0,0,0,0
2025,1,VA,Pittsylvania County,1790,33,12,44,19
2024,6,OH,Huron County,20,0,0,0,0
2025,1,VA,Bedford County,1886,1,0,2,0
2024,6,CA,Monterey County,137,0,0,0,0
2024,6,MN,Stearns County,92,6,6,7,6
2024,6,IL,Piatt County,90,0,0,0,0
2024,6,KS,Wilson County,130,0,0,0,0
2024,7,MI,Allegan County,115,0,0,0,0
2024,8,TX,Kendall County,205,0,0,0,0
2024,9,SC,Saluda County,25,0,0,0,0
2024,9,MO,Ralls County,97,0,0,0,0
2024,9,HI,Maui County,40,0,0,0,0
2024,9,CA,Sacramento County,198,0,0,0,0
2024,9,MO,Carroll County,150,0,0,0,0
2024,9,PA,Cambria County,60,0,0,0,0
2024,10,IL,White County,155,0,0,0,0
2024,10,TN,Cocke County,235,0,0,0,0
2024,11,MN,Hubbard County,195,0,0,0,0
2024,12,NC,Bertie County,40,0,0,0,0
2024,12,OK,Lincoln County,5,0,0,0,0
2025,1,DE,New Castle County,1080,0,0,0,0
2025,1,KY,Bullitt County,500,0,0,0,0
2025,1,KY,Carroll County,130,0,0,0,0
2025,1,ND,Cass County,510,0,0,0,0
2024,10,MI,Livingston County,115,0,0,0,0
2024,6,NE,Frontier County,67,0,0,0,0
2024,6,MN,Chisago County,35,0,0,0,0
2024,7,TX,Garza County,40,0,0,0,0
2024,8,LA,Avoyelles Parish,115,0,0,0,0
2024,9,NH,Strafford County,145,0,0,0,0
2024,12,TX,Leon County,150,0,0,0,0
2024,12,NY,Wyoming County,5,0,0,0,0
2024,6,RI,Providence County,120,0,0,0,0
2024,6,TX,Houston County,55,0,0,0,0
2024,6,KS,Crawford County,80,0,0,0,0
2024,6,IL,Moultrie County,30,0,0,0,0
2024,7,NV,Storey County,10,0,0,0,0
2024,7,PA,Indiana County,150,0,0,0,0
2024,10,NY,Richmond County,20,0,0,0,0
2024,10,FL,Levy County,155,0,0,0,0
2024,11,WI,Racine County,135,0,0,0,0
2024,11,NY,Yates County,150,0,0,0,0
2024,6,MN,Faribault County,16,0,0,0,0
2024,9,SC,Union County,70,0,0,0,0
2024,10,NJ,Passaic County,70,0,0,0,0
2024,10,IN,Monroe County,72,0,0,0,0
2024,10,LA,West Baton Rouge Parish,40,0,0,0,0
2024,10,MO,Polk County,65,0,0,0,0
2024,11,NC,Beaufort County,80,0,0,0,0
2024,12,KY,Trimble County,275,0,0,0,0
2024,6,IA,Benton County,10,0,0,0,0
2024,8,VA,Norton city,55,0,0,0,0
2024,8,TN,Wayne County,10,0,0,0,0
2024,9,MO,Washington County,25,1,0,0,0
2024,6,TN,Stewart County,45,0,0,0,0
2024,6,TX,San Patricio County,15,0,0,0,0
2024,6,NC,Vance County,15,0,0,0,0
2024,8,IN,Marshall County,15,0,0,0,0
2024,8,TX,Grimes County,25,0,0,0,0
2024,8,WI,Washington County,10,0,0,0,0
2024,10,CO,Kit Carson County,50,0,0,0,0
2024,10,NC,Vance County,20,0,0,0,0
2024,12,NE,Platte County,25,0,0,0,0
2024,8,IL,Iroquois County,10,0,0,0,0
2024,9,TX,Waller County,34,0,0,0,0
2025,1,AR,Poinsett County,115,0,0,0,0
2025,1,LA,West Baton Rouge Parish,30,0,0,0,0
2024,8,CA,San Francisco County,5,0,0,0,0
2024,9,OH,Huron County,10,0,0,0,0
2025,1,NC,Wilkes County,340,0,0,0,0
2024,9,IN,Lawrence County,30,0,0,0,0
2024,10,IL,Effingham County,105,0,0,0,0
2025,1,TX,Howard County,75,0,0,0,0
2025,1,KS,Butler County,100,0,0,0,0
2025,1,NY,Saratoga County,75,0,0,0,0
2025,1,NE,Platte County,142,1,0,0,0
2025,1,GA,Bibb County,180,0,0,0,0
2025,2,AL,Dallas County,85,0,0,0,0
2025,2,IA,Johnson County,1030,0,0,0,0
2025,2,VA,Chesapeake city,2232,1,0,0,0
2025,2,OH,Medina County,540,0,0,0,0
2025,2,GA,Cobb County,2984,18,10,9,4
2025,2,GA,Fayette County,875,0,0,0,0
2025,2,MA,Plymouth County,310,0,0,0,0
2025,2,MI,Otsego County,245,0,0,0,0
2025,2,PA,Mifflin County,380,0,0,0,0
2025,2,TX,Burnet County,529,3,0,0,4
2025,2,VA,Albemarle County,300,0,0,0,0
2025,2,AL,Elmore County,2048,0,0,0,0
2025,2,FL,Pinellas County,2399,8,12,6,7
2025,2,NC,Durham County,785,0,0,0,0
2025,2,NC,Lenoir County,25,0,0,0,0
2025,2,TN,Obion County,435,0,0,0,0
2025,2,NY,Oneida County,530,0,0,0,0
2025,2,IL,Whiteside County,465,0,0,0,0
2025,2,VA,Fairfax city,135,0,0,0,0
2025,2,WI,Walworth County,259,0,0,0,0
2025,2,TX,Cherokee County,520,0,0,0,0
2025,2,KY,Webster County,235,0,0,0,0
2025,2,MI,Wexford County,240,0,0,0,0
2025,2,AR,Pope County,50,0,0,0,0
2025,2,IA,Washington County,250,0,0,0,0
2025,2,VA,Surry County,50,1,4,1,1
2025,3,IL,Madison County,189,0,0,0,0
2025,3,FL,Manatee County,206,7,1,0,0
2025,3,FL,Polk County,605,0,0,0,0
2025,3,MI,Berrien County,158,0,0,0,0
2025,3,OH,Warren County,320,0,0,0,0
2025,3,ME,Piscataquis County,30,0,0,0,0
2025,3,WA,Okanogan County,10,0,0,0,0
2025,3,MA,Middlesex County,180,0,0,0,0
2025,3,OH,Hamilton County,557,0,0,3,0
2025,3,TX,Randall County,124,1,1,1,0
2025,3,NE,Pierce County,153,5,0,3,0
2025,1,OR,Curry County,54,0,0,0,0
2025,1,NC,Stokes County,380,0,0,0,0
2025,1,PA,Fulton County,180,0,0,0,0
2025,2,OH,Vinton County,100,0,0,0,0
2025,2,LA,Vernon Parish,425,0,0,0,0
2025,2,IN,Wabash County,355,0,0,0,0
2025,2,MS,Harrison County,160,0,0,0,0
2024,7,TX,Kimble County,5,0,0,0,0
2024,8,IL,Williamson County,5,0,0,0,1
2024,7,TN,Fentress County,5,0,0,0,0
2024,11,OR,Polk County,51,1,0,0,0
2024,12,OR,Tillamook County,15,0,0,0,0
2024,8,TN,Fentress County,15,0,0,0,0
2024,9,OH,Coshocton County,10,0,0,0,0
2024,9,AR,Crittenden County,5,0,0,0,0
2024,10,SD,Minnehaha County,19,0,0,0,0
2024,12,OK,Kingfisher County,25,0,0,0,0
2024,6,AL,Talladega County,5,0,0,0,0
2024,7,IA,Dubuque County,8,0,0,0,0
2024,12,NY,Fulton County,25,0,0,0,0
2024,10,NY,Chemung County,100,0,0,0,0
2024,10,WI,Washington County,10,0,0,0,0
2025,2,KY,Boyle County,480,0,0,0,0
2025,2,LA,Franklin Parish,161,0,0,0,0
2025,2,RI,Kent County,90,0,0,0,0
2025,3,NY,Richmond County,5,0,0,0,0
2025,3,TX,Bee County,15,0,0,0,0
2025,2,TN,Morgan County,445,0,0,0,0
2025,2,TX,Houston County,40,0,0,0,0
2025,2,KY,Trimble County,210,0,0,0,0
2025,2,LA,Tangipahoa Parish,69,8,2,10,7
2025,2,TX,Gray County,71,0,0,0,0
2025,2,FL,Holmes County,70,0,0,0,1
2025,3,AL,Morgan County,50,0,0,0,0
2025,3,OH,Richland County,60,0,0,0,0
2025,2,AL,Cullman County,50,0,0,0,0
2025,2,TX,Garza County,10,0,0,0,0
2025,2,TN,Lawrence County,35,0,0,0,0
2025,3,WI,Barron County,30,0,0,0,0
2025,3,KS,Stanton County,20,0,0,0,0
2025,3,TN,Lincoln County,23,0,0,0,0
2025,3,HI,Hawaii County,45,0,0,0,0
2024,9,GA,Coffee County,10,0,0,0,0
2024,9,OH,Ross County,15,0,0,0,0
2024,10,MD,Allegany County,5,0,0,0,0
2024,6,PA,Perry County,45,0,0,0,0
2025,2,KS,Wilson County,55,0,0,0,0
2025,2,MO,Ralls County,95,0,0,0,0
2025,3,GA,Murray County,35,0,0,0,0
2025,3,NE,Knox County,25,0,0,0,0
2025,3,MD,Queen Anne's County,30,0,0,0,0
2024,6,IA,Plymouth County,5,0,0,0,0
2024,10,OR,Coos County,5,0,0,0,0
2025,2,SC,Edgefield County,10,0,0,0,0
2025,1,GA,Dade County,10,0,0,0,0
2025,2,KY,Johnson County,10,0,0,0,0
2025,2,MO,Lincoln County,20,0,0,1,0
2025,3,TN,Humphreys County,55,0,0,0,0
2025,1,MD,Cecil County,5,0,0,0,0
2024,8,TX,Nacogdoches County,5,0,0,0,0
2024,11,TN,Van Buren County,10,0,0,0,0
2025,2,CA,San Francisco County,5,0,0,0,0
2025,3,VA,Grayson County,50,0,0,0,0
2024,11,MO,Washington County,5,0,0,0,0
2025,2,TX,Mitchell County,5,0,0,0,0
2024,10,MS,Yalobusha County,5,0,0,0,0
2024,10,CA,Sutter County,1,1,0,0,0
2025,1,GA,Richmond County,5,0,0,0,0
2025,3,NE,Kearney County,5,0,0,0,0
2025,1,CA,Trinity County,2,0,0,0,0
2025,3,AR,Arkansas County,15,0,0,0,0
2025,2,WI,Vernon County,5,0,0,0,0
2025,1,NV,Lyon County,6,0,0,0,0
2025,2,MD,Allegany County,5,0,0,0,0
2025,3,NE,Polk County,5,0,0,0,0
2025,3,KY,Bourbon County,5,0,0,0,0
2024,6,TN,Williamson County,6038,1,0,1,0
2024,6,LA,Bossier Parish,2065,0,0,0,0
2024,6,FL,St. Johns County,4714,1,0,0,0
2024,6,MD,Anne Arundel County,705,10,4,1,0
2024,6,MD,Harford County,1830,0,0,0,0
2024,6,NC,Cleveland County,1052,1,1,0,0
2024,6,TX,Ellis County,2562,2,0,0,0
2024,6,DE,Sussex County,385,0,0,0,0
2024,6,TX,Montgomery County,7253,5,5,12,0
2024,6,SC,Clarendon County,124,0,0,0,0
2024,6,AL,Marshall County,2806,0,0,0,0
2024,6,TN,Washington County,1365,0,0,0,0
2024,6,KY,Washington County,90,0,0,0,0
2024,6,NC,Cabarrus County,1299,5,5,4,0
2024,6,NY,Cortland County,155,0,0,0,0
2024,6,TX,Titus County,25,0,0,0,0
2024,6,GA,Ben Hill County,215,0,0,0,0
2024,6,OH,Summit County,465,0,0,0,1
2024,6,MI,Oceana County,101,2,0,3,4
2024,6,VA,Albemarle County,360,0,0,0,0
2024,6,ND,Hettinger County,115,0,0,0,0
2024,7,PA,Dauphin County,1540,3,4,0,1
2024,7,SC,Aiken County,7199,7,4,1,0
2024,7,VA,Newport News city,1375,0,0,0,0
2024,7,AL,Madison County,4768,16,2,4,6
2024,7,GA,Lowndes County,605,0,0,0,0
2024,7,NC,Randolph County,1265,0,0,0,0
2024,7,VA,Staunton city,990,0,0,0,0
2024,7,TN,Smith County,375,0,0,0,0
2024,7,GA,Irwin County,405,0,0,0,0
2024,7,KY,Pulaski County,260,0,0,0,0
2024,7,MN,Sherburne County,152,0,1,3,2
2024,7,GA,Catoosa County,1449,50,12,12,2
2024,7,TN,Montgomery County,1393,4,2,2,3
2024,7,CO,Adams County,69,5,3,0,0
2024,8,IL,Madison County,970,0,2,4,0
2024,8,MD,Prince George's County,2667,1,1,2,0
2024,8,MO,Greene County,2731,3,0,1,0
2024,8,NC,Wake County,3855,3,0,2,1
2024,8,WI,Manitowoc County,100,0,0,0,0
2024,8,GA,Chatham County,165,0,0,0,0
2024,8,GA,Clayton County,595,0,0,0,0
2024,8,TN,Sequatchie County,360,2,0,0,0
2024,8,NC,Durham County,999,0,0,0,0
2024,8,TX,Victoria County,95,0,0,0,0
2024,8,IA,Scott County,659,0,0,0,0
2024,8,OH,Clermont County,711,7,4,4,0
2024,8,LA,Calcasieu Parish,180,0,0,0,0
2024,8,CA,Contra Costa County,100,0,0,0,0
2024,9,NY,Queens County,331,8,2,0,0
2024,9,IA,Polk County,280,1,0,0,0
2024,9,IA,Sioux County,1221,0,0,0,0
2024,9,NC,Wilkes County,190,0,0,0,0
2024,9,TX,Jefferson County,329,1,1,1,1
2024,10,OR,Yamhill County,450,0,0,0,0
2024,10,FL,Palm Beach County,315,3,0,2,1
2024,10,MN,Olmsted County,548,1,0,0,0
2024,11,CO,El Paso County,4580,6,3,6,1
2024,10,KY,Logan County,230,0,0,0,0
2024,11,VA,Campbell County,2426,2,0,0,0
2025,2,IN,DeKalb County,436,0,0,1,0
2024,6,AL,Cherokee County,30,0,0,0,0
2024,6,CO,Jefferson County,168,1,0,0,0
2024,6,VA,Newport News city,1475,1,0,1,1
2024,6,AR,Phillips County,265,0,0,0,0
2024,6,VA,Westmoreland County,425,0,0,0,0
2024,6,OH,Wood County,190,0,0,0,0
2024,7,OH,Butler County,1827,5,3,49,68
2024,7,IL,Madison County,857,5,6,11,1
2024,7,IL,Winnebago County,2447,84,35,15,0
2024,7,TN,Morgan County,510,0,0,0,0
2024,7,CA,Riverside County,3779,3,1,2,1
2024,7,ME,York County,340,0,0,0,0
2024,7,MD,Dorchester County,175,0,0,0,0
2024,7,NC,Halifax County,155,0,0,0,0
2024,7,PA,Armstrong County,105,0,0,0,0
2024,7,AR,Faulkner County,670,0,0,0,0
2024,7,MO,Webster County,751,0,0,0,0
2024,7,TN,Loudon County,1130,0,0,0,0
2024,7,CA,Ventura County,1227,59,18,21,0
2024,7,NV,Douglas County,120,0,0,0,0
2024,7,GA,Chattooga County,199,0,0,0,0
2024,7,VA,Manassas city,210,0,0,0,0
2024,8,CO,El Paso County,4850,13,20,19,3
2024,8,KS,Johnson County,18100,13,6,9,3
2024,8,VA,Salem city,1342,4,0,3,0
2024,8,IL,Will County,3368,7,0,1,0
2024,8,KY,Daviess County,1016,0,0,0,0
2024,8,MO,Taney County,1070,0,0,0,0
2024,8,SC,Pickens County,351,1,0,1,0
2024,8,CA,San Luis Obispo County,995,0,0,0,0
2024,8,GA,Glynn County,557,0,0,0,0
2024,8,MD,Carroll County,495,0,0,0,0
2024,8,TX,Lubbock County,1285,1,0,0,1
2024,8,TN,Humphreys County,470,0,0,0,0
2024,8,OR,Linn County,296,0,0,0,0
2024,8,TX,Martin County,150,0,0,0,0
2024,8,WI,Kenosha County,205,0,0,0,0
2024,8,OK,Muskogee County,120,0,0,0,0
2024,9,CA,San Diego County,3422,0,0,1,0
2024,9,FL,Leon County,3316,4,0,10,0
2024,9,IL,Kane County,1205,15,4,1,0
2024,9,MD,Prince George's County,2428,23,15,16,7
2024,9,VA,Poquoson city,461,0,0,0,0
2024,9,FL,Orange County,8684,11,12,10,2
2024,9,NE,Garden County,229,0,0,0,0
2024,9,NC,Rowan County,975,0,0,0,0
2024,9,CO,Douglas County,635,3,2,2,1
2024,9,IA,Cedar County,330,3,0,1,0
2024,9,MS,Marion County,110,0,0,0,0
2024,9,NC,Caldwell County,1129,10,3,4,0
2024,9,KY,Boyd County,195,0,0,0,0
2024,9,IN,Morgan County,415,2,0,2,2
2024,9,MI,Presque Isle County,140,0,0,0,0
2024,9,MN,Faribault County,50,0,0,0,0
2024,9,FL,Baker County,255,0,0,0,0
2024,9,KY,Spencer County,130,0,0,0,0
2024,10,ME,Penobscot County,215,0,0,0,0
2024,10,TN,Maury County,1435,0,0,0,0
2024,10,MD,Prince George's County,2701,6,6,4,2
2024,10,TX,Callahan County,470,3,1,2,0
2024,10,VA,Frederick County,595,0,0,0,0
2024,11,VA,Chesterfield County,9258,0,0,4,0
2024,11,AL,Morgan County,325,0,0,0,0
2024,11,NE,Lancaster County,2268,0,0,0,0
2024,11,FL,Sumter County,1375,0,0,0,0
2024,11,TX,Archer County,100,0,0,0,0
2024,11,OK,Washington County,2676,1,1,0,0
2024,11,OK,Kay County,1089,3,4,2,0
2024,10,WI,Marathon County,260,0,0,0,0
2024,11,AL,Lee County,1764,1,1,1,0
2024,11,AL,Coffee County,513,0,0,10,0
2024,11,GA,Rabun County,495,0,0,0,0
2024,12,SC,Charleston County,2736,32,0,0,0
2024,12,GA,Lowndes County,460,0,0,0,0
2024,12,TN,Dyer County,455,0,0,0,0
2024,12,VA,Powhatan County,716,13,0,9,0
2025,1,MO,Cass County,2285,0,0,0,0
2025,1,OK,Rogers County,165,0,0,0,0
2025,1,PA,Mercer County,367,0,0,0,0
2025,1,PA,Montgomery County,2833,0,0,0,0
2025,1,TX,Williamson County,14890,12,0,5,2
2025,1,WV,Putnam County,20,0,0,0,0
2025,1,OH,Hancock County,405,0,0,0,0
2025,1,DE,Sussex County,540,0,0,0,0
2025,1,IL,LaSalle County,300,0,0,0,0
2025,2,PA,Centre County,1804,0,0,0,0
2025,2,GA,Murray County,240,0,0,0,0
2025,2,TX,Llano County,185,0,0,0,0
2024,7,IL,Whiteside County,892,14,3,10,7
2024,7,GA,Thomas County,495,0,0,0,0
2024,8,CO,Larimer County,795,0,0,0,0
2024,8,NC,Pender County,955,0,0,0,0
2024,8,MD,Anne Arundel County,707,13,9,5,0
2024,8,TX,Tyler County,380,0,0,0,0
2024,8,NC,Alexander County,376,0,0,0,0
2024,8,KY,Garrard County,168,1,0,0,0
2024,8,SC,Chesterfield County,635,0,0,0,0
2024,9,AR,Lonoke County,1025,0,0,0,0
2024,9,ID,Payette County,150,5,0,0,0
2024,9,IL,Macoupin County,1630,0,0,0,0
2024,9,VA,Rockingham County,700,0,0,0,0
2024,9,WA,Whatcom County,1381,0,0,2,0
2024,9,SC,Berkeley County,1381,15,1,18,3
2024,9,KY,Mercer County,425,0,0,0,0
2024,9,MS,DeSoto County,1541,0,0,0,0
2024,10,OH,Marion County,1575,5,0,1,0
2024,10,VA,Loudoun County,2345,1,1,0,0
2024,10,MI,Newaygo County,360,0,0,0,0
2024,10,MO,Webster County,749,2,0,2,0
2024,10,NC,Rutherford County,1189,0,0,0,0
2024,10,PA,Northampton County,110,0,0,0,0
2024,10,TN,Bedford County,1225,0,0,0,0
2024,11,TX,Collin County,7819,7,2,2,3
2024,11,NE,Douglas County,1614,2,0,1,0
2024,11,TN,Hamilton County,4428,3,2,1,1
2024,11,OR,Josephine County,238,0,0,0,0
2024,11,MI,Eaton County,138,0,0,0,0
2024,11,AR,Benton County,1948,13,2,9,2
2024,11,VA,Salem city,1500,0,0,0,0
2024,11,TN,Sevier County,915,0,0,0,0
2024,11,IL,Kane County,978,6,1,0,0
2024,11,GA,Talbot County,45,0,0,0,0
2024,11,TX,Orange County,1496,0,0,0,0
2024,12,AL,Madison County,4483,28,13,13,7
2024,12,MN,Mower County,205,0,0,0,0
2024,12,WA,Clark County,1060,0,0,0,0
2024,12,NY,Kings County,160,0,0,0,0
2024,12,OH,Butler County,1820,0,0,0,63
2024,12,GA,Barrow County,305,0,0,0,0
2024,12,IL,DuPage County,1334,6,5,5,3
2024,12,KY,Woodford County,475,2,2,1,0
2024,12,MI,Kalamazoo County,1486,0,0,0,0
2024,12,NJ,Gloucester County,540,0,0,0,0
2024,12,MD,Washington County,285,0,0,0,0
2024,12,VA,Campbell County,2340,0,0,0,2
2024,12,KY,Jessamine County,394,0,0,0,0
2024,12,SC,Fairfield County,365,0,0,0,0
2024,12,IL,Clinton County,40,0,0,0,0
2024,12,MI,Clinton County,10,0,0,0,0
2025,1,FL,Santa Rosa County,1090,0,0,0,0
2025,1,SC,Aiken County,6321,1,0,3,0
2025,1,VA,Montgomery County,835,0,0,0,0
2025,1,VA,Fredericksburg city,425,0,0,0,0
2025,1,WA,Pierce County,1749,10,9,9,1
2025,1,MI,Washtenaw County,567,2,1,3,0
2025,1,NE,Stanton County,488,2,3,2,2
2025,1,NC,Caldwell County,567,0,4,3,0
2025,1,WA,Whatcom County,1635,5,0,0,2
2025,1,MO,Dade County,152,0,0,0,0
2025,1,CA,Siskiyou County,205,0,0,0,0
2025,1,AL,Cherokee County,25,0,0,0,0
2025,2,NE,Douglas County,1605,0,0,0,0
2025,2,NM,Santa Fe County,120,0,0,0,0
2025,2,OR,Multnomah County,826,1,2,12,0
2025,2,MI,Macomb County,376,5,0,0,0
2025,2,PA,Crawford County,365,0,0,0,0
2025,2,SC,Cherokee County,1350,0,0,0,0
2025,2,TX,Young County,370,0,0,0,0
2025,2,WA,Spokane County,1315,0,0,0,0
2025,2,VA,Fluvanna County,85,0,0,0,0
2024,10,MN,Hennepin County,4806,37,15,13,10
2024,11,MO,Christian County,959,2,2,0,0
2024,11,IL,Livingston County,66,1,0,1,0
2024,12,WI,Bayfield County,185,0,0,0,0
2025,1,FL,Hillsborough County,15650,26,20,28,65
2025,1,IN,Allen County,4139,15,2,17,3
2025,1,PA,Washington County,325,0,0,0,0
2025,1,WI,Dane County,810,3,1,1,0
2025,1,MI,Macomb County,610,0,0,0,0
2025,2,TX,Parker County,275,0,0,0,0
2025,2,VA,Loudoun County,1999,15,6,5,4
2025,2,WI,Eau Claire County,790,0,0,0,0
2025,2,ND,Morton County,135,0,0,0,0
2025,2,GA,Brooks County,255,0,0,0,0
2024,6,GA,Oglethorpe County,150,0,0,0,0
2024,6,SD,Lincoln County,130,0,0,0,0
2024,6,IL,Kendall County,55,0,0,0,0
2024,6,MN,Otter Tail County,165,0,0,0,0
2024,6,LA,Tensas Parish,410,0,0,0,0
2024,6,IL,Champaign County,300,0,0,0,0
2024,7,AL,Chambers County,55,0,0,0,0
2024,7,VA,Halifax County,70,0,0,0,0
2024,7,VA,Arlington County,25,0,0,0,0
2024,7,OH,Clinton County,115,0,0,0,0
2024,7,KS,Brown County,40,0,0,0,0
2024,7,TX,Schleicher County,80,0,0,0,0
2024,7,VA,Page County,145,0,0,0,0
2024,7,UT,Utah County,33,1,1,1,0
2024,7,SC,Lee County,10,0,0,0,0
2024,8,KY,Campbell County,545,0,0,0,0
2024,8,TN,Lewis County,105,0,0,0,0
2024,8,WI,Chippewa County,55,0,0,0,0
2024,9,KS,Crawford County,50,0,0,0,0
2024,9,TX,Tyler County,300,0,0,0,0
2024,9,VA,Stafford County,485,0,0,0,0
2024,9,VA,Shenandoah County,150,0,0,0,0
2024,9,KS,Stanton County,140,0,0,0,0
2024,9,TN,Bledsoe County,25,0,0,0,0
2024,9,NY,Kings County,171,0,0,0,0
2024,9,TX,Victoria County,30,0,0,0,0
2024,10,PA,Westmoreland County,420,0,0,0,0
2024,10,IN,Posey County,275,0,0,0,0
2024,10,VA,Montgomery County,665,0,0,3,0
2024,10,TN,Jefferson County,180,0,0,0,0
2024,10,GA,Bryan County,145,0,0,0,0
2024,11,MN,Kandiyohi County,50,0,0,0,0
2024,12,ME,Androscoggin County,725,0,0,0,0
2024,12,MO,Caldwell County,237,1,1,1,1
2024,12,CO,Otero County,105,0,0,0,0
2024,12,TX,Palo Pinto County,205,0,0,0,0
2024,12,AZ,Yavapai County,360,0,0,0,0
2025,1,NH,Strafford County,140,0,0,0,0
2025,1,SC,Marion County,165,0,0,0,0
2025,1,MN,McLeod County,171,0,0,0,0
2025,1,MO,Ralls County,116,0,0,0,0
2025,1,TX,Burleson County,185,0,0,0,0
2025,1,KY,Livingston County,135,0,0,0,0
2025,1,KY,Spencer County,150,0,0,0,0
2025,1,OH,Fairfield County,411,0,0,0,0
2025,2,MI,Newaygo County,111,0,0,0,0
2025,2,IA,Dallas County,252,2,0,0,0
2025,2,NC,Hoke County,175,1,0,0,1
2024,9,MT,Stillwater County,80,0,0,0,0
2024,12,LA,Avoyelles Parish,90,0,0,0,0
2025,1,ME,Piscataquis County,60,0,0,0,0
2025,1,OH,Erie County,130,0,0,0,0
2025,1,MN,Mower County,205,0,0,0,0
2025,2,AR,Union County,140,0,0,4,0
2024,6,OK,Lincoln County,27,0,0,0,0
2024,6,WI,Washburn County,140,0,0,0,0
2024,6,TX,Franklin County,30,0,0,0,0
2024,6,WI,Polk County,85,0,0,0,0
2024,6,NM,Lincoln County,20,0,0,0,0
2024,7,GA,Columbia County,400,0,0,0,0
2024,8,TN,Carter County,196,0,0,0,0
2024,9,ND,Morton County,140,0,0,0,0
2024,9,PA,Clarion County,75,0,0,0,0
2024,9,CA,Marin County,85,0,0,0,0
2024,9,MN,Sherburne County,170,1,0,0,0
2024,9,MT,Blaine County,140,0,0,0,0
2024,10,MN,Otter Tail County,261,2,0,0,0
2024,10,TN,Chester County,140,0,0,0,0
2024,10,OK,Muskogee County,45,0,0,0,0
2024,10,FL,Escambia County,577,5,4,4,6
2024,11,KY,Ohio County,140,0,0,0,0
2024,11,NE,Garden County,130,0,0,0,0
2024,11,SC,Colleton County,125,0,0,0,0
2024,11,OH,Holmes County,70,1,3,3,0
2024,12,SD,Grant County,42,0,0,0,0
2024,12,MI,Osceola County,120,0,0,0,0
2025,1,NC,Stanly County,28,0,0,0,0
2025,1,GA,Oconee County,35,0,0,0,0
2025,1,IA,Wayne County,35,0,0,0,0
2025,2,TX,Anderson County,465,0,0,0,0
2025,2,MI,Gladwin County,279,0,0,0,0
2025,2,NC,Edgecombe County,265,0,0,0,0
2024,7,ID,Latah County,88,0,0,1,0
2024,7,LA,Morehouse Parish,20,0,0,0,0
2024,7,TX,Franklin County,25,0,0,0,0
2024,8,TN,Dickson County,320,0,0,0,0
2024,8,MD,Allegany County,15,0,0,0,0
2024,8,GA,Brooks County,230,0,0,0,0
2024,8,OH,Champaign County,220,0,0,0,0
2024,8,NE,Cass County,25,0,0,0,0
2024,9,GA,Appling County,11,0,0,0,0
2024,10,NC,Duplin County,165,0,0,0,0
2024,10,SD,Grant County,51,0,0,0,0
2024,10,TN,Moore County,95,0,0,0,0
2024,11,IN,Johnson County,200,0,0,0,0
2024,12,IL,Monroe County,85,0,0,0,0
2025,1,GA,Clarke County,10,0,0,0,0
2025,1,WI,Jefferson County,32,0,0,0,0
2025,1,IL,Peoria County,120,0,0,0,0
2024,6,NY,Saratoga County,40,0,0,0,0
2024,6,WV,Cabell County,5,0,0,0,0
2024,6,ND,Grant County,15,0,0,0,0
2024,7,MO,Barry County,3,0,0,0,0
2024,9,MI,Branch County,150,0,0,0,0
2024,9,IN,Tipton County,5,0,0,0,0
2024,10,RI,Kent County,40,0,0,0,0
2024,10,FL,Hamilton County,95,0,0,0,0
2024,10,PA,Butler County,95,1,0,0,0
2024,10,NE,Platte County,20,0,0,0,0
2024,8,OK,Lincoln County,27,4,17,12,0
2024,8,SC,Jasper County,180,0,0,0,0
2024,8,SD,Douglas County,55,0,0,0,0
2024,8,IL,Kendall County,15,0,0,0,0
2024,9,KY,Owen County,55,0,0,0,0
2024,10,KS,Jefferson County,45,0,0,0,0
2024,11,OH,Putnam County,100,0,0,0,0
2024,12,PA,Erie County,35,0,0,0,0
2024,12,NY,Livingston County,85,0,0,0,0
2024,12,TX,Runnels County,15,0,0,0,0
2024,12,PA,Schuylkill County,85,0,0,0,0
2025,1,NJ,Union County,155,0,0,0,0
2025,1,IL,Clinton County,35,0,0,0,0
2024,6,OH,Belmont County,45,0,0,0,0
2024,7,AR,Pope County,45,0,0,0,0
2024,9,MT,Sweet Grass County,44,0,0,0,0
2024,11,VA,Danville city,155,0,0,0,0
2024,12,NE,York County,10,0,0,0,0
2025,2,VA,Nelson County,285,0,0,0,0
2025,2,OK,Stephens County,235,0,0,0,0
2024,6,VA,Buckingham County,15,0,0,0,0
2024,11,AR,Drew County,5,0,0,0,0
2024,12,IL,Logan County,45,0,0,0,0
2024,6,MO,Oregon County,15,0,0,0,0
2024,9,TN,Van Buren County,5,0,0,0,0
2024,10,AL,Blount County,40,0,0,0,0
2024,12,NY,Lewis County,35,0,0,0,0
2025,2,MN,Itasca County,195,0,0,0,0
2025,2,OH,Holmes County,65,0,0,0,0
2025,2,PA,Butler County,75,0,0,0,0
2025,2,PA,Bradford County,435,0,0,0,0
2025,3,IL,Will County,575,2,0,1,0
2025,3,TX,Gonzales County,40,0,0,0,0
2025,3,WA,Cowlitz County,192,0,1,0,0
2025,3,LA,St. Tammany Parish,115,0,0,0,0
2025,3,LA,Tensas Parish,60,0,0,0,0
2025,3,MD,Washington County,71,0,0,0,0
2025,3,NC,Cleveland County,220,0,0,0,0
2025,3,OH,Belmont County,35,0,0,0,0
2025,3,WI,Outagamie County,150,0,0,0,0
2025,3,GA,Liberty County,25,0,0,0,0
2025,3,KS,Osage County,30,0,0,0,0
2025,3,NE,Lincoln County,35,0,0,0,0
2025,3,SC,Dorchester County,154,0,0,0,0
2025,3,MO,St. Louis County,580,1,0,0,0
2025,3,OH,Geauga County,35,0,0,0,0
2025,3,OR,Washington County,138,0,0,0,0
2025,3,FL,Columbia County,65,0,0,0,0
2025,3,KY,Marshall County,90,0,0,0,0
2025,3,TN,Blount County,235,0,0,0,0
2025,3,TX,Hale County,99,0,0,0,0
2025,3,CA,Yuba County,30,0,0,0,0
2025,3,KY,Perry County,75,0,0,0,0
2025,3,SC,Oconee County,80,0,0,0,0
2025,3,AL,Montgomery County,145,0,0,0,0
2025,3,GA,Colquitt County,20,0,0,0,0
2025,3,KY,Calloway County,45,0,0,0,0
2025,3,ND,Benson County,20,0,0,0,0
2025,3,OH,Clermont County,100,0,0,0,0
2025,3,OH,Wyandot County,55,0,0,0,0
2025,3,VA,Goochland County,35,0,0,0,0
2024,6,NY,Genesee County,25,0,0,0,0
2024,11,WV,Mingo County,10,0,0,0,0
2025,1,GA,Bacon County,10,0,0,0,0
2024,10,PA,Susquehanna County,15,0,0,0,0
2024,10,VA,Rappahannock County,258,1,0,0,0
2025,3,MS,Tippah County,15,0,0,0,0
2024,7,AR,Cleburne County,10,0,0,0,0
2024,8,MT,Broadwater County,105,0,0,0,0
2024,10,MN,Clay County,20,0,0,0,0
2024,8,DE,Kent County,10,0,0,0,0
2024,9,NY,Ulster County,25,0,0,0,0
2024,10,MS,Calhoun County,15,0,0,0,0
2025,2,IL,Saline County,50,0,0,0,0
2024,6,CA,Inyo County,10,0,0,0,0
2024,11,VT,Caledonia County,5,0,0,0,0
2025,2,FL,Walton County,135,0,0,0,0
2024,8,OH,Ross County,28,0,0,0,0
2024,10,TX,Atascosa County,35,0,0,0,0
2025,1,OH,Washington County,20,3,2,2,2
2025,3,ND,Stutsman County,10,0,0,0,0
2025,3,NM,Chaves County,65,0,0,0,0
2025,3,WA,Thurston County,105,0,0,0,0
2025,3,CA,Santa Cruz County,55,0,0,0,0
2025,2,WI,Polk County,95,0,0,0,0
2025,3,TX,Burnet County,110,0,0,0,0
2025,3,VA,Powhatan County,290,0,0,0,0
2025,2,MO,Polk County,10,0,0,0,0
2024,6,IL,Iroquois County,70,0,0,0,0
2024,7,LA,West Baton Rouge Parish,20,0,0,0,0
2025,2,KS,Greenwood County,40,0,0,0,0
2025,2,MS,Wayne County,75,0,0,0,0
2025,3,VA,Caroline County,30,0,0,0,0
2024,12,GA,Haralson County,10,0,0,0,0
2024,8,MO,Cape Girardeau County,10,0,0,0,0
2024,10,MO,Camden County,5,0,0,0,0
2025,2,NH,Sullivan County,40,0,0,0,0
2025,3,PA,Monroe County,25,0,0,0,0
2025,3,AL,Coosa County,25,0,0,0,0
2025,3,MI,Livingston County,20,0,0,0,0
2025,3,IL,Bureau County,10,0,0,1,0
2024,12,LA,Beauregard Parish,5,0,0,0,0
2025,2,FL,Monroe County,10,0,0,0,0
2024,11,ND,Grant County,5,0,0,0,0
2025,1,KY,Clark County,5,0,0,0,0
2025,1,OR,Union County,1,1,1,1,1
2025,3,MN,Rice County,50,0,0,0,0
2024,8,TX,Terry County,5,0,0,0,0
2024,11,MD,Cecil County,5,0,0,0,0
2025,2,WA,Skagit County,29,1,0,0,0
2025,3,NE,Washington County,30,0,0,0,0
2025,3,NY,Montgomery County,11,0,0,0,0
2025,1,NY,Montgomery County,15,0,0,0,0
2025,3,VT,Bennington County,35,0,0,0,0
2024,9,WV,Wayne County,5,0,0,0,0
2025,3,TX,Shelby County,50,0,0,0,0
2025,3,MN,Morrison County,10,0,0,0,0
2025,3,AR,Phillips County,60,0,0,0,0
2024,10,NM,Curry County,5,0,0,0,0
2025,1,ND,Grant County,7,0,0,0,0
2025,3,KS,Brown County,10,0,0,0,0
2025,3,AL,St. Clair County,10,0,0,0,0
2025,3,IN,Knox County,10,0,0,0,0
2025,3,MS,Itawamba County,35,0,0,0,0
2025,2,WI,Taylor County,5,0,0,0,0
2025,2,ME,Sagadahoc County,1,0,0,0,0
2024,6,IN,Madison County,415,0,0,0,0
2024,6,TX,Bexar County,6413,14,7,46,0
2024,6,TX,Dallas County,7976,10,6,15,8
2024,6,LA,Caddo Parish,1986,1,7,0,0
2024,6,TX,San Saba County,150,0,0,0,0
2024,6,VA,Fairfax County,2872,17,0,6,1
2024,6,GA,Troup County,1035,2,1,2,2
2024,6,MN,Dakota County,1448,3,0,2,1
2024,6,MO,Cass County,2706,3,0,0,0
2024,6,MO,Christian County,1496,0,0,0,0
2024,6,SC,Greenville County,3375,1,0,0,1
2024,6,VA,Goochland County,575,0,1,0,0
2024,6,GA,Fayette County,1071,0,0,0,0
2024,6,TX,Coryell County,784,13,0,0,3
2024,6,TX,Palo Pinto County,180,0,0,0,0
2024,6,ID,Kootenai County,492,3,0,6,2
2024,6,OH,Greene County,1638,0,0,0,0
2024,6,OK,McClain County,528,0,0,0,0
2024,6,TN,Sequatchie County,450,1,1,0,0
2024,6,VA,Amherst County,195,0,0,0,0
2024,6,NC,Onslow County,403,0,0,0,0
2024,6,PA,York County,933,0,0,0,0
2024,6,KY,Oldham County,260,0,0,0,0
2024,6,NM,San Miguel County,145,0,0,0,0
2024,6,MI,Charlevoix County,275,0,0,0,0
2024,6,MO,Pettis County,155,0,0,0,0
2024,6,VA,Staunton city,975,0,0,0,0
2024,7,FL,Osceola County,2027,0,0,7,1
2024,7,OH,Hamilton County,3672,4,0,8,0
2024,7,MT,Yellowstone County,615,3,1,3,0
2024,7,OH,Marion County,1938,3,1,10,0
2024,7,NC,Cabarrus County,1349,8,2,4,0
2024,7,TN,Dyer County,275,0,0,0,0
2024,7,NC,Yancey County,420,0,0,0,0
2024,7,LA,Caddo Parish,1900,0,0,0,2
2024,7,VA,Powhatan County,700,0,0,0,0
2024,7,MO,Laclede County,184,2,0,0,0
2024,7,KY,Woodford County,580,0,0,0,0
2024,7,NC,Granville County,520,0,0,0,0
2024,8,GA,Gwinnett County,7829,35,15,4,5
2024,8,PA,Philadelphia County,519,10,0,0,1
2024,8,OK,Stephens County,295,0,0,0,0
2024,8,MO,Howard County,80,0,0,0,0
2024,8,WA,Snohomish County,1156,4,1,1,2
2024,8,WI,Sheboygan County,1742,1,0,0,0
2024,8,FL,Clay County,1105,0,0,0,0
2024,8,MS,Yazoo County,270,0,0,0,0
2024,8,KS,Jackson County,435,0,0,0,0
2024,8,IL,Winnebago County,2314,65,45,12,0
2024,8,KY,Hopkins County,250,0,0,0,0
2024,9,TN,Rhea County,670,0,0,0,0
2024,9,NH,Rockingham County,205,0,0,0,0
2024,9,PA,Clearfield County,580,0,0,0,0
2024,9,NE,Madison County,109,0,1,0,0
2024,9,CO,Adams County,78,4,3,1,2
2024,10,TX,Tarrant County,16809,108,99,103,99
2024,10,TX,Gonzales County,600,0,0,0,0
2024,12,OK,Pottawatomie County,315,0,0,0,0
2024,12,HI,Hawaii County,295,0,0,1,0
2024,12,KY,Warren County,1395,0,0,2,0
2024,12,NY,Chenango County,150,0,0,0,0
2024,6,MI,Montcalm County,330,0,0,0,0
2024,6,ME,Cumberland County,810,0,0,0,0
2024,6,TX,Hunt County,385,0,0,0,0
2024,6,GA,Bryan County,85,0,0,0,0
2024,6,SC,Lancaster County,845,0,0,0,0
2024,6,LA,Webster Parish,290,0,0,0,0
2024,6,TN,Cheatham County,485,0,0,0,0
2024,6,VA,Bland County,6,0,0,0,0
2024,6,NC,Currituck County,125,0,0,0,0
2024,6,LA,Catahoula Parish,140,0,0,0,0
2024,7,IN,Warrick County,2065,0,0,0,0
2024,7,MI,Roscommon County,300,0,0,0,0
2024,7,OK,Bryan County,685,0,0,0,0
2024,7,VA,Carroll County,485,0,0,0,0
2024,7,TX,Bexar County,6313,26,13,7,5
2024,7,GA,Rockdale County,1090,0,0,0,0
2024,7,IN,Bartholomew County,575,0,0,0,0
2024,7,NE,Seward County,135,0,0,0,0
2024,7,IL,Cumberland County,61,3,1,0,0
2024,7,KS,Miami County,375,0,0,0,0
2024,7,AR,Craighead County,630,0,0,0,0
2024,7,IL,Coles County,25,0,0,0,0
2024,7,LA,Lafayette Parish,115,0,0,0,0
2024,7,SC,Marion County,145,0,0,0,0
2024,7,VA,James City County,260,0,0,0,0
2024,7,OH,Madison County,125,0,0,0,0
2024,7,WV,Hancock County,200,0,0,0,0
2024,8,FL,Flagler County,593,2,1,1,1
2024,8,MI,Oceana County,172,3,1,4,2
2024,8,AR,Clay County,145,0,0,0,0
2024,8,AR,Pulaski County,1486,0,0,0,0
2024,8,NC,Henderson County,747,0,0,2,0
2024,8,ME,York County,290,0,0,0,0
2024,8,CT,Tolland County,120,0,0,0,0
2024,8,MO,Scott County,316,0,0,0,0
2024,8,VA,Harrisonburg city,280,0,0,0,0
2024,9,FL,Clay County,1215,0,0,1,0
2024,9,IN,Jennings County,130,0,0,0,0
2024,9,SC,Lexington County,3860,0,0,0,0
2024,9,LA,Ouachita Parish,2585,0,0,0,0
2024,9,LA,Rapides Parish,2494,11,0,5,0
2024,9,MN,Itasca County,275,0,0,0,0
2024,9,TN,Fayette County,765,0,0,0,0
2024,9,OR,Douglas County,380,0,0,0,0
2024,9,IL,St. Clair County,640,0,0,0,0
2024,9,MD,Calvert County,870,0,0,0,0
2024,9,MS,Harrison County,160,0,1,0,0
2024,9,OH,Geauga County,330,0,0,0,0
2024,9,GA,Columbia County,415,0,0,0,0
2024,9,NJ,Union County,175,0,0,0,0
2024,9,VA,Carroll County,445,0,0,0,0
2024,9,LA,Richland Parish,515,0,0,0,0
2024,9,ND,Cass County,397,0,1,0,0
2024,10,PA,Perry County,30,0,0,0,0
2024,10,VA,Roanoke County,3580,25,20,10,2
2024,10,IL,Champaign County,175,0,0,0,0
2024,10,FL,Pinellas County,2335,12,1,2,0
2024,10,IA,Cedar County,345,2,2,3,0
2024,10,KS,Leavenworth County,1330,0,0,0,0
2024,10,TX,Hutchinson County,485,0,0,0,0
2024,10,OH,Lucas County,1217,1,0,0,0
2024,10,TX,Tom Green County,491,0,0,0,0
2024,10,CA,Butte County,422,0,0,0,0
2024,10,OR,Washington County,734,3,2,1,1
2024,10,TN,White County,510,2,0,0,0
2024,10,WA,Spokane County,1480,0,0,0,0
2024,10,IL,Monroe County,40,0,0,0,0
2024,11,CA,San Bernardino County,2843,0,1,0,0
2024,11,FL,Indian River County,1625,34,11,17,6
2024,11,FL,Sarasota County,3462,19,1,3,1
2024,11,GA,Fulton County,3792,10,3,2,1
2024,11,TN,Carroll County,645,0,0,2,0
2024,11,IL,Montgomery County,150,0,0,0,0
2024,11,MS,Yazoo County,210,0,0,0,0
2024,11,MD,Anne Arundel County,525,1,0,0,0
2024,11,VA,Portsmouth city,261,1,0,0,1
2024,11,IL,Cook County,3746,11,6,11,5
2024,11,VA,Stafford County,704,2,0,0,0
2024,11,SC,Oconee County,620,0,0,0,0
2024,11,WA,Kitsap County,45,0,0,0,0
2024,11,NY,Niagara County,465,0,0,0,0
2024,12,LA,Caddo Parish,1530,0,0,0,0
2024,12,IN,Bartholomew County,901,0,0,0,0
2024,12,KY,Harlan County,25,0,0,0,0
2024,12,MO,St. Louis city,871,0,0,0,0
2024,12,TN,Benton County,260,0,0,0,0
2024,12,AR,Ashley County,335,0,0,0,0
2025,1,AZ,Maricopa County,4689,6,4,4,1
2025,1,MN,Itasca County,230,0,0,0,0
2025,1,NC,Gaston County,1180,0,0,0,0
2025,1,TX,Houston County,55,0,0,0,0
2025,1,VA,Augusta County,2614,0,0,0,0
2024,6,NC,Forsyth County,1944,2,0,0,0
2024,7,AR,Saline County,1136,6,0,0,0
2024,7,OH,Miami County,1183,1,2,1,2
2024,7,CO,Otero County,335,0,0,0,0
2024,7,NY,New York County,140,0,0,0,0
2024,7,TX,Falls County,140,0,0,0,0
2024,7,OK,Creek County,238,0,0,0,0
2024,8,NE,Dawson County,170,0,0,0,0
2024,8,CO,Weld County,850,0,0,0,0
2024,8,FL,Brevard County,2258,0,1,0,1
2024,8,LA,Ouachita Parish,2591,0,0,0,0
2024,8,NV,Douglas County,132,5,10,2,1
2024,8,WA,Whitman County,20,0,0,0,0
2024,8,MI,Clinton County,30,0,0,0,0
2024,8,RI,Providence County,94,0,0,2,0
2024,8,TX,Grayson County,430,0,0,0,0
2024,8,WI,Rock County,753,0,0,0,2
2024,8,IL,Effingham County,201,5,3,1,0
2024,8,IL,Logan County,75,0,0,0,0
2024,9,IN,Vanderburgh County,3302,0,0,0,0
2024,9,VA,Roanoke County,3683,26,27,75,0
2024,9,VA,Loudoun County,2238,0,0,0,0
2024,10,MT,Stillwater County,115,0,0,0,0
2024,9,SC,Oconee County,670,0,0,0,0
2024,10,CO,Larimer County,830,0,0,0,0
2024,10,MD,Anne Arundel County,352,0,0,0,0
2024,10,GA,Houston County,405,0,0,0,0
2024,10,SC,Oconee County,685,0,1,2,0
2024,10,NH,Rockingham County,210,0,0,0,0
2024,10,IN,Floyd County,672,2,1,0,0
2024,10,MO,Marion County,965,0,0,0,0
2024,10,NY,Saratoga County,90,0,0,0,0
2024,10,TX,Jones County,586,0,0,0,0
2024,10,GA,Troup County,1000,0,0,0,0
2024,11,AR,Sebastian County,707,0,0,0,4
2024,11,AR,Washington County,1080,0,0,0,0
2024,11,KY,Marshall County,670,0,0,0,0
2024,11,IN,Henry County,290,4,11,6,0
2024,10,AR,Union County,180,0,0,11,0
2024,10,IL,Macoupin County,1835,0,0,0,0
2024,11,VA,Charlotte County,1100,0,0,0,0
2024,11,TX,Wise County,290,0,0,0,0
2024,11,GA,Columbia County,680,1,1,0,0
2024,11,OR,Washington County,640,0,1,0,0
2024,11,GA,Douglas County,1805,0,0,0,0
2024,11,WA,Whitman County,20,0,0,0,0
2024,11,IN,Pike County,140,0,0,0,0
2024,11,GA,Pierce County,155,0,0,0,0
2024,12,MS,Forrest County,210,0,0,0,0
2024,12,OK,McClain County,479,0,0,0,0
2024,12,SC,Greenville County,3506,6,2,8,0
2024,12,LA,East Baton Rouge Parish,210,0,0,0,0
2024,12,MN,Ramsey County,2190,4,6,19,3
2024,12,NC,Davie County,510,0,0,0,0
2024,12,TN,Marshall County,540,0,0,1,3
2024,12,ID,Canyon County,145,0,0,0,0
2024,12,MD,Carroll County,475,0,0,0,0
2024,12,NC,Franklin County,1275,14,11,20,15
2024,12,NC,Harnett County,330,0,0,0,1
2024,12,FL,Escambia County,600,0,0,0,0
2024,12,LA,Tangipahoa Parish,90,0,0,0,0
2024,12,MD,Howard County,585,0,0,0,0
2024,12,NC,Caldwell County,648,0,0,0,0
2024,12,SC,Dorchester County,745,0,0,0,0
2024,12,VA,Lynchburg city,1182,1,1,1,1
2024,12,PA,Mercer County,340,0,0,0,2
2025,1,IL,DuPage County,1604,2,2,1,2
2025,1,KY,Campbell County,415,0,0,0,0
2025,1,MN,St. Louis County,295,0,0,0,0
2025,1,OH,Lucas County,1890,3,1,3,2
2025,1,SC,Lexington County,3810,1,0,0,0
2025,1,VA,Chesterfield County,10245,0,0,0,0
2025,1,TN,Grainger County,195,0,0,0,0
2025,1,TN,Wilson County,2723,9,4,3,1
2024,9,TX,Harrison County,755,0,0,0,0
2024,10,TX,Fort Bend County,5291,5,1,4,2
2024,10,VA,Nelson County,350,0,0,0,0
2024,11,ME,Piscataquis County,140,0,0,0,0
2024,12,NC,Nash County,2145,0,0,0,0
2024,12,VA,Waynesboro city,380,2,0,0,0
2025,1,KS,McPherson County,245,0,0,0,0
2025,1,KS,Shawnee County,5954,5,1,4,1
2024,6,IA,Polk County,320,10,2,2,0
2024,6,VA,Suffolk city,520,0,0,0,0
2024,6,WY,Natrona County,10,0,0,0,0
2024,6,AL,Pike County,220,0,0,0,0
2024,6,TN,Marion County,35,0,0,0,0
2024,6,FL,Baker County,310,0,0,0,0
2024,6,GA,Liberty County,155,0,0,0,0
2024,6,MI,Roscommon County,325,0,0,0,0
2024,6,NJ,Union County,180,0,0,0,0
2024,6,NY,New York County,152,0,0,1,1
2024,6,PA,Northampton County,90,0,0,0,0
2024,6,NY,Essex County,10,0,0,0,0
2024,6,KY,Larue County,240,0,0,0,0
2024,7,ME,Waldo County,215,0,0,0,0
2024,7,MO,Dade County,301,0,0,0,0
2024,7,OH,Pickaway County,47,0,0,0,0
2024,7,CT,Tolland County,150,0,0,0,0
2024,7,CA,Siskiyou County,235,0,0,0,0
2024,8,KY,Boyd County,191,2,0,0,0
2024,8,WA,Kitsap County,60,0,0,0,0
2024,9,IL,Tazewell County,281,0,0,1,0
2024,9,OH,Columbiana County,150,0,0,0,0
2024,9,WI,Vilas County,155,0,0,0,0
2024,9,OH,Knox County,290,0,0,0,0
2024,9,OH,Medina County,509,0,0,0,0
2024,9,MN,Chisago County,109,0,0,0,0
2024,9,LA,Calcasieu Parish,211,3,1,1,1
2024,9,PA,Fulton County,175,0,0,0,0
2024,9,IA,Monona County,55,0,0,0,0
2024,9,AR,Desha County,49,0,1,0,0
2024,10,CA,Siskiyou County,187,0,0,0,0
2024,10,CA,San Mateo County,210,0,0,0,0
2024,10,KY,Trimble County,260,0,0,0,0
2024,10,OH,Fulton County,425,0,0,0,0
2024,10,GA,Habersham County,145,0,0,0,0
2024,10,IN,Clark County,478,10,0,0,1
2024,10,KS,Crawford County,55,0,0,0,0
2024,10,SC,Fairfield County,315,0,0,0,0
2024,10,NY,Cortland County,170,0,0,0,0
2024,10,CA,Marin County,25,0,0,0,0
2024,10,MO,Caldwell County,315,0,0,0,0
2024,10,MT,Blaine County,145,0,0,0,0
2024,10,AL,Cherokee County,56,0,0,0,0
2024,11,AL,Dallas County,85,0,0,0,0
2024,11,NY,Nassau County,520,0,0,0,0
2024,11,VA,Carroll County,465,0,0,0,0
2024,11,GA,Houston County,396,0,6,1,21
2024,11,OH,Clark County,150,0,0,0,0
2024,11,TX,Houston County,55,0,0,0,0
2024,11,WI,Sauk County,300,0,0,0,0
2024,12,NC,Surry County,330,7,0,0,0
2024,12,OH,Erie County,160,0,0,0,0
2024,12,NC,Pasquotank County,135,0,0,0,0
2024,12,OH,Champaign County,140,0,0,0,0
2024,12,MO,Laclede County,145,0,0,0,0
2024,12,AR,Desha County,30,0,0,0,0
2024,12,TN,Macon County,140,0,0,0,0
2024,10,OK,McClain County,538,0,0,0,0
2024,6,WA,Klickitat County,135,0,0,0,0
2024,6,VA,Wise County,100,0,0,0,0
2024,6,NE,Seward County,120,0,0,0,0
2024,6,OK,Seminole County,35,0,0,0,0
2024,7,IN,Ripley County,11,0,0,0,0
2024,7,MS,Leflore County,140,0,0,0,0
2024,7,PA,Northumberland County,60,0,0,0,0
2024,7,MI,Shiawassee County,20,0,0,0,0
2024,7,AL,Henry County,145,0,0,0,0
2024,8,AR,Ouachita County,140,0,0,0,0
2024,9,ME,Penobscot County,245,0,0,0,0
2024,9,NC,Polk County,385,0,0,0,0
2024,10,AL,Limestone County,265,0,0,0,0
2024,10,MI,Presque Isle County,145,0,0,0,0
2024,10,ND,McLean County,125,1,0,0,0
2024,11,AL,Lauderdale County,110,1,0,0,1
2024,11,CO,Jefferson County,235,0,0,0,0
2024,11,OR,Coos County,74,7,2,2,3
2024,11,MI,Barry County,21,1,0,0,0
2024,11,KY,Taylor County,10,0,0,0,0
2024,12,TN,Hickman County,225,0,0,0,0
2024,12,WI,Chippewa County,100,0,0,0,0
2024,12,MI,Grand Traverse County,65,0,0,0,0
2024,12,NY,Yates County,157,0,0,0,0
2025,1,LA,De Soto Parish,155,0,0,0,0
2025,1,MS,DeSoto County,1820,0,0,0,0
2025,1,TX,Walker County,185,0,0,0,0
2024,6,NE,Saunders County,30,0,0,1,0
2024,6,MI,St. Clair County,90,0,0,0,3
2024,7,OK,Le Flore County,125,0,0,0,0
2024,7,WI,Iron County,175,0,0,0,0
2024,8,PA,Blair County,155,0,0,0,0
2024,8,NE,Otoe County,395,0,0,0,0
2024,8,NY,Fulton County,20,0,0,0,0
2024,8,WI,Iowa County,105,0,0,0,0
2024,8,NC,Person County,100,0,0,0,0
2024,8,IL,Jefferson County,30,0,0,0,0
2024,9,AR,Drew County,26,0,0,0,0
2024,10,MS,Itawamba County,150,0,0,0,0
2024,10,WI,Taylor County,65,0,0,0,0
2024,10,TX,Burleson County,165,0,0,0,0
2025,1,SC,Charleston County,2621,9,0,1,0
2025,1,MS,Tippah County,140,0,0,0,0
2024,6,TX,Morris County,55,0,0,0,0
2024,6,IL,Franklin County,20,0,0,0,0
2024,6,MO,Clinton County,6,0,0,0,0
2024,7,TX,Fayette County,165,0,0,0,0
2024,8,NY,Chemung County,150,0,0,0,0
2024,9,IL,Menard County,35,0,0,0,0
2024,9,TX,Sabine County,30,0,0,0,0
2024,11,NY,Saratoga County,75,0,0,0,0
2024,6,MO,Miller County,15,0,0,0,0
2024,7,AL,Lauderdale County,160,1,0,0,0
2024,8,TX,Lampasas County,140,0,0,0,0
2024,8,NC,Macon County,20,0,0,0,0
2024,8,NY,Broome County,105,0,0,0,0
2024,9,NC,Vance County,15,0,0,0,0
2024,9,WA,Kitsap County,35,0,0,0,0
2024,10,IN,Wayne County,15,0,0,0,0
2024,11,NC,Vance County,5,0,0,0,0
2024,6,VT,Windham County,5,0,0,0,0
2024,7,WA,Clallam County,118,0,0,0,0
2024,9,CA,Sonoma County,10,0,0,0,0
2024,11,NE,Frontier County,10,0,0,0,0
2025,1,OH,Seneca County,133,0,0,0,0
2024,6,KY,Carlisle County,5,0,0,0,0
2024,6,TN,Union County,5,0,0,0,0
2024,6,NJ,Hunterdon County,5,0,0,0,0
2024,8,NV,White Pine County,10,0,0,0,0
2024,8,MO,Ralls County,60,0,0,0,0
2024,11,AK,Fairbanks North Star Borough,30,0,0,0,0
2024,7,KS,Phillips County,80,0,0,0,0
2024,7,PA,Susquehanna County,20,0,0,0,0
2024,8,MN,Todd County,100,0,0,0,0
2024,12,NV,Douglas County,25,0,0,0,0
2025,1,NC,Harnett County,305,0,0,0,0
2025,1,VA,Suffolk city,534,8,0,0,0
2025,1,MS,Marshall County,315,0,0,0,0
2025,1,MN,Todd County,115,0,0,0,0
2024,11,OK,Caddo County,5,0,0,0,0
2024,11,MA,Barnstable County,65,0,0,0,0
2025,1,LA,Jackson Parish,160,0,0,0,0
2025,1,MT,Gallatin County,70,0,0,0,0
2025,1,KY,Johnson County,75,0,0,0,0
2025,1,WI,Vilas County,95,0,0,0,0
2025,1,TX,Atascosa County,20,0,0,0,0
2025,1,TX,Wichita County,200,0,0,0,0
2025,2,GA,Muscogee County,3173,21,15,35,23
2025,2,NJ,Ocean County,2625,0,2,0,0
2025,2,FL,Indian River County,3030,37,12,23,18
2025,2,IL,Peoria County,105,0,0,0,0
2025,2,MN,St. Louis County,210,0,0,0,1
2025,2,NC,McDowell County,1795,0,0,0,0
2025,2,NC,Rutherford County,1182,0,1,0,1
2025,2,OH,Lorain County,490,0,0,0,0
2025,2,PA,Lehigh County,145,0,0,0,0
2025,2,SC,Berkeley County,1351,0,0,0,0
2025,2,TN,Benton County,265,0,0,0,0
2025,2,ND,Ramsey County,179,0,0,0,0
2025,2,SD,Lincoln County,130,0,0,0,0
2025,2,NM,San Juan County,475,0,0,0,0
2025,2,PA,Westmoreland County,270,0,0,0,1
2025,2,TX,Hill County,252,0,0,0,0
2025,2,VA,Poquoson city,370,0,0,0,0
2025,2,NH,Hillsborough County,414,3,1,0,1
2025,2,NY,New York County,136,0,0,0,0
2025,2,TN,Claiborne County,1145,0,0,0,0
2025,2,MO,St. Louis County,2468,3,0,1,1
2025,2,KS,Seward County,275,0,0,0,0
2025,2,ND,McLean County,85,0,0,0,0
2025,2,NY,Livingston County,270,0,0,0,0
2025,2,NC,Caldwell County,483,0,0,0,0
2025,2,MO,Franklin County,538,2,150,4,0
2025,3,IL,Winnebago County,295,0,0,0,0
2025,3,MA,Worcester County,145,0,0,0,0
2025,3,MI,Montcalm County,60,0,0,0,0
2025,3,MO,Taney County,100,0,0,0,0
2025,3,NC,Iredell County,185,0,0,0,0
2025,3,SC,Cherokee County,265,0,0,0,0
2025,3,TN,Cumberland County,245,0,0,0,0
2025,3,VA,Salem city,293,0,0,0,0
2025,3,VA,Staunton city,135,0,0,0,0
2025,3,CO,Larimer County,140,0,0,0,0
2025,3,NC,Richmond County,135,0,0,0,0
2025,3,MI,Oakland County,156,0,0,0,0
2025,3,OR,Lincoln County,60,0,0,0,0
2025,3,MN,Wright County,60,0,0,0,0
2025,3,MS,Lauderdale County,85,0,0,0,0
2025,3,MS,Prentiss County,65,0,0,0,0
2025,3,OH,Madison County,49,0,0,0,0
2025,3,OK,Rogers County,25,0,0,0,0
2025,3,SC,Kershaw County,130,0,0,0,0
2025,3,IL,Kane County,205,0,0,0,0
2025,3,KY,Pulaski County,100,0,0,0,0
2025,3,OR,Clackamas County,495,0,0,0,0
2025,3,WA,Kittitas County,180,0,0,0,0
2025,2,MN,Goodhue County,153,0,0,0,0
2025,3,NC,Henderson County,55,0,0,0,0
2025,3,PA,Chester County,170,0,0,0,0
2024,9,NC,Wayne County,10,0,0,0,0
2025,2,OH,Madison County,256,2,0,0,0
2025,2,IL,Woodford County,195,0,0,0,0
2025,2,NY,Fulton County,20,0,0,0,0
2025,2,OH,Champaign County,90,0,0,0,0
2025,2,TX,Jones County,330,2,0,0,0
2024,8,FL,Calhoun County,55,0,0,0,0
2024,11,IN,Parke County,6,0,0,0,0
2025,1,IN,LaPorte County,135,0,0,0,0
2024,6,ND,Stutsman County,23,0,0,0,0
2024,8,ND,Richland County,6,0,0,0,0
2024,9,KY,McLean County,10,0,0,0,0
2024,9,OR,Tillamook County,10,0,0,0,0
2024,12,IA,Muscatine County,5,0,0,0,0
2025,1,CT,Windham County,40,0,0,0,0
2024,10,MO,Barry County,5,0,0,0,0
2024,12,MO,Audrain County,20,0,0,0,0
2025,1,SC,Jasper County,260,0,0,0,0
2025,2,AK,Matanuska-Susitna Borough,85,0,0,0,0
2025,2,CA,Tulare County,135,0,0,0,0
2025,2,NY,Westchester County,55,0,0,0,0
2025,2,IL,Grundy County,5,0,0,0,0
2025,2,NC,Avery County,140,0,0,0,0
2025,2,OK,Creek County,101,0,0,0,0
2025,2,CO,Boulder County,38,0,0,0,0
2025,2,MI,Livingston County,85,0,0,0,0
2025,2,VA,Harrisonburg city,140,0,0,0,0
2025,3,SC,Orangeburg County,80,0,0,0,0
2025,3,VA,Hampton city,145,0,0,0,0
2025,3,TN,Rhea County,90,0,0,0,0
2025,3,KY,Johnson County,5,0,0,0,0
2025,3,IN,Johnson County,30,0,0,0,0
2025,2,MO,Callaway County,165,0,0,0,0
2025,2,FL,DeSoto County,60,0,0,0,0
2025,3,KY,Hopkins County,30,0,0,0,0
2025,3,CA,Shasta County,15,0,0,0,0
2025,3,MD,Howard County,125,0,0,0,0
2025,3,NY,Westchester County,20,0,0,0,0
2025,2,TX,Palo Pinto County,205,0,0,0,0
2024,9,IL,Kendall County,20,0,0,0,0
2024,11,PA,Huntingdon County,6,0,0,0,0
2024,12,OH,Brown County,5,0,0,0,0
2024,8,MS,Tate County,5,0,0,0,0
2024,8,KY,Madison County,10,0,0,0,0
2024,6,UT,Utah County,15,0,0,0,0
2024,6,IN,Vermillion County,2,0,0,0,0
2024,10,MO,Washington County,21,2,1,2,2
2024,10,DE,Kent County,15,0,0,0,0
2024,12,MD,Cecil County,9,0,0,0,0
2025,1,PA,Erie County,25,0,0,0,0
2025,3,TN,Cannon County,25,0,0,0,0
2024,6,VA,Brunswick County,15,0,0,0,0
2024,9,NE,Garfield County,5,0,0,0,0
2025,2,RI,Providence County,40,0,0,0,0
2024,6,WI,Ashland County,5,0,0,0,0
2025,1,GA,Grady County,65,0,0,0,0
2024,10,UT,Uintah County,0,0,1,2,0
2025,2,TX,Leon County,60,0,0,0,0
2025,3,KY,Trimble County,20,0,0,0,0
2025,2,TX,Jasper County,10,0,0,0,0
2025,3,KS,Douglas County,50,0,0,0,0
2025,3,SD,Grant County,5,0,0,0,0
2024,8,IL,Vermilion County,5,0,0,0,0
2025,3,MT,Gallatin County,5,0,0,0,0
2025,1,IL,Douglas County,5,0,1,0,0
2025,1,MO,Ray County,5,0,0,0,0
2025,3,TX,Nueces County,30,0,0,0,0
2025,2,GA,Oconee County,15,0,0,0,0
2025,3,TX,Archer County,5,0,0,0,0
2025,3,MT,Flathead County,10,0,0,0,0
2024,6,MI,Kalamazoo County,1540,5,1,2,0
2024,6,NC,Granville County,580,0,0,0,0
2024,6,NM,Santa Fe County,235,1,2,0,0
2024,6,TX,Grayson County,415,0,0,0,0
2024,6,TX,Travis County,15695,75,63,76,54
2024,6,AL,Mobile County,470,0,0,0,0
2024,6,VA,Washington County,1193,30,13,30,7
2024,6,KY,Hardin County,655,0,0,0,0
2024,6,AL,Jefferson County,7731,31,41,5,2
2024,6,TN,Gibson County,2415,0,0,0,0
2024,6,KS,Wyandotte County,1816,0,0,0,0
2024,6,MI,Branch County,155,0,0,0,0
2024,6,TN,Bradley County,6195,0,0,13,1
2024,6,TN,Weakley County,765,0,0,0,0
2024,6,TX,Hays County,786,1,0,2,0
2024,6,PA,Cumberland County,1975,0,20,4,1
2024,6,KY,Hart County,245,0,0,0,0
2024,6,TN,Morgan County,460,0,0,0,0
2024,6,WV,Wood County,45,0,0,0,0
2024,6,IN,Vigo County,181,0,0,0,0
2024,6,NY,Herkimer County,155,0,0,0,0
2024,6,TX,Smith County,546,2,3,3,2
2024,6,WI,Grant County,185,0,0,0,0
2024,7,CT,Fairfield County,782,0,0,0,0
2024,7,GA,Walton County,2473,2,0,0,0
2024,7,KS,Shawnee County,7319,8,4,11,13
2024,7,MS,Lee County,520,0,0,0,0
2024,7,NE,Lancaster County,2715,3,5,0,0
2024,7,NY,Albany County,5,0,0,0,0
2024,7,OH,Franklin County,2034,14,3,3,1
2024,7,PA,Franklin County,575,0,0,0,0
2024,7,PA,Centre County,1324,5,0,2,0
2024,7,TN,Carter County,164,0,0,0,0
2024,7,TN,Wilson County,2513,10,6,10,8
2024,7,NY,Niagara County,496,0,0,0,0
2024,7,IL,Stephenson County,1091,0,0,0,6
2024,7,NC,Transylvania County,658,0,0,0,0
2024,7,OR,Douglas County,480,0,0,0,0
2024,8,MN,Scott County,1030,3,1,1,0
2024,8,NC,Catawba County,6950,6,44,12,7
2024,8,KY,Mercer County,596,3,4,3,4
2024,8,IA,Woodbury County,715,0,0,0,0
2024,8,VA,Fredericksburg city,425,0,0,0,0
2024,9,GA,DeKalb County,1791,0,0,0,0
2024,9,TN,Sequatchie County,270,2,1,0,0
2024,9,VA,Campbell County,2335,1,0,2,1
2024,9,WA,Pierce County,1856,6,14,0,1
2024,9,PA,Washington County,435,0,0,0,0
2024,9,MN,Nicollet County,135,0,0,0,0
2024,9,PA,Union County,300,0,0,0,0
2024,10,NC,Johnston County,525,0,0,0,0
2024,10,MN,Dakota County,1367,5,1,3,0
2024,10,OR,Klamath County,185,9,1,12,8
2024,10,VA,Newport News city,1210,0,0,0,0
2024,10,FL,Indian River County,1371,15,37,7,7
2024,11,NC,Polk County,445,0,0,0,0
2024,11,TX,Harrison County,816,0,0,0,0
2024,11,MO,Cole County,525,0,0,0,1
2024,11,WI,Polk County,115,0,0,0,0
2024,11,NC,Sampson County,145,0,0,0,0
2024,11,IN,Franklin County,125,0,0,0,0
2024,12,OH,Logan County,920,2,3,3,1
2024,6,VA,Chesterfield County,10469,2,0,34,0
2024,6,MI,Washtenaw County,635,0,0,0,0
2024,6,IL,Morgan County,775,0,0,0,0
2024,6,MO,Webster County,750,0,0,0,0
2024,6,PA,Dauphin County,1290,0,0,0,0
2024,6,MS,Jackson County,936,9,4,5,4
2024,7,GA,Chatham County,165,0,0,0,0
2024,7,IL,Peoria County,135,0,0,0,0
2024,7,KS,Seward County,145,0,0,0,0
2024,7,KY,Fayette County,1437,2,4,1,0
2024,7,NC,Burke County,1452,1,0,0,0
2024,7,VA,Virginia Beach city,6137,9,4,1,0
2024,7,PA,Allegheny County,2212,7,3,7,1
2024,7,WI,Outagamie County,615,4,0,0,0
2024,7,ND,Oliver County,125,0,0,0,0
2024,7,GA,Gilmer County,130,0,0,0,0
2024,7,OH,Putnam County,154,0,1,0,0
2024,7,FL,Monroe County,65,0,0,0,0
2024,7,VA,Montgomery County,787,0,14,4,3
2024,7,TX,Moore County,85,0,0,0,0
2024,7,ID,Lemhi County,135,0,0,0,0
2024,8,SC,Aiken County,7059,10,1,13,10
2024,8,TX,Nolan County,100,0,0,0,0
2024,8,AZ,Santa Cruz County,100,0,0,0,0
2024,8,GA,Bibb County,180,3,0,0,0
2024,8,OH,Putnam County,125,0,0,0,0
2024,8,GA,Henry County,1555,6,6,4,5
2024,8,TX,Howard County,615,0,0,0,0
2024,8,OR,Lane County,1075,0,0,0,0
2024,8,TX,Randall County,175,0,0,0,0
2024,9,FL,Seminole County,13194,128,1,7,2
2024,9,GA,Camden County,1085,0,5,0,0
2024,9,NC,Mecklenburg County,4413,1,0,3,1
2024,9,DC,District of Columbia,1063,0,3,3,0
2024,9,NC,Cleveland County,930,0,0,0,0
2024,9,VA,Augusta County,2255,0,0,0,0
2024,9,PA,Bradford County,445,0,0,0,0
2024,9,AZ,Yavapai County,450,0,0,0,0
2024,9,KY,Simpson County,466,0,0,0,0
2024,9,IN,Boone County,310,0,0,0,0
2024,9,WI,Sauk County,290,0,0,0,0
2024,9,AZ,Santa Cruz County,110,0,0,0,0
2024,10,CA,Napa County,609,0,0,0,0
2024,10,FL,Highlands County,639,0,0,0,0
2024,10,TN,Rutherford County,4797,1,0,0,0
2024,10,TX,Castro County,1097,0,0,0,0
2024,10,TX,Gillespie County,15,0,0,0,0
2024,10,MN,Wright County,343,1,0,0,1
2024,10,KS,Seward County,180,0,0,0,0
2024,10,MD,Somerset County,736,0,0,0,1
2024,10,PA,Beaver County,595,0,0,0,0
2024,10,SC,Colleton County,140,0,0,0,0
2024,10,IL,Kane County,973,18,8,2,0
2024,10,VA,Charlotte County,972,0,0,0,0
2024,11,MI,Ottawa County,4672,4,2,2,1
2024,11,MT,Park County,15,0,0,0,0
2024,11,NC,Alexander County,245,0,0,0,0
2024,11,TX,Burnet County,721,5,7,3,2
2024,11,UT,Salt Lake County,230,0,0,0,0
2024,11,TX,Coryell County,850,2,3,0,1
2024,11,IL,LaSalle County,245,0,0,0,0
2024,11,IL,Jersey County,10,0,0,0,0
2024,11,SC,Charleston County,2727,0,0,0,0
2024,12,WI,Lincoln County,985,0,0,0,0
2024,12,AR,Baxter County,855,0,0,0,0
2024,12,KY,Daviess County,895,0,0,0,0
2024,12,MS,Lauderdale County,520,0,0,0,0
2024,12,ID,Payette County,155,0,0,0,0
2024,12,AZ,Pima County,802,1,0,0,1
2024,12,VA,Gloucester County,514,0,0,0,0
2024,12,VA,Suffolk city,455,0,0,0,0
2024,12,GA,Chattooga County,210,0,0,0,0
2024,12,MO,Carroll County,85,0,0,0,0
2024,12,SC,Marlboro County,310,0,0,0,0
2024,12,TN,Cumberland County,858,0,0,0,0
2024,12,MI,Tuscola County,60,0,0,0,0
2024,12,VA,Floyd County,45,0,0,0,0
2024,12,WI,Pierce County,340,0,0,0,0
2024,12,CA,San Joaquin County,430,0,0,0,0
2024,12,PA,Adams County,395,0,0,0,0
2025,1,CA,San Bernardino County,3212,20,7,2,1
2025,1,DC,District of Columbia,560,8,2,1,0
2025,1,TN,Polk County,255,0,0,0,0
2025,1,IL,Whiteside County,640,0,0,0,0
2025,1,GA,Gordon County,327,1,0,2,4
2025,1,VA,Louisa County,638,0,0,0,0
2025,1,NC,Wake County,3656,4,10,0,0
2025,1,TN,Cumberland County,1040,0,0,0,0
2025,1,AZ,Yavapai County,370,0,0,0,0
2025,1,GA,Columbia County,575,0,0,0,0
2025,1,MN,Benton County,294,5,4,1,1
2025,1,NJ,Camden County,540,0,0,0,0
2025,1,WI,Rock County,320,0,0,0,0
2025,1,GA,Newton County,555,0,0,0,0
2025,1,NE,Lincoln County,166,0,0,0,0
2025,1,MA,Plymouth County,481,0,0,0,0
2025,1,OH,Geauga County,180,0,0,0,0
2025,2,TX,Brazos County,1015,0,0,0,0
2025,2,TX,Denton County,3558,0,0,1,0
2025,2,NC,Gaston County,2263,0,0,0,0
2024,7,NE,Dawson County,155,0,0,0,0
2024,7,GA,Clarke County,85,1,0,0,0
2024,8,IL,St. Clair County,676,0,3,1,0
2024,8,GA,Catoosa County,1499,15,1,5,0
2024,9,FL,Alachua County,732,0,0,0,0
2024,9,IL,Madison County,942,1,2,2,0
2024,9,MI,Van Buren County,515,0,0,0,0
2024,9,IA,Story County,400,0,0,0,0
2024,9,MI,Midland County,200,0,0,0,0
2024,9,KY,Graves County,190,0,0,0,0
2024,9,MA,Middlesex County,400,0,0,0,3
2024,9,PA,Lehigh County,252,0,0,0,0
2024,9,NC,Surry County,234,1,0,0,0
2024,10,GA,Clayton County,755,0,0,0,0
2024,10,WA,Thurston County,487,0,0,0,0
2024,10,WI,Sauk County,330,0,0,0,0
2024,10,NM,Chaves County,355,0,0,0,0
2024,10,ID,Kootenai County,325,6,4,8,5
2024,10,NC,Hoke County,220,0,0,0,0
2024,11,FL,Orange County,8406,55,8,18,16
2024,11,GA,Troup County,942,0,0,0,0
2024,11,NC,Harnett County,410,0,0,0,0
2024,11,MN,Rice County,195,0,0,0,0
2024,11,AR,Independence County,135,0,0,0,0
2024,11,MN,Washington County,1532,1,2,0,1
2024,11,MO,Dallas County,165,0,0,0,0
2024,11,SC,Chesterfield County,405,0,0,0,0
2024,11,VA,Cumberland County,65,0,0,0,0
2024,11,GA,Monroe County,285,0,0,0,0
2024,11,MD,Talbot County,240,0,0,0,0
2024,12,GA,Coweta County,1110,0,0,0,0
2024,12,GA,Fulton County,3596,1,1,0,1
2024,12,WA,Whatcom County,1781,0,0,0,0
2024,12,AR,Garland County,771,0,0,0,0
2024,12,IN,LaGrange County,111,46,1,1,0
2024,12,MI,Gladwin County,250,2,0,7,0
2024,12,PA,Fayette County,570,0,0,0,0
2024,12,WI,Barron County,255,0,0,0,0
2024,12,KY,Hopkins County,245,0,0,0,0
2024,12,TN,Franklin County,55,0,0,0,0
2024,12,FL,Liberty County,315,5,2,2,2
2024,12,CA,Santa Barbara County,240,0,0,0,0
2024,12,KS,Miami County,287,5,2,5,1
2024,12,OH,Defiance County,145,0,0,0,0
2025,1,CA,Santa Clara County,2196,2,1,0,0
2025,1,TX,Tarrant County,16829,90,90,96,91
2025,1,CA,Kern County,1112,12,4,7,8
2025,1,OH,Knox County,411,0,0,0,0
2025,1,TN,Weakley County,620,0,0,0,0
2025,1,GA,Spalding County,353,17,14,1,4
2025,1,IN,Kosciusko County,2565,0,0,0,0
2025,1,MD,Prince George's County,1712,2,2,1,0
2025,1,MN,Steele County,75,0,0,0,0
2025,1,TN,DeKalb County,275,0,0,0,0
2025,1,TX,Hopkins County,65,0,0,0,0
2025,1,WI,Pierce County,350,0,0,0,0
2025,1,IA,Woodbury County,590,0,0,0,0
2025,1,WI,Shawano County,10,0,0,0,0
2025,1,NJ,Hudson County,70,0,0,0,0
2025,1,WI,Polk County,120,0,0,0,0
2025,1,IN,Dubois County,5,0,0,0,0
2025,1,NY,Westchester County,20,0,0,0,0
2025,2,CA,San Diego County,2273,0,1,1,1
2025,2,TN,Loudon County,860,0,0,0,0
2024,9,KY,Trimble County,240,0,0,0,0
2024,11,VA,Virginia Beach city,5553,0,1,1,2
2024,12,WI,St. Croix County,161,0,0,0,0
2025,1,MO,Platte County,1198,0,0,0,0
2025,1,TX,Midland County,410,4,0,0,0
2025,1,TX,Gonzales County,560,0,0,0,0
2025,1,WA,Kittitas County,1033,0,1,2,0
2025,1,NE,Johnson County,60,0,0,0,0
2024,12,AL,DeKalb County,396,0,0,0,0
2024,6,MT,Broadwater County,120,0,0,0,0
2024,6,VA,Carroll County,510,0,0,0,0
2024,6,CO,Summit County,105,0,0,0,0
2024,6,OH,Muskingum County,40,0,0,0,0
2024,6,NC,Rockingham County,455,0,0,0,0
2024,6,OK,Logan County,80,0,0,0,0
2024,6,VA,Isle of Wight County,430,0,0,0,0
2024,7,OK,Marshall County,140,0,0,0,0
2024,7,CA,Humboldt County,65,0,0,0,0
2024,7,MO,Howard County,135,0,0,0,0
2024,7,LA,Red River Parish,5,0,0,0,0
2024,7,OH,Wayne County,79,0,0,0,0
2024,7,SC,Saluda County,188,0,0,0,0
2024,7,PA,Northampton County,75,0,0,0,0
2024,8,LA,Red River Parish,20,0,0,0,0
2024,8,MO,Lafayette County,636,316,401,610,1
2024,8,KS,Washington County,120,0,0,0,0
2024,8,NM,Chaves County,345,3,0,4,1
2024,8,VA,Shenandoah County,215,0,0,0,0
2024,8,FL,Levy County,160,0,0,0,0
2024,8,OK,Okmulgee County,983,0,0,0,0
2024,8,VA,Poquoson city,440,0,0,0,0
2024,8,OH,Geauga County,315,0,0,0,0
2024,9,WY,Lincoln County,78,0,0,1,1
2024,9,FL,Hardee County,165,0,0,0,0
2024,9,GA,Liberty County,120,0,0,0,0
2024,9,TX,Austin County,85,0,0,0,0
2024,9,VA,Harrisonburg city,255,0,0,0,0
2024,10,KY,Ohio County,140,0,0,0,0
2024,10,CA,Yolo County,15,1,0,0,0
2024,10,IA,Linn County,294,0,0,0,0
2024,11,GA,Worth County,185,0,0,0,0
2024,11,NJ,Cape May County,25,0,0,0,0
2024,11,MI,Midland County,141,0,0,0,0
2024,11,MO,Pulaski County,130,0,0,0,0
2024,12,MO,Franklin County,390,0,0,0,0
2024,12,NY,Broome County,145,0,0,0,0
2024,12,VA,Harrisonburg city,195,0,0,0,0
2024,12,AL,Chilton County,190,0,0,0,0
2024,12,VA,Lunenburg County,45,0,0,0,0
2024,12,CO,Garfield County,80,0,0,0,0
2025,1,OH,Shelby County,190,0,0,0,0
2025,1,KY,Pike County,265,0,0,0,0
2024,9,GA,Laurens County,100,0,0,0,0
2025,1,FL,Hamilton County,135,0,0,0,0
2024,6,IN,Henry County,290,0,0,0,0
2024,7,MD,Baltimore city,325,0,0,0,0
2024,8,MS,Jones County,145,0,0,0,0
2024,8,GA,Cook County,110,0,0,0,0
2024,8,MN,Mille Lacs County,15,0,0,0,0
2024,8,MT,Blaine County,120,0,0,0,0
2024,8,IN,Boone County,215,0,0,0,0
2024,8,TX,Burleson County,160,0,0,0,0
2024,8,AL,Henry County,135,0,0,0,0
2024,8,KY,Larue County,110,0,0,0,0
2024,8,TX,Walker County,185,0,0,0,0
2024,9,TX,Hood County,35,0,0,0,0
2024,9,TN,Lincoln County,105,0,0,0,0
2024,9,NV,White Pine County,30,0,0,0,0
2024,10,PA,Bucks County,85,1,1,0,0
2024,11,TX,Hutchinson County,460,0,0,0,0
2024,11,TX,Howard County,225,0,0,0,0
2024,11,NE,Saunders County,25,0,0,0,0
2024,12,TN,Cocke County,220,0,0,0,0
2025,1,SD,Pennington County,106,0,0,0,0
2025,2,PA,Chester County,808,0,0,0,0
2025,2,TX,Henderson County,570,0,0,0,0
2025,2,IN,Pike County,130,0,0,0,0
2025,2,WV,Berkeley County,1024,0,0,0,0
2025,2,WI,Pierce County,330,0,0,0,0
2025,2,CA,Siskiyou County,269,0,0,4,1
2025,2,OR,Marion County,640,0,0,0,0
2025,2,PA,Blair County,274,3,0,1,1
2025,2,OK,Carter County,10,0,0,0,0
2025,2,TN,Cheatham County,515,0,0,0,0
2025,2,MD,Talbot County,225,0,0,0,0
2025,2,CO,Phillips County,75,0,0,0,0
2025,2,ID,Payette County,155,0,0,0,0
2025,2,KY,Greenup County,29,0,0,0,0
2025,2,CO,Summit County,120,0,0,0,0
2025,2,PA,Washington County,240,0,0,0,0
2024,6,VA,Winchester city,25,0,0,0,0
2024,6,MN,Mower County,105,0,0,0,0
2024,6,AR,Arkansas County,45,0,0,0,0
2024,7,NH,Carroll County,40,0,0,0,0
2024,7,NJ,Cape May County,30,0,0,0,0
2024,8,AL,Walker County,265,0,0,0,0
2024,8,AL,Dallas County,136,0,0,0,0
2024,8,TX,Moore County,95,0,0,0,0
2024,8,NY,Ulster County,25,0,0,0,0
2024,9,WI,Oneida County,40,0,0,0,0
2024,9,MI,Grand Traverse County,70,0,0,0,0
2024,10,NY,Genesee County,15,0,0,0,0
2024,10,IN,Marshall County,41,0,0,0,0
2024,10,CO,Otero County,75,0,0,0,0
2024,11,MT,Custer County,140,0,0,0,0
2024,11,TX,Erath County,176,0,0,0,0
2024,11,ND,Dickey County,80,0,0,0,0
2024,11,IL,Moultrie County,140,0,0,0,0
2024,6,WA,Kitsap County,121,3,1,1,1
2024,6,KS,Wabaunsee County,30,0,0,0,0
2024,6,MI,Iosco County,7,0,0,0,0
2024,6,PA,Delaware County,90,0,0,0,0
2024,7,WV,Kanawha County,11,0,0,0,0
2024,7,MN,Nobles County,10,0,0,0,0
2024,7,IA,Muscatine County,6,1,1,0,1
2024,8,WV,Lincoln County,5,0,0,0,0
2024,8,ID,Bonner County,16,0,0,0,1
2024,9,IA,Pocahontas County,15,0,0,0,0
2024,9,FL,Wakulla County,60,0,0,0,0
2024,10,MO,Iron County,35,0,0,0,0
2024,10,MO,Laclede County,136,0,0,0,0
2024,11,HI,Maui County,20,0,0,0,0
2025,1,CT,Hartford County,206,0,0,0,0
2025,1,IN,Putnam County,10,0,0,0,0
2025,1,TX,Rockwall County,105,0,0,0,0
2024,7,IL,Iroquois County,20,0,0,0,0
2024,9,FL,Monroe County,45,0,0,0,0
2024,12,PA,Northumberland County,60,0,0,0,0
2024,8,ID,Cassia County,25,0,0,0,0
2024,8,NY,Putnam County,7,1,0,0,0
2024,11,TX,Hopkins County,50,0,0,0,0
2024,11,VA,Arlington County,10,0,0,0,0
2025,1,NY,Tompkins County,150,0,0,0,0
2025,1,NE,Hooker County,12,0,0,0,0
2025,2,SC,Greenwood County,189,0,0,0,0
2024,7,DE,Kent County,25,0,0,0,0
2024,8,MS,Franklin County,10,0,0,0,0
2024,8,NC,Craven County,70,0,0,0,0
2024,10,TN,Lake County,10,0,0,0,0
2024,12,RI,Kent County,55,0,0,0,0
2025,1,IL,Kendall County,20,0,0,0,0
2025,2,SC,Sumter County,205,0,0,0,0
2025,2,IL,Clinton County,30,0,0,0,0
2025,3,CO,El Paso County,1068,0,0,0,0
2025,3,MI,Ottawa County,1012,1,1,5,0
2025,3,NC,Randolph County,175,0,0,0,0
2025,3,GA,Paulding County,132,0,0,0,0
2025,3,MA,Bristol County,296,7,4,6,7
2025,3,MA,Norfolk County,112,0,0,1,0
2025,3,MI,Charlevoix County,55,0,0,0,0
2025,3,MO,Jefferson County,200,0,0,0,0
2025,3,NH,Rockingham County,30,0,0,0,0
2025,3,NJ,Monmouth County,25,0,0,0,0
2025,3,NC,Transylvania County,70,0,0,0,0
2025,3,PA,Berks County,155,0,0,0,0
2025,3,PA,Lycoming County,68,0,0,0,0
2025,3,PA,Philadelphia County,75,0,0,0,0
2025,3,SC,Lexington County,630,0,0,0,0
2025,3,TN,Hawkins County,60,0,0,0,0
2025,3,TN,Knox County,746,0,0,0,0
2025,3,VA,Prince Edward County,95,0,0,0,0
2025,3,KY,Woodford County,75,0,0,0,0
2025,3,IN,Gibson County,95,0,0,0,0
2025,3,ME,Androscoggin County,140,0,0,0,0
2025,3,OH,Butler County,381,1,1,1,0
2025,3,OK,Oklahoma County,564,0,0,0,0
2025,3,TN,Sequatchie County,50,0,0,0,0
2025,3,WI,Marathon County,40,0,0,0,0
2025,3,CA,Riverside County,406,0,0,0,0
2025,3,VA,Tazewell County,215,0,0,0,0
2025,3,MN,Todd County,5,0,0,0,0
2025,3,WI,Iron County,30,0,0,0,0
2024,6,WI,Taylor County,65,0,0,0,0
2024,7,MI,Clare County,10,0,0,0,0
2024,7,VA,Buena Vista city,15,0,0,0,0
2024,9,NY,Genesee County,35,0,0,0,0
2024,10,WI,Manitowoc County,80,0,0,0,0
2024,11,IA,Fremont County,5,0,0,0,0
2025,2,NJ,Hudson County,50,0,0,0,0
2024,7,AR,Miller County,15,0,0,0,0
2024,8,IN,Pulaski County,10,1,0,0,0
2025,3,WA,Franklin County,20,0,0,0,0
2024,8,WI,Oconto County,5,0,0,2,1
2024,12,UT,Utah County,21,1,3,3,0
2024,7,GA,Chattahoochee County,10,0,0,0,0
2024,8,GA,Bacon County,5,0,0,0,0
2024,12,GA,Richmond County,10,0,0,0,0
2025,2,TX,Kendall County,155,0,1,0,1
2025,2,VT,Windsor County,45,0,0,0,0
2025,3,IA,Linn County,10,0,0,0,0
2025,3,OR,Wasco County,20,0,0,0,0
2025,3,AR,Independence County,30,0,0,0,0
2025,3,NY,Fulton County,5,0,0,0,0
2025,3,TN,Dyer County,65,0,0,0,0
2024,6,IL,Massac County,15,0,0,0,0
2025,3,FL,Bradford County,35,0,0,0,0
2024,11,AL,Lawrence County,5,0,0,0,0
2025,1,AR,Drew County,10,0,0,0,0
2025,3,CA,Santa Barbara County,60,0,0,0,0
2025,3,TX,Waller County,10,0,0,0,0
2024,7,TX,Brown County,15,0,0,0,0
2024,9,TN,Fentress County,5,0,0,0,0
2024,10,VT,Caledonia County,15,2,2,2,0
2024,6,MO,Benton County,5,0,0,0,0
2025,3,NY,Tioga County,45,0,0,0,0
2025,2,TN,Van Buren County,15,0,0,0,0
2024,8,OK,Logan County,10,7,0,3,0
2024,10,OK,Delaware County,20,0,0,0,0
2025,3,WI,Racine County,30,0,0,0,0
2024,9,OR,Coos County,10,0,0,0,0
2024,8,IL,Macon County,5,0,0,0,0
2024,8,WV,Wayne County,5,0,0,0,0
2024,12,AK,Juneau City and Borough,10,0,0,0,0
2025,2,TX,Lavaca County,235,0,0,0,0
2025,3,MI,Newaygo County,35,0,0,0,0
2025,3,NE,Dawson County,25,0,0,0,0
2025,3,NY,Chenango County,30,0,0,0,0
2024,6,KS,Atchison County,5,0,0,0,0
2024,7,NY,Wyoming County,7,0,0,1,0
2025,3,LA,Sabine Parish,135,0,0,0,0
2024,12,IA,Black Hawk County,1,0,0,0,0
2025,1,KS,Reno County,10,0,0,0,0
2025,3,NC,Granville County,60,0,0,0,0
2024,8,NC,Wilson County,5,0,0,0,0
2024,10,WI,Dunn County,5,0,0,0,0
2024,10,NV,Storey County,5,0,0,0,0
2025,2,OH,Van Wert County,10,0,0,0,0
2024,8,WV,Jefferson County,5,0,0,0,0
2024,9,TX,Jackson County,5,0,0,0,0
2025,3,TN,Macon County,25,0,0,0,0
2025,3,CA,Inyo County,5,0,0,0,0
2024,7,CO,Broomfield County,1,0,0,0,0
2024,11,WA,Yakima County,5,0,0,0,0
2024,8,KY,Estill County,5,0,0,0,0
2024,6,FL,Polk County,4139,4,2,0,0
2024,6,NC,Robeson County,545,0,0,0,0
2024,6,NC,Scotland County,982,0,0,1,0
2024,6,TX,Williamson County,17986,88,188,43,3
2024,6,IA,Woodbury County,680,0,0,0,0
2024,6,MS,Hinds County,1465,1,1,1,1
2024,6,OR,Washington County,1032,34,40,17,10
2024,6,SC,Horry County,3552,0,0,0,0
2024,6,MO,Warren County,215,1,0,0,0
2024,6,TN,Henderson County,730,1,0,0,0
2024,6,AL,Tuscaloosa County,356,0,0,0,0
2024,6,GA,Rockdale County,1005,1,0,0,0
2024,6,MO,Platte County,1194,0,0,0,0
2024,6,TX,Lubbock County,1310,0,0,0,0
2024,6,IL,LaSalle County,280,0,0,0,0
2024,6,OR,Josephine County,248,0,0,0,0
2024,6,WI,Wood County,695,2,1,2,0
2024,6,CO,Kit Carson County,50,0,0,0,0
2024,6,OK,Wagoner County,669,4,2,7,0
2024,6,KY,Anderson County,285,0,0,0,0
2024,6,AL,Etowah County,80,0,0,0,0
2024,6,KS,Jackson County,400,1,0,0,0
2024,6,NE,Johnson County,105,0,0,0,0
2024,6,OH,Ashland County,610,0,0,0,0
2024,6,OH,Miami County,895,0,0,0,0
2024,6,IN,Morgan County,446,0,0,0,0
2024,6,MO,Nodaway County,20,0,0,0,0
2024,6,KY,Webster County,240,0,0,0,0
2024,6,VA,Petersburg city,15,0,0,0,0
2024,6,OK,Osage County,655,0,0,0,0
2024,7,CA,San Luis Obispo County,873,0,0,0,0
2024,7,GA,Henry County,1666,4,1,0,1
2024,7,PA,Cumberland County,1825,0,0,0,0
2024,7,GA,Cherokee County,2172,1,0,0,1
2024,7,TX,Potter County,260,0,0,0,0
2024,7,WI,Lincoln County,917,0,0,0,0
2024,7,AL,Montgomery County,915,0,0,0,0
2024,7,OH,Defiance County,210,0,0,0,0
2024,7,NV,Washoe County,2264,0,0,0,0
2024,7,IL,McLean County,1020,1,0,0,0
2024,7,SC,Anderson County,820,0,1,0,1
2024,7,NJ,Burlington County,485,0,0,0,0
2024,7,OH,Belmont County,125,0,0,0,0
2024,8,PA,Somerset County,255,0,0,0,0
2024,8,SC,Newberry County,200,0,0,0,0
2024,8,MS,Hinds County,1370,0,0,0,0
2024,8,TN,Jefferson County,245,1,0,0,0
2024,8,IL,LaSalle County,285,0,0,0,0
2024,8,CA,Ventura County,785,0,1,0,0
2024,9,OH,Franklin County,1271,6,0,3,1
2024,9,TX,Tarrant County,16470,113,108,102,99
2024,9,MO,Jasper County,868,0,0,0,0
2024,9,FL,Collier County,641,0,0,0,0
2024,9,OH,Richland County,596,0,2,0,0
2024,9,NY,Niagara County,401,0,0,0,0
2024,9,KY,Henderson County,460,0,0,0,0
2024,9,GA,Stephens County,15,0,0,0,0
2024,9,MO,Marion County,845,17,16,0,3
2024,10,OR,Marion County,705,1,0,2,0
2024,10,NC,Cabarrus County,1349,0,0,0,0
2024,10,TN,McMinn County,1105,0,0,0,0
2024,11,KY,Rockcastle County,1292,1,0,0,0
2024,11,TX,Hays County,590,2,1,0,1
2024,6,TN,Sullivan County,1990,0,0,0,0
2024,6,VA,Louisa County,495,0,0,0,0
2024,6,AR,Washington County,1212,0,0,0,0
2024,6,IL,Kane County,1457,22,34,1,1
2024,6,IL,Woodford County,155,0,0,0,0
2024,6,KS,Sedgwick County,957,0,0,0,0
2024,6,PA,Lancaster County,1155,0,0,0,0
2024,6,LA,St. Tammany Parish,695,0,0,0,0
2024,6,LA,Vernon Parish,625,0,0,0,0
2024,6,VA,Hampton city,728,0,0,0,0
2024,6,GA,Hart County,140,0,0,0,0
2024,6,MI,Saginaw County,290,0,0,0,0
2024,6,ID,Cassia County,25,0,0,0,0
2024,6,AZ,Yuma County,285,0,0,0,0
2024,7,CA,Santa Clara County,2062,0,0,0,0
2024,7,VA,Augusta County,2606,0,0,0,0
2024,7,VA,Chesterfield County,11018,4,1,0,1
2024,7,TX,Travis County,15493,81,78,88,76
2024,7,GA,Spalding County,385,0,0,0,0
2024,7,IN,Howard County,560,0,0,0,0
2024,7,MD,Montgomery County,2316,4,1,3,1
2024,7,PA,Luzerne County,240,0,0,0,0
2024,7,KY,Harlan County,20,0,0,0,0
2024,7,MD,Queen Anne's County,215,0,0,0,0
2024,7,WI,Washburn County,155,0,0,0,0
2024,7,TN,Hardin County,305,0,0,0,0
2024,8,SC,Darlington County,225,0,0,0,0
2024,8,MI,Washtenaw County,705,0,0,0,0
2024,8,TN,Loudon County,1249,108,105,127,89
2024,8,VA,Bedford County,1955,0,0,0,0
2024,8,WA,Cowlitz County,911,3,0,6,0
2024,8,WV,Mercer County,286,1,0,0,0
2024,8,OK,Canadian County,750,3,4,3,0
2024,8,TN,Polk County,320,0,0,0,0
2024,8,MT,Missoula County,145,2,0,0,0
2024,8,OH,Union County,959,1,0,1,1
2024,8,CA,San Joaquin County,365,0,0,0,0
2024,8,MN,Mower County,130,0,0,0,0
2024,9,OK,Creek County,193,0,0,0,0
2024,9,NC,Guilford County,1904,16,9,10,7
2024,9,VA,Chesterfield County,9785,0,1,0,0
2024,9,MI,Ottawa County,4084,0,0,0,1
2024,9,TX,Panola County,230,0,0,0,0
2024,9,VA,Pittsylvania County,1595,1,0,1,0
2024,9,TX,Hutchinson County,445,0,0,0,0
2024,9,FL,Miami-Dade County,800,0,0,0,0
2024,9,KY,Pulaski County,495,1,0,6,0
2024,9,PA,Berks County,725,0,0,0,0
2024,9,IN,Wayne County,15,0,0,0,0
2024,9,PA,Carbon County,105,0,0,0,0
2024,9,SC,Pickens County,267,3,0,0,0
2024,9,TX,Wood County,260,0,0,0,0
2024,10,GA,Hall County,762,0,0,1,0
2024,10,TN,Henderson County,515,0,0,0,0
2024,10,KY,Bullitt County,497,7,0,4,1
2024,10,MN,Ramsey County,2367,11,1,4,2
2024,10,IL,McHenry County,1357,2,1,10,0
2024,10,GA,Coweta County,1509,0,0,0,0
2024,10,IN,Bartholomew County,415,0,0,0,0
2024,10,LA,Vernon Parish,510,0,0,0,0
2024,10,MA,Worcester County,700,0,0,0,0
2024,10,ND,Morton County,140,0,0,0,0
2024,10,OH,Sandusky County,55,0,0,0,0
2024,10,NH,Coos County,320,0,0,0,0
2024,10,GA,Cobb County,2959,9,6,16,0
2024,11,NC,Henderson County,455,0,0,0,0
2024,11,OK,Oklahoma County,3034,0,0,1,1
2024,11,WY,Campbell County,1761,95,18,19,16
2024,11,CT,Hartford County,175,16,16,35,0
2024,11,AL,Marshall County,1603,0,0,0,0
2024,11,FL,Lee County,5197,5,5,3,1
2024,11,MD,Charles County,895,0,2,1,0
2024,11,PA,Beaver County,540,0,0,0,0
2024,11,VA,Hanover County,1236,0,0,0,0
2024,12,IN,Lawrence County,15,0,0,0,0
2024,12,MO,Jefferson County,985,0,0,0,0
2024,12,OR,Multnomah County,833,1,0,0,0
2024,12,VA,Franklin County,13744,7,0,0,1
2024,12,CA,Fresno County,1427,7,2,6,1
2024,12,GA,Newton County,580,0,0,0,0
2024,12,KY,Nelson County,1555,0,1,0,11
2024,12,VA,Roanoke County,3620,3,0,0,0
2024,12,MO,Madison County,229,0,0,0,0
2024,12,TN,Tipton County,1380,0,2,0,0
2024,12,VA,Appomattox County,2601,2,2,2,2
2024,12,OH,Shelby County,95,0,0,0,0
2024,12,FL,Flagler County,475,4,1,2,3
2024,12,IA,Warren County,60,0,0,0,0
2024,12,PA,Clearfield County,590,0,0,0,0
2024,12,MN,Wright County,255,0,0,0,0
2025,1,TN,Lincoln County,170,0,0,0,0
2024,6,NC,Pasquotank County,150,0,0,0,0
2024,7,CA,Alameda County,1126,2,1,0,0
2024,7,LA,Rapides Parish,2956,4,0,6,2
2024,7,MS,Copiah County,115,0,0,0,0
2024,8,AZ,Cochise County,980,1,0,0,0
2024,8,NC,Robeson County,530,0,0,0,0
2024,8,VA,Newport News city,1290,0,0,0,0
2024,8,VA,Staunton city,975,0,0,0,0
2024,8,WI,Barron County,225,0,0,0,0
2024,8,WI,Taylor County,90,0,0,0,0
2024,8,SC,Greenwood County,157,1,5,0,0
2024,8,SD,Grant County,50,0,0,0,0
2024,8,NC,Cumberland County,15,0,0,0,0
2024,9,CA,Riverside County,3550,7,5,13,4
2024,9,OH,Ashtabula County,755,0,0,0,0
2024,9,NC,Cabarrus County,1293,0,0,0,2
2024,9,TN,Campbell County,35,0,0,0,0
2024,9,GA,Lowndes County,525,10,2,1,1
2024,9,MS,Lamar County,325,0,0,0,0
2024,9,MD,Washington County,345,0,0,0,0
2024,10,CA,Stanislaus County,4963,0,0,1,3
2024,10,NC,Randolph County,1165,0,0,0,0
2024,10,SC,Lexington County,4078,15,19,25,6
2024,10,GA,Muscogee County,1166,1,0,3,0
2024,10,AZ,Pinal County,907,1,0,0,0
2024,10,MO,Cole County,370,0,0,0,0
2024,10,PA,Lancaster County,1280,0,0,0,0
2024,10,TN,Blount County,1159,0,0,0,0
2024,10,CA,Tulare County,280,0,0,0,0
2024,10,VA,Stafford County,597,2,1,1,1
2024,10,TN,Bradley County,4340,0,0,0,1
2024,10,TN,Carroll County,495,0,0,0,0
2024,11,OH,Lake County,935,3,1,2,4
2024,11,AL,Shelby County,3661,5,0,0,0
2024,11,LA,Ouachita Parish,2969,4,0,1,3
2024,11,SC,Georgetown County,115,0,0,0,0
2024,11,VA,Harrisonburg city,185,0,0,0,0
2024,11,CT,New London County,220,0,0,0,0
2024,11,MO,St. Francois County,882,2,1,1,2
2024,11,ND,McLean County,111,11,3,2,8
2024,11,PA,Monroe County,155,0,0,0,0
2024,11,GA,Elbert County,150,0,0,0,0
2024,11,MI,Antrim County,193,5,5,0,0
2024,11,OH,Wood County,1113,0,0,0,0
2024,11,NC,Lincoln County,955,0,0,0,0
2024,11,MS,Jackson County,775,2,0,0,0
2024,11,DE,New Castle County,980,0,0,0,0
2024,11,OR,Jackson County,205,0,0,0,0
2024,11,VA,Dinwiddie County,185,0,0,0,0
2024,12,IL,Kane County,1065,3,3,0,1
2024,12,SC,Spartanburg County,5372,0,0,0,0
2024,12,OK,Pittsburg County,1413,12,6,8,3
2024,12,LA,Allen Parish,150,0,0,0,0
2024,12,AL,Baldwin County,425,0,0,0,0
2024,12,TN,Madison County,2343,0,1,0,0
2024,12,OH,Mercer County,295,0,0,0,0
2025,1,AL,Geneva County,80,0,0,0,0
2025,1,AL,Russell County,402,2,0,0,0
2025,1,AR,Faulkner County,585,0,0,0,0
2025,1,FL,St. Johns County,5272,2,0,2,2
2025,1,OH,Clermont County,820,1,1,0,0
2025,1,TN,Cheatham County,755,0,0,0,0
2025,1,WA,Snohomish County,1285,1,0,1,0
2025,1,NY,Livingston County,250,0,0,0,0
2025,1,IL,Madison County,812,0,0,3,0
2025,1,OH,Miami County,836,0,0,0,0
2025,1,TN,Cannon County,60,0,0,0,0
2025,1,CO,Weld County,836,0,0,0,0
2025,1,NE,Sarpy County,125,0,0,0,0
2025,1,IL,Macon County,55,0,0,0,0
2025,1,MI,Antrim County,140,0,0,0,0
2025,1,TN,Chester County,145,0,0,0,0
2025,1,WI,Iron County,150,0,0,0,0
2025,1,MI,Osceola County,165,0,0,0,0
2024,9,IL,Sangamon County,2105,0,0,0,0
2024,10,TX,Galveston County,2644,4,4,0,0
2024,11,VA,Colonial Heights city,1470,0,0,0,0
2024,11,MO,Johnson County,215,0,0,0,0
2025,1,WV,Mercer County,220,0,0,1,0
2025,1,GA,Henry County,1465,0,0,0,0
2025,1,WI,Washburn County,80,0,0,0,0
2024,6,OK,Greer County,130,0,0,0,0
2024,6,UT,Salt Lake County,201,0,0,0,0
2024,6,PA,Clinton County,340,0,0,0,0
2024,6,SC,Williamsburg County,35,0,0,0,0
2024,6,MO,Dade County,306,0,0,0,0
2024,7,IN,DeKalb County,430,0,0,0,0
2024,7,TN,Hickman County,160,0,0,0,0
2024,7,AZ,Yuma County,170,0,0,0,0
2024,8,MI,Montcalm County,360,0,0,0,0
2024,8,SC,Colleton County,155,0,0,0,0
2024,8,AR,Hot Spring County,10,0,0,1,1
2024,8,ME,Kennebec County,115,0,0,0,0
2024,9,CO,Weld County,925,0,0,0,0
2024,9,OH,Mercer County,299,0,0,0,0
2024,9,TX,Potter County,185,0,0,0,0
2024,9,AL,Etowah County,75,0,0,0,0
2024,9,AL,Jackson County,10,0,0,0,0
2024,9,TN,Cumberland County,775,12,0,1,0
2024,9,MO,Lincoln County,80,0,0,0,2
2024,9,NY,Saratoga County,55,0,0,0,0
2024,9,OH,Madison County,135,0,0,0,1
2024,9,SC,Newberry County,145,0,0,0,0
2024,9,NE,Platte County,45,0,0,0,0
2024,9,TX,Eastland County,65,0,0,0,0
2024,10,KY,Perry County,365,0,0,0,0
2024,10,TN,Benton County,315,0,0,0,0
2024,10,GA,Elbert County,130,0,0,0,0
2024,11,IL,Morgan County,365,0,0,0,0
2024,11,PA,Schuylkill County,107,0,0,0,0
2024,11,SC,Sumter County,280,0,0,0,0
2024,11,TN,Hardin County,298,3,2,1,3
2024,11,VA,Floyd County,55,0,0,0,0
2024,11,ND,Ramsey County,185,0,0,0,0
2024,11,CO,Otero County,90,0,0,0,0
2024,11,KY,Henderson County,550,0,0,0,0
2024,11,GA,Irwin County,350,0,0,0,0
2024,12,WI,Grant County,540,0,0,0,0
2024,12,MO,Moniteau County,270,0,0,0,0
2024,12,IL,Saline County,30,0,0,0,0
2024,12,AR,Union County,151,0,0,13,0
2024,12,ME,York County,300,0,0,0,0
2025,1,MO,Pulaski County,120,0,0,0,0
2025,1,CA,Santa Cruz County,190,0,0,0,0
2025,1,GA,Lee County,597,0,0,0,0
2025,1,OR,Douglas County,385,0,0,0,0
2025,1,NC,Madison County,210,0,0,0,0
2025,1,IN,Perry County,20,0,0,0,0
2025,1,NY,Chenango County,155,0,0,0,0
2024,9,WI,Barron County,215,0,0,0,0
2024,11,OH,Erie County,140,0,0,0,0
2025,1,KY,Woodford County,468,0,0,0,0
2024,7,TX,San Saba County,155,0,0,0,0
2024,8,AL,Etowah County,125,0,0,0,0
2024,8,TX,Brown County,15,0,0,0,0
2024,8,SD,Pennington County,45,0,0,0,0
2024,9,OR,Jackson County,250,0,0,0,0
2024,9,SC,Sumter County,260,0,0,0,0
2024,9,KY,Barren County,85,0,0,0,0
2024,9,UT,Salt Lake County,135,0,0,0,0
2024,9,SC,Colleton County,145,0,0,0,0
2024,9,NM,Lincoln County,50,0,0,0,0
2024,10,TN,Henry County,360,0,0,0,0
2024,10,WI,Vilas County,140,0,0,0,0
2024,10,MS,Warren County,15,0,0,0,0
2024,10,NH,Grafton County,85,0,0,0,0
2024,11,TX,Walker County,165,0,0,0,0
2024,11,KY,Menifee County,210,0,0,0,0
2024,12,FL,Monroe County,40,0,0,0,0
2025,1,PA,Bucks County,50,0,0,0,0
2025,1,SD,Day County,180,0,0,0,0
2025,1,WV,Wayne County,160,1,0,0,0
2025,1,GA,Liberty County,140,0,0,0,0
2025,1,PA,Northumberland County,35,0,0,0,0
2025,2,SC,Kershaw County,710,0,0,0,0
2024,6,NM,Luna County,40,0,0,0,0
2024,8,ND,Oliver County,90,0,0,0,0
2024,8,NC,Hertford County,355,0,0,0,0
2024,9,IA,Buchanan County,155,2,0,0,0
2024,9,OK,Muskogee County,115,0,0,0,0
2024,9,IA,Butler County,250,0,0,0,0
2024,9,IL,Wayne County,155,0,0,0,0
2024,9,MD,Allegany County,15,0,0,0,0
2024,10,NC,Granville County,385,0,0,0,0
2024,11,GA,Grady County,60,0,0,0,0
2024,11,NH,Sullivan County,65,0,0,0,0
2024,11,IA,Union County,410,0,0,0,0
2024,6,RI,Kent County,35,0,0,0,0
2024,6,OR,Coos County,61,0,0,0,0
2024,6,VA,Henry County,20,0,0,0,0
2024,9,SD,Douglas County,85,0,0,0,0
2024,9,MO,Warren County,150,0,1,2,0
2024,10,IA,Muscatine County,46,0,0,0,0
2024,11,IL,Kankakee County,46,1,1,0,1
2024,12,TX,San Jacinto County,80,0,0,0,0
2024,6,MI,Muskegon County,7,1,0,0,0
2024,8,MN,Stearns County,106,2,0,2,3
2024,8,OR,Umatilla County,80,0,0,0,0
2024,8,MS,Warren County,5,0,0,0,0
2024,8,CA,Shasta County,105,0,0,0,0
2024,10,GA,Fannin County,20,0,0,0,0
2024,10,OK,Kingfisher County,60,0,0,0,0
2024,6,SC,Abbeville County,40,0,0,0,0
2024,9,GA,Worth County,95,0,0,0,0
2024,10,IL,Pope County,15,0,0,0,0
2024,10,CO,Las Animas County,10,0,0,0,0
2024,11,WV,Wayne County,5,0,0,0,0
2024,12,KS,Brown County,50,0,0,0,0
2025,1,WA,Grays Harbor County,55,0,0,0,0
2025,1,TX,Young County,365,0,0,0,0
2024,8,NC,Ashe County,15,0,0,0,0
2024,10,TX,Houston County,45,0,0,0,0
2024,12,OR,Columbia County,25,0,0,0,0
2025,1,OR,Polk County,5,0,0,0,0
2024,7,NE,Platte County,30,0,0,0,0
2025,1,WV,Barbour County,50,0,0,0,0
2025,2,AZ,Maricopa County,3684,67,54,21,19
2025,2,IL,DuPage County,1136,1,0,0,2
2025,2,KS,Wyandotte County,1435,0,0,0,0
2025,2,TN,Weakley County,635,0,0,0,0
2025,2,TX,Bell County,1092,0,0,0,0
2025,1,OR,Jefferson County,45,1,0,0,0
2025,2,IL,McHenry County,908,0,0,3,0
2025,2,IN,Warrick County,1530,0,0,0,0
2025,2,TN,Hardeman County,525,0,0,0,0
2025,2,GA,Clayton County,825,0,0,0,0
2025,2,MS,Madison County,2475,0,0,0,0
2025,2,AL,Russell County,586,0,0,0,0
2025,2,MS,Marshall County,230,0,0,0,0
2025,2,MS,Union County,110,0,0,0,0
2025,2,NC,Rockingham County,308,0,0,0,0
2025,2,OH,Meigs County,890,0,0,0,0
2025,2,CA,San Luis Obispo County,734,0,0,0,0
2025,2,NJ,Burlington County,265,0,0,0,0
2025,2,IN,Bartholomew County,1031,0,0,0,0
2025,2,OH,Greene County,1561,9,3,4,1
2025,2,PA,Monroe County,135,0,0,0,0
2025,2,SD,Minnehaha County,15,0,0,0,0
2025,2,PA,Adams County,544,0,0,0,0
2025,2,WI,Milwaukee County,290,0,0,0,0
2025,2,IA,Wayne County,151,0,0,0,0
2025,2,AR,Independence County,155,0,0,0,0
2025,2,SD,Brown County,30,0,0,0,0
2025,3,CO,Arapahoe County,190,0,0,0,0
2025,3,TX,Wise County,55,0,0,0,0
2025,3,GA,Chatham County,40,0,0,0,0
2025,3,GA,Rockdale County,165,0,0,0,0
2025,3,ID,Canyon County,47,0,0,0,0
2025,3,LA,Rapides Parish,491,3,1,2,0
2025,3,MD,Frederick County,375,0,0,0,0
2025,3,MD,Montgomery County,375,0,0,0,0
2025,3,MD,Wicomico County,55,0,0,0,0
2025,3,MO,Adair County,165,0,0,0,0
2025,3,OH,Montgomery County,450,0,1,0,0
2025,3,WA,Whatcom County,385,0,0,0,0
2025,3,PA,Westmoreland County,45,0,0,0,0
2025,3,WV,Wayne County,25,0,0,0,0
2025,3,IL,Whiteside County,65,0,0,0,0
2025,3,IA,Scott County,172,0,1,0,0
2025,3,MN,Carver County,165,0,0,0,0
2025,3,NY,Dutchess County,110,0,0,0,0
2025,3,TN,Bedford County,265,0,0,0,0
2025,3,TX,Comal County,201,4,0,0,0
2025,3,TX,Orange County,350,0,0,0,0
2025,3,WI,Pierce County,75,0,0,0,0
2025,3,IL,Crawford County,5,0,0,0,0
2025,3,OK,Pottawatomie County,60,0,0,0,0
2025,3,TX,Hutchinson County,95,0,0,0,0
2025,3,WI,Polk County,20,0,0,0,0
2025,2,TX,Hopkins County,60,0,0,0,0
2025,3,VA,Bristol city,55,0,0,0,0
2025,3,MI,Branch County,40,0,0,0,0
2025,3,WA,Clallam County,130,0,0,0,0
2024,6,WI,Florence County,5,0,0,0,0
2024,7,IL,Jefferson County,10,0,0,0,0
2024,8,MO,Pulaski County,5,0,0,0,0
2025,1,NC,Watauga County,30,0,0,0,0
2024,8,PA,Snyder County,5,0,0,0,0
2025,2,OR,Tillamook County,30,0,18,0,0
2025,2,GA,Bryan County,110,0,0,0,0
2025,2,SC,Bamberg County,200,0,0,0,0
2025,2,AL,Cherokee County,10,0,0,0,0
2025,2,ME,Waldo County,200,1,0,1,0
2025,2,MS,Forrest County,265,0,0,0,0
2025,3,SC,Colleton County,20,0,0,0,0
2024,11,AL,Jackson County,35,0,0,0,0
2024,11,TX,Fayette County,60,0,0,0,0
2024,7,OH,Sandusky County,20,0,0,0,0
2024,8,MT,Gallatin County,5,0,0,0,0
2024,8,VT,Rutland County,5,0,0,0,0
2024,9,AL,Dale County,10,0,0,0,0
2025,1,MT,Sweet Grass County,10,0,0,0,0
2024,9,NE,Frontier County,10,0,0,0,0
2024,12,NE,Saunders County,30,0,0,0,0
2024,9,OH,Brown County,10,0,0,0,0
2024,11,NH,Carroll County,35,0,0,0,0
2024,8,VA,Surry County,20,0,0,0,0
2024,10,PA,Northumberland County,35,0,0,0,0
2024,11,VA,Surry County,5,0,0,0,0
2024,9,KS,Sumner County,30,0,0,0,0
2025,2,WI,Rock County,295,0,0,0,0
2025,2,WI,Bayfield County,120,0,0,0,0
2025,2,UT,Weber County,140,0,0,0,0
2025,3,PA,Washington County,60,0,0,0,0
2025,3,OK,Stephens County,25,0,0,0,0
2025,3,OK,Comanche County,50,0,0,0,0
2025,3,NC,Madison County,15,0,0,0,0
2025,2,IA,Pocahontas County,20,0,0,0,0
2025,2,GA,Jones County,29,0,0,0,0
2025,2,CO,Delta County,10,0,0,0,0
2025,3,NY,Kings County,30,0,0,0,0
2025,3,VA,Harrisonburg city,50,0,0,0,0
2025,3,VA,Patrick County,45,0,0,0,0
2025,3,IN,Clay County,25,0,0,0,0
2025,3,MN,Nicollet County,15,0,0,0,0
2025,2,GA,Baldwin County,5,0,0,0,0
2024,6,KY,Marion County,5,0,0,0,0
2025,2,MI,Monroe County,5,0,0,0,0
2025,3,WI,Sauk County,65,0,0,0,0
2025,3,SC,Clarendon County,4,0,0,0,0
2024,6,MS,Amite County,10,0,0,0,0
2024,9,WV,Lincoln County,5,0,0,0,0
2024,9,MN,Blue Earth County,1,0,0,0,0
2025,3,NJ,Bergen County,2,0,0,0,0
2025,2,IL,Douglas County,5,0,0,0,0
2025,3,CT,Windham County,10,0,0,0,0
2024,8,IN,Jefferson County,5,0,0,0,0
2025,3,MI,Isabella County,35,0,0,0,0
2024,10,GA,Dodge County,4,0,3,20,0
2024,10,WV,Lincoln County,5,0,0,0,0
2024,10,TX,Gray County,5,0,0,0,0
2025,3,MO,Ste. Genevieve County,5,0,0,0,0
2025,2,VT,Caledonia County,10,0,0,0,0
2024,10,KS,Cherokee County,5,0,0,0,0
2024,12,GA,Madison County,10,0,0,0,0
2024,7,OH,Gallia County,5,0,0,0,0
2024,10,WV,Kanawha County,5,0,0,0,0
2024,11,WI,Fond du Lac County,5,0,0,0,0
2025,3,MI,St. Clair County,20,0,0,0,0
2025,3,TX,Cameron County,10,0,0,0,0
2025,2,GA,Schley County,5,0,0,0,0
2024,9,VA,Arlington County,5,0,0,0,0
2025,2,OK,Delaware County,10,0,0,0,0
2024,6,KY,Pike County,217,18,12,18,11
2024,6,LA,De Soto Parish,185,0,0,0,0
2024,6,MI,Macomb County,617,3,4,3,2
2024,6,KY,Mercer County,405,0,0,0,0
2024,6,OH,Marion County,2440,0,0,4,0
2024,6,OK,Pottawatomie County,285,1,1,1,0
2024,6,VA,Loudoun County,2527,6,6,3,3
2024,6,VA,Prince George County,875,8,16,0,0
2024,6,VA,Spotsylvania County,3948,0,0,0,0
2024,6,OR,Yamhill County,641,0,0,0,0
2024,6,TN,Lewis County,110,0,0,0,0
2024,6,VA,Dinwiddie County,205,0,0,0,0
2024,6,FL,Santa Rosa County,1409,3,0,11,0
2024,6,GA,Colquitt County,285,0,0,0,0
2024,6,IN,Johnson County,335,0,0,0,0
2024,6,NJ,Hudson County,70,0,0,0,0
2024,6,NY,Dutchess County,458,0,0,0,0
2024,6,TX,Tom Green County,509,0,0,0,0
2024,6,LA,Tangipahoa Parish,166,4,0,0,0
2024,6,MT,Flathead County,20,0,0,0,0
2024,6,DC,District of Columbia,991,5,6,6,5
2024,6,TN,Obion County,640,8,1,3,0
2024,6,WI,Ozaukee County,150,0,0,0,0
2024,6,MD,Baltimore County,406,0,0,0,0
2024,6,IA,Pottawattamie County,180,0,0,2,0
2024,7,OK,Oklahoma County,3791,18,0,11,0
2024,7,TN,Blount County,1594,1,1,3,0
2024,7,WI,Jefferson County,70,0,0,0,0
2024,7,TN,Robertson County,6056,0,0,0,0
2024,7,AL,Calhoun County,1181,1,1,3,1
2024,7,IN,Jackson County,165,0,0,0,0
2024,7,GA,Fayette County,970,0,0,0,2
2024,7,LA,West Feliciana Parish,415,0,0,0,0
2024,7,MO,Taney County,1175,0,1,0,0
2024,7,NY,Tioga County,345,0,1,0,0
2024,7,AZ,Pinal County,1327,1,0,0,0
2024,7,CA,Placer County,1879,3,2,5,1
2024,7,NH,Hillsborough County,470,0,0,0,0
2024,7,MO,Moniteau County,275,0,0,0,0
2024,7,NE,Garden County,215,0,0,0,0
2024,8,FL,Polk County,3638,0,0,0,0
2024,8,MN,Wright County,420,0,0,0,0
2024,8,MS,Madison County,2564,0,0,0,0
2024,8,AL,Shelby County,4304,7,0,0,0
2024,8,ND,McLean County,125,4,0,5,1
2024,8,GA,Rockdale County,1025,0,0,0,0
2024,8,MI,Ottawa County,4193,0,0,0,1
2024,8,MN,Dakota County,1478,14,2,3,0
2024,8,AL,Chilton County,275,0,0,0,0
2024,8,MS,Tippah County,180,0,0,0,0
2024,8,NY,Orange County,215,0,0,0,0
2024,9,TN,Gibson County,1996,0,1,0,0
2024,9,MA,Plymouth County,495,33,32,26,18
2024,9,NM,Doña Ana County,115,0,0,0,0
2024,9,IA,Pottawattamie County,140,0,0,0,0
2024,9,NC,Iredell County,859,1,0,0,0
2024,9,FL,Flagler County,605,0,0,0,0
2024,10,OK,Le Flore County,80,0,0,0,0
2024,10,OH,Mahoning County,225,0,0,0,0
2024,11,GA,Floyd County,3567,0,0,0,0
2024,11,ME,Penobscot County,210,0,0,0,0
2024,11,MI,Kent County,4040,49,15,40,23
2025,1,VA,Carroll County,520,0,0,0,0
2025,1,MO,Caldwell County,235,0,0,0,0
2024,6,VA,Pittsylvania County,1691,1,0,0,0
2024,6,VA,Poquoson city,450,0,0,0,0
2024,6,CA,San Joaquin County,425,0,0,0,0
2024,6,KY,Franklin County,385,0,0,0,0
2024,7,OK,Canadian County,895,0,0,0,0
2024,7,AL,Elmore County,2440,0,0,0,0
2024,7,VA,Spotsylvania County,4169,0,0,0,0
2024,7,SC,Dorchester County,951,0,0,0,0
2024,6,NE,Garden County,280,0,0,0,0
2024,7,GA,Harris County,737,2,4,0,0
2024,7,GA,Lee County,640,0,0,0,0
2024,7,IA,Marshall County,417,4,1,1,0
2024,7,MO,Marion County,1290,0,0,0,0
2024,7,TN,Davidson County,4040,7,2,3,0
2024,7,VA,Henrico County,2692,0,0,0,0
2024,7,SC,Edgefield County,20,0,0,0,0
2024,7,FL,Bay County,170,0,0,0,0
2024,7,NV,Clark County,305,0,0,0,0
2024,7,VA,Buckingham County,30,0,0,0,0
2024,7,WI,Bayfield County,252,1,1,0,0
2024,7,GA,Cook County,115,0,0,0,0
2024,7,KY,Hopkins County,190,0,0,0,0
2024,8,FL,Pinellas County,2340,0,0,0,0
2024,8,KY,Jefferson County,3510,1,0,0,4
2024,8,NJ,Camden County,555,0,0,0,0
2024,8,KY,Marshall County,860,0,0,0,0
2024,8,KS,Leavenworth County,1190,0,0,0,0
2024,8,TX,Rusk County,155,0,0,0,0
2024,8,GA,Forsyth County,1569,40,20,0,0
2024,8,NC,Bertie County,80,0,0,0,0
2024,8,NC,Cleveland County,935,2,0,3,0
2024,8,OH,Miami County,1381,0,0,0,0
2024,8,PA,Lancaster County,1099,8,8,6,0
2024,8,OK,Comanche County,440,0,0,0,0
2024,8,OK,McClain County,547,0,0,0,0
2024,8,TN,Smith County,260,0,0,0,0
2024,9,NE,Lancaster County,2307,19,3,4,0
2024,9,TN,Bradley County,5225,3,0,2,2
2024,9,NM,Santa Fe County,89,0,0,0,1
2024,9,TX,Parker County,280,0,0,0,0
2024,9,MD,Queen Anne's County,220,0,0,0,0
2024,9,OH,Miami County,1023,3,3,2,1
2024,9,TN,Sullivan County,1985,0,0,0,0
2024,9,TN,Putnam County,1676,12,7,8,9
2024,9,AL,Autauga County,25,0,0,0,0
2024,9,WY,Campbell County,105,2,0,0,0
2024,9,TN,Warren County,345,0,0,0,0
2024,9,MS,Monroe County,15,0,0,0,0
2024,9,WI,St. Croix County,341,0,1,0,0
2024,9,AR,Pope County,55,2,0,0,0
2024,9,AR,Sebastian County,595,1,0,0,0
2024,9,AL,Henry County,100,0,0,0,0
2024,9,LA,Vernon Parish,585,0,0,0,0
2024,9,TN,Franklin County,105,0,0,0,0
2024,10,GA,Gwinnett County,6897,21,11,11,7
2024,10,CA,San Joaquin County,467,32,3,24,4
2024,10,KS,Ottawa County,120,0,0,0,0
2024,10,MO,St. Francois County,1090,11,4,18,4
2024,10,KY,Franklin County,370,0,0,0,0
2024,10,KY,Christian County,20,0,0,0,0
2024,10,KS,Wyandotte County,1370,0,0,0,0
2024,10,KS,Sedgwick County,827,0,1,0,0
2024,10,OH,Cuyahoga County,3761,3,1,0,1
2024,10,MN,Big Stone County,80,0,0,0,0
2024,11,CO,Douglas County,725,0,1,12,0
2024,11,TN,Bedford County,1125,0,0,0,0
2024,11,CA,Los Angeles County,3409,6,6,5,5
2024,11,KY,Nelson County,1420,2,0,0,31
2024,11,MI,Osceola County,155,0,0,0,0
2024,11,NH,Grafton County,65,0,0,0,0
2024,11,OK,Pottawatomie County,290,0,0,0,1
2024,11,KY,Hardin County,275,0,0,0,0
2024,12,TN,Carroll County,675,0,0,0,0
2024,12,TX,Montgomery County,5109,0,0,0,0
2024,12,VA,Colonial Heights city,1560,0,0,9,0
2024,12,TX,Kaufman County,1311,0,1,2,0
2024,12,FL,Alachua County,804,36,26,22,0
2024,12,KY,Franklin County,365,0,0,0,0
2024,12,MN,Crow Wing County,600,0,0,0,0
2024,12,OH,Richland County,480,0,0,0,0
2024,12,CA,Ventura County,800,0,0,0,0
2024,12,NY,Niagara County,385,0,0,0,0
2025,1,PA,Bradford County,475,0,0,0,0
2025,1,IL,Morgan County,425,0,0,0,0
2025,1,KS,Seward County,169,0,0,0,0
2025,2,CO,Pueblo County,595,0,0,0,0
2024,7,TX,Ward County,145,0,0,0,0
2024,8,TN,Sevier County,995,0,0,0,0
2024,8,NC,Surry County,200,0,0,0,0
2024,8,KY,Menifee County,195,0,0,0,0
2024,8,ME,Androscoggin County,635,0,0,0,0
2024,8,NY,Queens County,376,3,1,1,2
2024,8,NC,Harnett County,430,0,0,0,0
2024,8,OH,Lorain County,625,0,0,0,0
2024,8,WA,Lewis County,235,1,0,0,0
2024,9,CA,Fresno County,1392,0,0,0,0
2024,9,FL,Broward County,1833,0,0,0,0
2024,9,TX,Harris County,9720,26,8,15,9
2024,9,CA,Orange County,2024,0,7,0,0
2024,9,TX,Coryell County,775,0,0,0,0
2024,9,LA,Jefferson Parish,185,0,0,0,0
2024,9,IL,Jefferson County,417,7,1,0,2
2024,9,NE,Lincoln County,160,0,0,0,0
2024,9,AZ,Cochise County,710,0,4,0,0
2024,10,GA,Bibb County,198,0,0,0,0
2024,10,VA,Colonial Heights city,1674,0,0,0,0
2024,10,AR,Craighead County,673,0,0,0,0
2024,10,MS,Jackson County,715,0,0,0,0
2024,10,TX,Henderson County,695,0,0,0,0
2024,10,TX,Hays County,614,0,0,0,0
2024,10,ME,Kennebec County,285,0,0,0,0
2024,10,MN,McLeod County,287,0,0,0,0
2024,10,IL,Crawford County,145,0,0,0,0
2024,11,CA,Placer County,1653,12,1,6,4
2024,11,FL,Duval County,6133,2,1,1,2
2024,11,MN,Itasca County,245,0,0,0,0
2024,11,TX,Dallas County,6736,9,6,6,7
2024,11,NY,Erie County,1180,1,0,0,0
2024,11,OH,Columbiana County,150,0,0,0,0
2024,11,TN,Robertson County,4206,7,2,3,1
2024,11,TX,Hill County,305,0,0,0,0
2024,11,KY,Boyle County,420,0,0,0,0
2024,11,MS,Leflore County,95,0,0,0,0
2024,11,WA,Thurston County,441,9,12,2,4
2024,11,KY,Boone County,460,0,0,0,0
2024,11,SC,Williamsburg County,20,0,0,0,0
2024,11,MD,Carroll County,535,0,0,0,0
2024,11,TX,Randall County,240,0,0,0,0
2024,11,MT,Missoula County,165,0,0,0,0
2024,11,TN,Cannon County,50,0,0,0,0
2024,11,VA,Fredericksburg city,380,0,0,0,0
2024,11,KS,Riley County,340,0,0,0,0
2024,11,AZ,Coconino County,25,0,0,0,0
2024,12,IA,Sioux County,1040,0,0,0,0
2024,12,MI,St. Joseph County,535,0,0,0,0
2024,12,OH,Wyandot County,310,0,0,0,0
2024,12,PA,Berks County,764,0,0,0,0
2024,12,PA,York County,671,0,0,0,0
2024,12,TN,Putnam County,1474,2,0,1,0
2024,12,TN,Robertson County,4111,0,0,0,0
2024,12,VA,Dinwiddie County,90,0,0,0,0
2024,12,IN,Morgan County,407,0,0,0,0
2024,12,KY,Fayette County,1405,0,0,0,0
2024,12,OH,Portage County,2056,1,0,2,0
2024,12,NY,Schenectady County,220,0,0,0,0
2024,12,CO,Summit County,125,0,0,0,0
2024,12,NC,Hoke County,210,0,0,1,0
2025,1,KS,Johnson County,16358,65,51,65,5
2025,1,VA,Spotsylvania County,3279,1,0,0,0
2025,1,OK,Bryan County,490,0,0,0,0
2025,1,NC,Scotland County,1396,0,0,0,2
2025,1,MI,Branch County,275,0,0,0,0
2025,1,CA,Kings County,323,0,0,0,0
2025,1,KS,Geary County,381,1,0,2,0
2025,1,MT,Stillwater County,135,0,0,0,0
2025,2,NC,Nash County,1881,1,1,0,0
2025,2,VA,Dinwiddie County,135,0,0,0,0
2025,2,AZ,Cochise County,731,0,0,0,2
2025,2,MD,Montgomery County,1572,0,0,0,0
2025,2,NE,Pierce County,630,1,0,0,0
2024,9,SC,Spartanburg County,5575,1,0,0,0
2024,11,IL,Crawford County,145,0,0,0,0
2024,11,TX,Denton County,3858,20,21,16,18
2024,12,MI,Wexford County,255,0,0,0,0
2024,12,NC,Union County,1206,0,7,12,0
2024,12,VA,Montgomery County,665,0,0,0,0
2024,12,MN,Nicollet County,176,1,0,0,0
2024,12,VA,Amelia County,405,0,0,0,0
2025,2,KY,Marshall County,570,0,0,0,0
2024,12,ND,Ward County,288,0,0,0,0
2025,1,WA,Spokane County,1702,0,0,0,0
2024,6,WA,Benton County,290,0,0,0,0
2024,6,SC,Greenwood County,100,0,0,0,0
2024,6,WI,Calumet County,5,0,0,0,0
2024,7,ID,Jerome County,255,0,0,0,0
2024,7,TX,Cameron County,150,0,0,0,0
2024,7,TN,Roane County,70,0,0,0,0
2024,7,KY,Webster County,265,0,0,0,0
2024,7,NJ,Monmouth County,170,0,0,0,0
2024,8,TN,Grainger County,330,0,0,0,0
2024,8,AR,Boone County,65,0,0,0,0
2024,8,PA,Luzerne County,250,0,0,0,0
2024,8,MS,Marion County,340,0,0,0,0
2024,8,SC,Sumter County,295,0,0,0,0
2024,8,AR,Drew County,140,0,0,0,0
2024,9,IL,Whiteside County,815,0,0,0,0
2024,9,TN,Lewis County,100,0,0,0,0
2024,9,AR,Lawrence County,5,0,0,0,0
2024,9,PA,Tioga County,150,0,0,0,0
2024,10,IL,Piatt County,125,0,0,0,0
2024,11,AR,White County,65,0,0,0,0
2024,11,MO,McDonald County,91,0,0,0,0
2024,12,FL,St. Lucie County,306,0,0,0,0
2024,12,ME,Waldo County,166,1,1,6,0
2024,12,OK,Mayes County,30,0,0,0,0
2025,1,NV,Clark County,365,0,0,0,0
2025,1,GA,Walker County,245,0,0,0,0
2025,1,NE,Pierce County,502,0,0,0,0
2025,1,NC,Avery County,155,0,0,0,0
2025,2,OR,Lincoln County,285,0,0,0,0
2025,2,WA,Clark County,913,0,0,0,0
2025,2,TX,Callahan County,340,0,0,0,0
2025,2,IL,Tazewell County,384,0,1,5,0
2025,2,KY,Scott County,95,0,0,0,0
2025,2,MD,Baltimore city,260,0,0,0,0
2025,2,PA,Luzerne County,100,0,0,0,0
2025,2,SC,Anderson County,541,0,0,0,0
2025,2,UT,Cache County,390,0,0,0,0
2025,2,WA,Kittitas County,885,0,0,0,0
2025,2,IA,Woodbury County,520,0,0,0,0
2025,2,MN,Crow Wing County,415,0,0,0,0
2025,2,OH,Morrow County,330,0,0,0,0
2025,2,NE,Antelope County,66,0,0,0,0
2025,2,KY,Washington County,55,0,0,0,0
2025,2,AL,Autauga County,90,0,0,0,0
2025,2,TX,Harrison County,616,0,0,0,0
2025,3,AR,Lonoke County,210,0,0,0,0
2025,3,IL,Cook County,1032,19,10,20,19
2025,3,MO,Boone County,160,0,0,0,0
2024,6,TX,Llano County,297,0,0,0,0
2025,2,WA,Pierce County,1295,0,0,1,0
2025,3,MS,Madison County,431,0,0,0,0
2024,6,AR,Jefferson County,95,0,0,0,0
2024,6,OK,Le Flore County,125,0,0,0,0
2024,6,OR,Columbia County,15,0,0,0,0
2024,7,WY,Natrona County,20,0,0,0,0
2024,7,ID,Canyon County,115,0,0,0,0
2024,8,MI,Mecosta County,100,0,0,0,0
2024,8,TX,Hidalgo County,35,0,0,0,0
2024,8,VA,Henry County,32,0,0,0,0
2024,9,VA,Wythe County,80,0,0,0,0
2024,9,VA,Madison County,92,0,0,0,0
2024,9,MN,Todd County,100,0,0,0,0
2024,9,TX,San Patricio County,25,0,0,0,0
2024,10,MN,Kandiyohi County,85,0,0,0,0
2024,10,OH,Putnam County,125,0,0,0,0
2024,11,WI,Wood County,385,0,0,0,0
2024,11,MO,Cedar County,135,0,0,0,0
2024,11,KY,Carroll County,115,0,0,0,0
2024,12,NC,Person County,125,0,0,0,0
2024,12,IA,Lyon County,40,0,0,0,0
2025,1,GA,Worth County,240,0,0,0,0
2025,1,WV,Hancock County,160,0,0,0,0
2025,1,MS,Wayne County,215,0,0,0,0
2025,1,MD,Allegany County,25,0,0,0,0
2025,1,KY,Boyd County,237,0,0,0,0
2025,1,KS,Wilson County,95,0,0,0,0
2024,6,MS,Itawamba County,150,0,0,0,0
2024,6,OH,Putnam County,70,0,0,0,0
2024,7,RI,Kent County,55,0,0,0,0
2024,9,AL,Geneva County,100,0,0,0,0
2024,10,KS,Dickinson County,10,0,0,0,0
2024,10,MS,Wayne County,180,0,0,0,0
2024,10,MD,Cecil County,2,0,0,0,0
2024,11,ID,Bonner County,1,0,0,0,0
2024,11,MS,Franklin County,20,0,0,0,0
2024,12,AZ,Yuma County,50,0,0,0,0
2024,12,TX,Moore County,25,0,0,0,0
2024,12,TN,Cannon County,55,0,0,0,0
2025,1,OK,Creek County,127,0,0,0,0
2025,1,WA,Whitman County,25,0,0,0,0
2025,2,VA,Culpeper County,152,1,0,1,0
2025,2,NY,Schenectady County,215,0,0,0,0
2025,2,AR,Clay County,75,0,0,0,0
2025,2,SC,Clarendon County,21,0,0,0,0
2024,6,NC,Camden County,80,0,0,0,0
2024,7,CA,El Dorado County,181,11,0,0,0
2024,8,MI,Branch County,180,0,0,0,0
2024,9,ID,Nez Perce County,55,0,0,0,0
2024,10,LA,Orleans Parish,15,0,0,0,0
2024,10,OH,Madison County,150,0,0,0,0
2024,12,SD,Pennington County,97,0,0,0,0
2025,1,ND,Hettinger County,30,0,0,0,0
2024,7,TX,Leon County,115,0,0,0,0
2024,7,WI,Shawano County,10,0,0,0,0
2024,7,ID,Cassia County,20,0,0,0,0
2024,8,VA,Petersburg city,15,0,0,0,0
2024,10,TX,Archer County,65,3,0,1,3
2024,10,TX,Caldwell County,30,0,0,0,0
2024,7,OR,Coos County,104,9,6,10,5
2024,8,MO,Ste. Genevieve County,5,0,0,0,0
2024,9,OK,Mayes County,35,0,0,0,0
2024,10,PA,Cambria County,60,0,0,0,0
2024,11,OK,Osage County,90,0,0,0,0
2025,1,WI,Bayfield County,155,0,0,0,0
2024,7,VT,Windsor County,55,0,0,0,0
2024,10,AR,Madison County,10,0,1,0,0
2025,1,IN,Knox County,10,0,0,0,0
2025,3,CA,Fresno County,633,0,0,0,0
2024,6,MA,Hampden County,5,0,0,0,0
2024,10,VA,Halifax County,50,0,0,0,0
2024,12,VA,Wise County,25,0,0,0,0
2025,1,SC,Hampton County,5,0,0,0,0
2024,6,AR,Cleburne County,50,0,0,0,0
2024,7,CT,Windham County,30,0,0,0,0
2024,7,NE,Burt County,31,0,0,0,0
2024,10,AR,Crittenden County,5,0,0,0,0
2024,10,OK,Logan County,40,0,0,0,0
2024,9,NY,Madison County,5,0,0,0,0
2024,9,AR,Jackson County,5,0,0,0,0
2024,11,VA,Essex County,5,0,0,0,0
2024,11,LA,Morehouse Parish,5,0,0,0,0
2025,1,MI,Muskegon County,16,2,1,0,0
2025,2,NY,Kings County,100,0,0,1,0
2025,3,VA,Roanoke County,699,4,1,3,4
2025,3,FL,Hernando County,235,0,0,0,0
2025,3,KY,Hardin County,70,0,0,0,0
2025,3,MI,Gratiot County,200,0,0,0,0
2025,3,NY,Broome County,40,0,0,0,0
2025,3,OH,Pickaway County,50,0,0,0,0
2025,3,VA,Hanover County,250,0,0,0,0
2025,3,FL,Broward County,381,2,0,0,0
2025,3,AZ,Santa Cruz County,10,0,0,0,0
2025,3,FL,Walton County,30,0,0,0,0
2025,3,GA,Cook County,15,0,0,0,0
2025,3,NC,Polk County,65,0,0,0,0
2025,3,OR,Marion County,110,0,0,0,0
2025,3,WA,Pend Oreille County,5,0,0,0,0
2025,3,KY,Franklin County,60,0,0,0,0
2025,3,MS,Harrison County,40,0,0,0,0
2025,3,OK,Bryan County,125,0,0,0,0
2025,3,MO,Carroll County,30,0,0,0,0
2025,3,IN,Howard County,105,0,0,0,0
2025,3,KY,Pike County,45,0,0,0,0
2025,3,OK,Garfield County,5,0,0,0,0
2025,3,VA,Isle of Wight County,60,0,0,0,0
2025,2,NE,Saunders County,20,0,0,0,0
2024,12,SC,Allendale County,30,0,0,0,0
2025,2,IN,Washington County,20,0,0,0,0
2024,6,AL,Escambia County,11,0,0,0,0
2024,10,IL,Saline County,50,0,0,0,0
2024,10,AL,Dale County,25,0,0,0,0
2025,2,TN,Cannon County,20,0,0,0,0
2024,11,WV,Raleigh County,5,0,0,0,0
2024,12,AL,Blount County,25,0,0,0,0
2024,6,NC,Lee County,25,0,0,0,0
2024,6,MO,Ste. Genevieve County,20,0,0,0,0
2025,2,SC,Williamsburg County,15,0,0,0,0
2025,2,TX,Runnels County,6,0,0,0,0
2025,3,PA,Lackawanna County,45,0,0,0,0
2025,2,PA,Perry County,15,0,0,0,0
2024,6,AR,Desha County,11,1,0,0,0
2024,11,IN,Huntington County,25,0,0,0,0
2025,1,MO,Polk County,10,0,0,0,0
2025,1,TX,Runnels County,5,0,0,0,0
2024,6,NM,Lea County,10,0,0,0,0
2025,3,TX,Llano County,20,0,0,0,0
2025,3,NC,Person County,30,0,0,0,0
2025,3,LA,East Baton Rouge Parish,40,0,0,0,0
2025,3,TN,Pickett County,10,0,0,0,0
2024,10,KY,Estill County,5,0,0,0,0
2024,7,IN,Tipton County,10,0,0,0,0
2025,2,TX,Hidalgo County,25,0,0,0,0
2025,2,MI,Shiawassee County,44,0,0,0,0
2025,2,VT,Addison County,10,0,0,0,0
2025,2,IL,Richland County,10,0,0,0,0
2024,6,KY,Christian County,45,0,0,0,0
2025,2,MO,Warren County,5,0,0,0,0
2024,10,SC,Williamsburg County,20,0,0,0,0
2024,8,NY,Cayuga County,10,1,0,0,0
2025,2,OR,Benton County,5,0,0,0,0
2025,3,KY,Scott County,10,0,0,0,0
2024,6,OH,Cuyahoga County,4689,10,0,1,1
2024,6,VA,Portsmouth city,340,1,5,0,0
2024,6,NY,Onondaga County,1312,0,0,0,0
2024,6,TN,Hamilton County,5286,1,14,8,1
2024,6,AZ,Yavapai County,665,0,0,0,0
2024,6,OR,Marion County,837,18,0,4,1
2024,6,NJ,Ocean County,3718,37,38,42,0
2024,6,GA,Glynn County,630,12,1,4,0
2024,6,CA,Siskiyou County,250,0,0,0,0
2024,6,TX,Henderson County,1292,2,1,1,0
2024,6,NC,Franklin County,1344,0,0,0,0
2024,6,TN,Robertson County,5976,8,6,58,0
2024,6,TX,Anderson County,551,2,0,3,2
2024,6,VA,Gloucester County,771,0,0,0,0
2024,6,CO,Douglas County,570,1,2,0,0
2024,6,KS,Douglas County,445,1,0,0,0
2024,6,MN,Nicollet County,120,0,0,0,0
2024,6,NY,Queens County,351,0,0,0,0
2024,6,SC,Chester County,140,0,0,0,0
2024,6,ND,Cass County,427,0,0,0,0
2024,6,ID,Canyon County,225,0,0,0,0
2024,6,TX,Bosque County,30,1,1,0,0
2024,6,WA,Kittitas County,1661,10,0,2,0
2024,6,WI,Winnebago County,235,0,1,0,0
2024,6,ND,McLean County,136,4,5,2,2
2024,6,SC,Georgetown County,295,0,0,0,0
2024,6,TX,Medina County,5,0,0,0,0
2024,6,TX,Rockwall County,490,5,3,2,3
2024,7,PA,Lancaster County,1461,0,0,0,1
2024,7,TN,Monroe County,1030,0,0,0,0
2024,7,KY,Mason County,20,0,0,0,0
2024,7,TN,Bradley County,6726,20,1,14,4
2024,7,TN,Marshall County,815,0,0,0,0
2024,7,PA,Clearfield County,670,1,1,0,1
2024,7,SC,Newberry County,205,0,0,0,0
2024,7,IN,Marion County,2079,9,3,1,1
2024,7,PA,Tioga County,160,0,0,0,0
2024,7,TX,Cherokee County,996,1,0,0,0
2024,7,MN,Goodhue County,185,5,0,0,0
2024,7,TX,Jefferson County,327,2,1,6,0
2024,7,AR,Phillips County,279,1,1,0,0
2024,7,MO,Dallas County,60,0,0,0,0
2024,7,NY,Saratoga County,85,0,0,2,0
2024,7,GA,Whitfield County,170,0,0,0,0
2024,8,MI,St. Clair County,113,8,2,1,6
2024,8,FL,Osceola County,1742,1,6,16,1
2024,8,IL,Sangamon County,1625,0,0,0,0
2024,8,VA,Westmoreland County,450,0,0,0,0
2024,8,TX,Panola County,210,0,0,0,0
2024,8,IN,Noble County,70,0,0,0,0
2024,9,FL,Hillsborough County,14257,12,15,10,2
2024,9,VA,Virginia Beach city,5881,4,1,0,1
2024,9,IN,Tippecanoe County,1301,0,0,1,0
2024,9,VA,Danville city,160,0,0,0,0
2024,9,NC,Alamance County,980,17,12,14,2
2024,9,GA,Clayton County,780,0,0,0,0
2024,9,NE,York County,100,0,0,0,0
2024,10,KY,Fayette County,1180,0,0,0,0
2024,10,OH,Trumbull County,1871,14,12,9,8
2024,11,KS,Neosho County,25,0,0,0,0
2024,11,OH,Ashland County,574,0,0,0,0
2024,12,DC,District of Columbia,533,0,0,0,0
2025,1,TX,Fort Bend County,5225,103,27,6,15
2024,6,MN,Ramsey County,1533,41,25,19,1
2024,6,SC,Jasper County,185,0,0,0,0
2024,6,KY,Simpson County,440,0,1,0,0
2024,6,NC,Richmond County,680,0,0,0,0
2024,6,KS,Stanton County,159,0,0,0,0
2024,6,VA,King George County,521,2,0,0,1
2024,6,IL,Tazewell County,338,1,0,0,0
2024,6,MD,Wicomico County,470,0,0,0,0
2024,6,TX,Jefferson County,251,0,0,0,0
2024,7,DE,New Castle County,1280,0,0,0,0
2024,7,FL,Leon County,4670,1,0,1,0
2024,7,MN,Hennepin County,4385,19,17,12,6
2024,7,WA,Snohomish County,1627,2,3,1,1
2024,7,MD,Frederick County,2320,0,0,0,0
2024,7,OH,Wyandot County,315,0,0,0,0
2024,7,NY,Broome County,160,0,0,0,0
2024,7,TN,Macon County,145,0,0,0,0
2024,7,VA,Wythe County,95,0,0,0,0
2024,7,OH,Logan County,1167,5,1,0,0
2024,7,WI,Polk County,105,0,0,0,0
2024,7,CT,New London County,215,0,0,0,0
2024,7,NC,Harnett County,301,0,0,0,1
2024,8,FL,Seminole County,13906,171,18,50,12
2024,8,GA,Grady County,80,0,0,0,0
2024,8,MI,St. Joseph County,516,0,0,0,0
2024,8,NY,Bronx County,166,0,0,0,0
2024,8,OK,Washington County,3191,3,6,1,0
2024,8,TN,Hawkins County,345,1,0,0,0
2024,8,LA,Allen Parish,140,0,0,0,0
2024,8,CO,Mesa County,630,0,0,0,0
2024,8,LA,Natchitoches Parish,175,0,0,0,0
2024,8,OR,Marion County,826,3,0,0,0
2024,8,NE,Sarpy County,150,0,0,0,0
2024,8,KY,Owen County,185,0,0,0,0
2024,8,WI,Wood County,525,0,0,0,0
2024,8,OR,Yamhill County,627,0,0,0,0
2024,8,MN,Clay County,20,0,0,0,0
2024,8,OR,Douglas County,515,0,0,0,0
2024,8,GA,Spalding County,385,0,0,0,0
2024,8,NC,Davie County,640,0,0,0,0
2024,8,TX,Anderson County,370,1,0,0,0
2024,8,TX,Donley County,86,0,0,0,0
2024,9,TN,Humphreys County,440,0,0,0,0
2024,9,TX,Brazos County,970,0,0,0,0
2024,9,NC,Beaufort County,125,0,0,0,0
2024,9,TN,Carter County,85,0,0,0,0
2024,9,FL,Sumter County,1660,0,0,0,0
2024,9,GA,Walton County,1915,0,0,0,0
2024,9,MN,Dakota County,1408,4,1,1,1
2024,9,GA,Troup County,1034,0,0,0,0
2024,9,KS,Sedgwick County,725,2,0,1,0
2024,9,WA,Spokane County,1385,0,0,0,0
2024,9,TN,Henry County,395,1,0,0,0
2024,9,OR,Klamath County,150,0,0,0,0
2024,10,GA,Catoosa County,1456,4,1,0,0
2024,10,KY,Hardin County,355,0,0,0,0
2024,10,AL,Elmore County,2178,0,0,0,0
2024,10,AL,Houston County,1550,0,0,0,0
2024,10,MI,Ottawa County,4306,15,21,6,4
2024,10,NC,Chatham County,810,0,0,0,0
2024,10,PA,Lycoming County,220,0,0,0,0
2024,10,TN,Sevier County,997,0,1,0,0
2024,10,VA,Westmoreland County,430,0,0,0,0
2024,10,TN,Monroe County,970,0,0,0,10
2024,10,VA,Bedford County,1790,0,0,0,0
2024,11,AZ,Pima County,754,4,0,2,0
2024,11,FL,Wakulla County,50,0,0,0,0
2024,11,VA,Lynchburg city,1191,5,3,4,2
2024,11,WI,Barron County,195,0,0,0,0
2024,10,MO,Johnson County,280,0,0,0,0
2024,11,PA,Union County,290,0,0,0,0
2024,11,WI,Sheboygan County,1675,0,0,0,0
2024,11,MN,Big Stone County,100,0,0,0,0
2024,11,MN,McLeod County,250,1,3,1,1
2024,11,TN,Overton County,305,0,0,0,0
2024,12,SC,Horry County,2166,2,2,1,1
2024,12,WY,Campbell County,653,0,0,0,0
2024,12,NY,New York County,137,10,0,0,0
2024,12,NC,Chatham County,755,0,0,0,0
2024,12,IA,Story County,840,0,0,0,0
2024,12,GA,Brooks County,255,0,0,0,0
2024,12,NY,Queens County,295,0,0,0,0
2025,1,FL,Lake County,2335,0,0,0,1
2025,1,NY,Nassau County,600,0,0,0,0
2025,1,GA,DeKalb County,1788,0,0,0,0
2024,7,MI,Osceola County,250,0,0,0,0
2024,7,VA,Poquoson city,470,0,0,0,0
2024,8,FL,Duval County,7092,26,1,6,0
2024,8,IN,Hendricks County,2294,9,7,5,3
2024,8,NC,Brunswick County,1639,1,0,0,0
2024,8,SC,Berkeley County,1375,0,0,0,0
2024,8,TN,Wilson County,2052,5,13,8,1
2024,8,TX,Jefferson County,416,0,0,0,0
2024,8,CO,Denver County,510,0,0,0,0
2024,8,NM,Lincoln County,70,0,0,0,0
2024,8,NY,Dutchess County,510,1,0,1,0
2024,8,OR,Jackson County,225,0,0,0,0
2024,9,FL,Lee County,5696,16,1,22,3
2024,9,OK,Tulsa County,3864,8,3,2,1
2024,9,AL,Marshall County,2139,0,0,0,0
2024,9,CA,Ventura County,710,0,0,0,0
2024,9,NC,Lincoln County,991,0,0,0,0
2024,9,NC,Wake County,3551,0,0,0,0
2024,9,SC,Chesterfield County,700,0,0,0,0
2024,9,PA,Delaware County,90,3,0,0,0
2024,9,MD,Somerset County,610,0,0,0,1
2024,9,VA,Louisa County,565,0,0,0,0
2024,9,IN,Warrick County,1420,0,0,0,1
2024,9,OH,Seneca County,55,0,0,0,0
2024,9,PA,Northumberland County,20,0,0,0,0
2024,9,WA,Clallam County,480,0,0,0,0
2024,9,MO,Henry County,140,0,0,0,0
2024,9,IL,Champaign County,130,0,0,0,0
2024,9,MS,Lee County,331,1,1,1,1
2024,9,OH,Scioto County,315,0,0,0,0
2024,9,IN,Madison County,686,3,2,0,0
2024,10,TX,Hardin County,295,0,0,0,0
2024,10,TN,Davidson County,3882,10,0,8,1
2024,10,FL,Clay County,1340,0,0,0,0
2024,10,NC,Caldwell County,943,0,0,4,0
2024,10,MS,Scott County,150,0,0,0,0
2024,10,OH,Medina County,459,0,0,0,0
2024,10,NC,Yancey County,145,0,0,0,0
2024,11,FL,Hernando County,1280,0,0,0,0
2024,11,MS,Scott County,150,0,0,0,0
2024,11,MO,Dade County,185,0,0,0,0
2024,11,TN,Hawkins County,320,0,0,0,0
2024,11,TX,Fannin County,905,0,0,0,0
2024,11,IL,Madison County,810,2,1,4,0
2024,11,NC,Buncombe County,628,2,2,4,2
2024,11,SD,Davison County,405,0,0,0,0
2024,11,WI,Lincoln County,710,2,1,1,0
2024,11,SC,Lancaster County,760,0,0,0,0
2024,11,PA,Lycoming County,190,0,0,0,0
2024,11,IN,Kosciusko County,2130,0,0,0,0
2024,11,GA,Chatham County,160,0,0,0,0
2024,11,IN,Madison County,579,0,0,1,0
2024,12,NV,Washoe County,1974,3,1,1,5
2024,12,MN,Carver County,480,0,0,0,0
2024,12,CO,Douglas County,653,2,1,3,0
2024,12,IN,Floyd County,595,0,0,0,0
2024,12,TX,Galveston County,2661,1,0,0,0
2024,12,VA,York County,3500,1,0,5,0
2024,12,AL,Coffee County,511,0,0,0,0
2024,12,PA,Chester County,1071,2,0,0,0
2024,12,IN,Randolph County,220,0,0,0,0
2024,12,TN,Moore County,150,0,0,0,0
2024,12,NM,Doña Ana County,262,0,0,0,0
2025,1,IL,McLean County,940,0,0,0,0
2025,1,IL,Sangamon County,1856,0,0,0,0
2025,1,IN,Posey County,235,0,0,0,0
2025,1,VA,Chesapeake city,2710,0,0,0,0
2025,1,MS,Lamar County,367,0,0,0,0
2025,1,TN,Blount County,1340,0,0,38,0
2025,1,TX,Bexar County,5544,14,4,3,1
2025,1,TX,Bell County,1217,1,1,0,0
2025,1,GA,Jasper County,220,0,0,0,0
2025,1,MN,Scott County,874,0,0,0,0
2024,10,VA,Henrico County,2305,0,0,0,0
2024,11,IN,Allen County,4107,26,6,16,2
2024,11,KY,Franklin County,360,0,0,0,0
2024,12,TX,Guadalupe County,1907,0,0,0,0
2024,12,MI,Kent County,3863,9,4,2,5
2024,12,TX,Jefferson County,335,0,0,0,0
2024,12,AL,Henry County,105,0,0,0,0
2025,1,OH,Marion County,2161,3,0,34,0
2025,1,TX,Ward County,170,0,0,0,0
2025,1,TN,Loudon County,1081,0,0,0,0
2025,1,FL,Martin County,679,0,0,0,0
2024,11,MN,Cass County,201,0,0,0,0
2024,12,NC,Burke County,1273,0,0,0,0
2025,1,TX,Scurry County,887,6,2,14,4
2024,12,MO,Adair County,1045,0,0,0,0
2024,6,VA,Fauquier County,185,0,0,0,0
2024,6,AL,Henry County,90,0,0,0,0
2024,6,KS,Riley County,220,0,0,0,0
2024,6,PA,Lawrence County,23,0,0,0,0
2024,7,MT,Blaine County,145,0,0,0,0
2024,7,TN,Chester County,145,0,0,0,0
2024,7,TN,Jefferson County,336,1,0,0,0
2024,7,MT,Sweet Grass County,20,0,0,0,0
2024,8,TN,Overton County,350,0,0,0,0
2024,8,TX,Potter County,199,0,0,0,0
2024,9,MO,Dallas County,140,0,0,0,0
2024,8,OH,Morrow County,324,0,1,0,0
2024,9,MI,Gogebic County,285,0,0,0,0
2024,9,WI,Ozaukee County,155,0,0,0,0
2024,9,IL,Woodford County,60,0,0,0,0
2024,9,VA,Henry County,20,0,0,0,0
2024,10,NY,Chenango County,157,0,0,0,0
2024,10,NC,Henderson County,450,0,0,0,0
2024,10,VA,Waynesboro city,310,0,0,0,0
2024,10,KY,Hopkins County,200,0,0,0,0
2024,10,NY,Westchester County,45,0,0,0,0
2024,10,VA,Albemarle County,345,0,0,0,0
2024,11,MT,Lewis and Clark County,255,0,0,0,0
2024,11,MI,Wayne County,906,0,0,0,0
2024,11,NE,Hall County,80,0,0,0,0
2024,11,OH,Crawford County,275,0,0,0,0
2024,11,VA,Southampton County,225,0,0,0,0
2024,11,OK,Greer County,140,0,0,0,0
2024,11,LA,Vermilion Parish,30,0,0,0,0
2024,11,MO,Moniteau County,260,0,0,0,0
2024,11,CA,Tehama County,25,0,0,0,0
2024,11,VA,Patrick County,220,0,0,0,0
2024,12,KS,Saline County,120,0,0,0,0
2024,12,SC,Marion County,150,0,0,0,0
2024,12,VA,Amherst County,255,0,0,0,0
2024,12,SC,Union County,55,0,0,0,0
2024,12,CA,Butte County,405,0,0,0,0
2024,12,TN,Carter County,173,0,0,0,0
2024,12,AL,Pike County,70,0,0,0,0
2025,1,NY,Tioga County,350,0,0,0,0
2025,1,IA,Johnson County,1286,15,0,3,0
2025,1,OK,Texas County,529,1,0,0,0
2025,1,WY,Campbell County,515,0,0,0,0
2025,1,PA,Lehigh County,170,0,0,0,0
2025,1,PA,Warren County,305,0,0,0,0
2025,1,FL,Palm Beach County,400,4,2,23,0
2025,1,NY,Fulton County,27,5,10,11,3
2025,1,MI,St. Clair County,143,1,0,8,0
2024,9,WI,Iron County,165,0,0,0,0
2024,10,OH,Logan County,930,2,0,0,0
2024,11,KY,Kenton County,150,0,0,0,0
2024,6,IN,Wayne County,20,0,0,0,0
2024,6,CT,Windham County,65,0,0,0,0
2024,6,WV,Logan County,275,0,0,0,0
2024,6,KS,Washington County,95,0,0,0,0
2024,7,VA,Northumberland County,275,0,0,0,0
2024,8,MT,Stillwater County,97,7,6,0,0
2024,10,KY,Washington County,80,0,0,0,0
2024,10,WI,Iron County,155,0,0,0,0
2024,10,GA,Chattooga County,205,0,0,0,0
2024,11,MA,Hampden County,5,0,0,0,0
2024,11,TN,Polk County,265,0,0,0,0
2024,11,AR,Poinsett County,105,0,0,0,0
2024,11,IA,Warren County,90,0,0,0,0
2024,12,CA,Sacramento County,109,0,0,0,0
2025,1,MS,Pike County,170,0,0,0,0
2025,1,MI,Eaton County,101,5,7,0,0
2024,6,MI,Allegan County,110,0,0,0,0
2024,7,IN,Rush County,20,0,0,0,0
2024,7,KS,Logan County,5,0,0,0,0
2024,8,TX,Franklin County,45,0,0,0,0
2024,10,TX,Grimes County,15,0,0,0,0
2024,10,TN,Bledsoe County,15,0,0,0,0
2024,10,TX,Nolan County,10,0,0,0,0
2024,11,WV,Logan County,110,0,0,0,0
2024,11,TX,Llano County,50,0,0,0,0
2024,11,MT,Gallatin County,83,1,2,0,0
2024,12,TN,Van Buren County,15,0,0,0,0
2025,1,KY,Kenton County,220,2,1,0,0
2025,1,TX,Lampasas County,185,0,0,0,0
2024,6,NE,Platte County,59,0,0,0,0
2024,6,MO,Dallas County,60,0,0,0,0
2024,6,VA,Essex County,5,0,0,0,0
2024,7,UT,Davis County,25,0,0,0,0
2024,8,TX,Waller County,60,1,0,3,0
2024,8,IL,Woodford County,110,0,0,0,0
2024,8,MO,Stone County,155,0,0,0,0
2024,9,MI,Monroe County,42,0,1,0,1
2024,9,TN,Stewart County,30,0,0,0,0
2024,10,AL,Lauderdale County,168,0,0,0,1
2024,12,LA,Lafayette Parish,65,0,0,0,0
2024,12,MT,Park County,5,0,0,0,0
2024,12,MN,Mille Lacs County,20,0,0,0,0
2025,1,FL,Jefferson County,135,0,0,0,0
2025,1,KY,Pulaski County,445,0,0,0,0
2024,8,LA,Tangipahoa Parish,100,0,0,0,0
2024,11,VA,Norton city,10,0,0,0,0
2025,1,KS,Barton County,191,0,0,0,0
2025,1,MI,Huron County,7,0,0,0,0
2025,1,ND,Morton County,55,0,0,0,0
2025,1,TX,Gray County,45,0,0,0,0
2024,7,KY,Rockcastle County,55,0,0,0,0
2024,8,LA,Catahoula Parish,110,0,0,0,0
2024,9,KY,Grant County,55,0,0,0,0
2024,10,NC,Hertford County,350,0,0,0,0
2025,1,NC,Cumberland County,86,0,1,1,0
2024,6,GA,Union County,40,0,0,0,0
2024,9,NE,Adams County,20,0,0,0,0
2024,10,OH,Fayette County,50,0,0,0,0
2024,10,TX,Angelina County,61,0,0,0,0
2024,11,NC,Pasquotank County,105,0,0,0,0
2025,1,IL,Livingston County,68,0,0,0,0
2025,1,TX,Freestone County,7,2,2,0,2
2024,10,NE,Cass County,10,0,0,0,0
2024,10,PA,Cameron County,5,0,0,0,0
2025,1,VA,Orange County,45,0,0,0,0
2024,9,NV,Storey County,15,0,0,0,0
2024,10,OH,Ross County,30,0,0,0,0
2025,1,IN,Franklin County,110,0,0,0,0
2024,6,TX,Runnels County,11,0,0,0,0
2024,6,NV,Lyon County,5,0,0,0,0
2024,7,OH,Ottawa County,40,0,0,0,0
2024,8,WI,Green County,35,0,0,0,0
2024,8,IN,Union County,6,0,0,2,0
2024,9,OH,Henry County,11,0,2,0,0
2024,6,KY,Estill County,25,0,0,0,0
2024,12,MS,Attala County,20,2,0,0,0
2024,12,IA,Dallas County,70,0,0,0,0
2024,9,VA,Bland County,5,0,0,0,0
2024,9,FL,Hamilton County,55,0,0,0,0
2025,1,TN,Van Buren County,15,0,0,0,0
2025,1,OK,Marshall County,220,0,0,0,0
2025,1,NC,Caswell County,60,0,0,0,0
2024,8,KY,Caldwell County,10,0,0,0,0
2024,12,AR,Crittenden County,20,0,0,0,0
2025,1,PA,Clarion County,20,0,0,0,0
2025,2,MS,DeSoto County,1487,1,1,0,1
2025,2,NC,Catawba County,6187,7,6,3,3
2025,2,VA,Portsmouth city,230,0,0,0,0
2025,2,AR,Pulaski County,2950,20,5,5,3
2025,2,KS,McPherson County,180,0,0,0,0
2025,2,KY,Fayette County,980,0,1,1,0
2025,2,PA,Dauphin County,1036,0,0,0,0
2025,2,GA,Troup County,775,2,0,0,0
2025,2,PA,York County,676,1,0,1,0
2025,2,OH,Warren County,1790,0,0,0,0
2025,2,SC,Charleston County,2215,0,0,0,0
2025,2,VA,Montgomery County,660,0,0,0,0
2025,2,CA,Shasta County,120,0,0,0,0
2025,2,VA,Pittsylvania County,1340,0,0,1,0
2025,2,IL,Lee County,320,0,0,0,0
2025,2,ND,Cass County,419,0,0,0,0
2025,2,OK,McClain County,415,0,0,0,0
2025,2,GA,Ben Hill County,130,0,0,0,0
2025,2,KY,Boone County,291,0,0,0,0
2025,2,NC,Pitt County,495,0,0,0,0
2025,2,OH,Ross County,15,0,0,0,0
2025,2,IN,Vigo County,145,0,0,0,0
2025,2,OH,Crawford County,275,0,0,0,0
2025,2,TN,Carroll County,415,0,0,0,0
2025,2,TX,Atascosa County,90,0,0,0,0
2025,2,WV,Kanawha County,5,0,0,0,0
2025,3,AR,Saline County,337,0,0,0,0
2025,3,TN,Williamson County,575,0,2,1,0
2025,3,TX,Denton County,722,0,0,1,0
2025,3,TX,Erath County,35,0,0,0,0
2025,3,ND,Dickey County,101,0,0,0,0
2025,3,TX,Midland County,81,0,0,3,0
2025,3,FL,Duval County,1185,1,0,0,0
2025,3,OK,Logan County,15,0,0,0,0
2025,3,ME,Kennebec County,25,0,0,0,0
2025,3,OH,Hancock County,80,0,0,0,0
2025,3,IA,Wayne County,18,0,0,0,0
2025,3,MN,Hubbard County,30,0,0,0,0
2025,3,NC,Stokes County,65,0,0,0,0
2025,2,NE,Garden County,100,0,0,0,0
2025,2,ID,Kootenai County,240,0,0,0,0
2024,10,KY,Harlan County,10,0,0,0,0
2025,2,VA,Manassas city,300,0,0,0,0
2025,2,MT,Stillwater County,95,0,0,0,0
2025,2,KY,Anderson County,105,0,0,0,0
2025,2,TN,Hawkins County,235,0,0,0,0
2025,2,KS,Crawford County,50,0,0,0,0
2025,2,LA,Catahoula Parish,135,0,0,0,0
2025,3,PA,Franklin County,120,0,0,0,0
2025,3,OH,Columbiana County,30,0,0,0,0
2025,3,SD,Pennington County,15,0,0,0,0
2025,3,TN,Smith County,15,0,0,0,0
2025,3,TN,Weakley County,115,0,0,0,0
2025,3,TX,Hardin County,36,0,0,0,0
2025,3,GA,Douglas County,394,0,0,0,0
2025,1,MS,Monroe County,35,0,0,0,0
2025,2,KS,Rice County,10,0,0,0,0
2025,2,OH,Wayne County,35,0,0,0,0
2025,2,OK,Muskogee County,50,0,0,0,0
2025,3,NC,Davie County,90,0,0,0,0
2025,3,AR,Union County,30,0,0,0,0
2025,3,NE,Otoe County,50,0,0,0,0
2024,10,GA,Union County,5,0,0,0,0
2025,1,TX,Hidalgo County,20,0,0,0,0
2025,2,PA,Somerset County,45,0,0,0,0
2025,3,IL,Champaign County,27,0,0,0,0
2025,1,VA,Halifax County,55,0,0,0,0
2025,2,OH,Shelby County,146,0,0,0,0
2025,3,LA,Acadia Parish,10,0,0,0,0
2024,7,KY,Ballard County,10,0,0,0,0
2024,12,WI,Fond du Lac County,5,0,0,0,0
2025,3,VA,Lunenburg County,5,0,0,0,0
2025,2,AL,Jackson County,15,0,0,0,0
2025,2,OH,Jackson County,15,0,0,0,0
2025,3,IL,Adams County,25,0,0,0,0
2025,3,KS,Pawnee County,5,0,0,0,0
2025,1,SD,Grant County,10,0,0,0,0
2024,9,FL,Calhoun County,10,0,0,0,0
2024,10,IL,Knox County,10,0,0,0,0
2025,3,IL,Clark County,5,0,0,0,0
2025,3,MA,Suffolk County,5,0,0,0,0
2025,3,ID,Cassia County,15,0,0,0,0
2025,2,IL,Crawford County,5,0,0,0,0
2025,3,FL,Hamilton County,5,0,0,0,0
2025,1,IN,Jefferson County,10,0,0,0,0
2024,10,ND,Walsh County,5,0,0,0,0
2025,3,LA,Lafayette Parish,5,0,0,0,0
2024,6,AL,Baldwin County,605,0,0,0,0
2024,6,MO,Greene County,2480,14,0,4,1
2024,6,IN,Allen County,3151,23,2,3,1
2024,6,IA,Scott County,631,0,0,0,0
2024,6,MO,Boone County,660,0,0,0,0
2024,6,NC,Rutherford County,1267,0,2,0,0
2024,6,OH,Clermont County,688,12,3,5,7
2024,6,VA,Salem city,1280,0,2,9,0
2024,6,TN,Montgomery County,1873,5,4,2,1
2024,6,FL,Osceola County,1886,4,0,10,0
2024,6,IL,Whiteside County,600,0,0,0,0
2024,6,VA,Rockingham County,875,0,0,0,0
2024,6,NC,Davidson County,765,0,0,0,0
2024,6,OH,Meigs County,955,0,0,0,0
2024,6,SC,Darlington County,530,0,0,0,0
2024,6,WI,Waukesha County,630,0,0,0,0
2024,6,MS,Rankin County,653,0,0,0,0
2024,6,LA,Richland Parish,585,0,0,0,0
2024,6,NJ,Burlington County,440,0,0,0,0
2024,6,IN,Wabash County,246,2,1,1,0
2024,6,LA,Natchitoches Parish,180,0,0,0,0
2024,6,KY,Hopkins County,175,0,0,0,0
2024,7,MO,Boone County,685,5,1,8,0
2024,7,AR,Benton County,2455,0,3,4,0
2024,7,TX,Hamilton County,245,0,0,0,0
2024,7,TN,Maury County,1621,2,1,0,0
2024,7,TX,Wilson County,460,0,0,0,0
2024,7,MI,Washtenaw County,710,0,0,0,0
2024,7,OH,Montgomery County,3275,16,6,22,0
2024,7,VA,Prince William County,4329,3,0,1,1
2024,7,OK,Lincoln County,112,0,0,1,0
2024,7,FL,Duval County,7783,29,17,20,9
2024,7,ND,Benson County,85,0,0,0,0
2024,7,MI,Antrim County,205,0,0,0,0
2024,7,NM,Socorro County,135,0,0,0,0
2024,7,TX,Angelina County,150,0,0,0,0
2024,7,OR,Marion County,852,1,0,0,0
2024,7,TN,Sequatchie County,370,0,0,0,0
2024,7,MS,Lamar County,325,0,0,0,0
2024,7,UT,Salt Lake County,279,0,0,0,0
2024,7,MS,Wayne County,175,0,0,0,0
2024,8,OK,Oklahoma County,3712,3,2,2,2
2024,8,SC,York County,2870,2,1,0,1
2024,8,IA,Polk County,275,1,0,0,0
2024,8,NY,St. Lawrence County,675,0,0,0,0
2024,8,NC,Buncombe County,1035,0,0,0,0
2024,8,PA,Warren County,255,0,0,0,0
2024,8,VA,Waynesboro city,365,0,1,0,4
2024,8,NE,Lancaster County,2611,2,0,1,0
2024,8,MO,Henry County,145,1,0,0,0
2024,8,PA,Mercer County,338,0,0,0,0
2024,8,TX,Fannin County,1060,0,0,0,0
2024,8,TN,Morgan County,480,0,0,0,0
2024,9,CA,Placer County,1251,8,10,7,3
2024,9,FL,Citrus County,1951,2,1,1,2
2024,9,TN,Sevier County,985,0,0,0,0
2024,10,AL,DeKalb County,375,0,0,0,0
2024,10,IN,Vanderburgh County,3285,0,0,0,0
2024,10,GA,Lee County,615,0,0,0,0
2024,10,OH,Tuscarawas County,855,11,2,2,5
2024,11,TX,Comal County,1030,0,0,0,0
2025,1,AL,Mobile County,295,0,0,0,0
2024,6,OK,Canadian County,850,1,13,3,0
2024,6,TX,Brazoria County,815,0,0,0,0
2024,6,VA,Roanoke city,970,0,0,0,0
2024,6,PA,Carbon County,110,0,0,0,0
2024,6,KY,Bullitt County,560,0,0,0,0
2024,7,IA,Sioux County,1398,0,0,0,0
2024,7,OK,Okmulgee County,1075,0,0,0,0
2024,7,IL,Cook County,4415,10,3,0,0
2024,7,IN,Wells County,285,0,0,0,0
2024,7,NY,Rockland County,140,0,0,0,0
2024,7,ND,Burleigh County,831,5,0,10,0
2024,7,SC,Greenwood County,125,0,0,0,0
2024,7,NC,Rutherford County,1344,0,0,0,0
2024,7,TN,Henderson County,828,0,1,1,0
2024,7,IA,Linn County,280,0,0,0,0
2024,7,OK,Kay County,925,0,0,0,0
2024,7,TX,Burleson County,190,0,0,0,0
2024,7,TX,Hunt County,375,0,0,0,0
2024,7,VA,Petersburg city,10,0,0,0,0
2024,7,KY,Scott County,115,0,0,0,0
2024,7,OR,Linn County,283,0,0,0,0
2024,7,MO,Henry County,100,0,0,0,0
2024,7,NC,Bertie County,106,0,0,0,0
2024,7,MO,Buchanan County,100,0,0,0,0
2024,7,LA,Webster Parish,280,0,0,0,0
2024,7,NY,Fulton County,30,0,0,0,0
2024,7,TX,Haskell County,165,0,0,0,0
2024,8,CA,Los Angeles County,4180,40,38,38,14
2024,8,KY,McCracken County,1895,0,0,0,0
2024,8,MD,Washington County,395,0,0,0,0
2024,8,PA,Bucks County,140,0,0,0,0
2024,8,SC,Greenville County,3921,39,3,7,1
2024,8,TN,Tipton County,1855,0,0,0,0
2024,8,TX,Johnson County,2112,4,2,3,4
2024,8,IA,Johnson County,1790,1,0,0,0
2024,8,KS,Osage County,355,0,0,0,0
2024,8,SD,Hughes County,490,0,0,0,0
2024,8,KY,Woodford County,505,0,0,0,0
2024,8,PA,Erie County,75,0,0,0,0
2024,8,NC,Polk County,490,0,0,0,0
2024,8,MO,Cass County,2531,0,0,0,0
2024,8,NE,Buffalo County,275,0,0,0,0
2024,8,GA,Ben Hill County,160,29,0,0,0
2024,8,GA,Paulding County,660,1,0,1,0
2024,8,NC,Beaufort County,140,0,0,0,0
2024,8,GA,Pierce County,155,0,0,0,0
2024,8,VA,Orange County,70,0,0,0,0
2024,9,KY,Hardin County,390,0,0,0,0
2024,9,WI,Green County,40,0,0,0,0
2024,9,IL,LaSalle County,230,0,0,0,0
2024,9,KY,Fayette County,1411,0,1,0,0
2024,9,OH,Warren County,2420,2,0,1,0
2024,9,TX,Johnson County,1950,1,0,0,0
2024,9,WV,Logan County,85,0,0,0,0
2024,9,TX,Jones County,555,0,0,0,0
2024,9,NY,Cortland County,160,0,0,0,0
2024,9,NC,Onslow County,399,0,0,0,0
2024,10,FL,Broward County,1712,0,0,0,0
2024,9,NJ,Gloucester County,470,0,0,0,0
2024,9,WV,Mercer County,290,0,0,0,0
2024,9,IN,Delaware County,515,0,0,0,0
2024,10,VA,Rockingham County,666,0,0,0,0
2024,10,WI,Waukesha County,766,0,0,0,0
2024,10,KS,Jackson County,535,0,0,0,0
2024,10,MI,Kalamazoo County,1210,0,0,0,0
2024,10,WI,Polk County,120,0,0,0,0
2024,10,FL,Duval County,6199,5,0,4,0
2024,10,OH,Vinton County,85,0,0,0,0
2024,10,CO,Denver County,475,0,0,0,1
2024,10,NE,Madison County,112,2,1,1,0
2024,11,KS,Johnson County,15838,8,3,3,5
2024,11,TN,Rutherford County,4220,0,0,1,0
2024,11,OH,Butler County,1755,0,0,0,0
2024,11,MO,Howell County,95,0,0,0,0
2024,11,VA,Powhatan County,750,0,0,0,0
2024,11,AL,Henry County,130,0,0,0,0
2024,11,KS,Crawford County,90,0,0,0,0
2024,12,CA,San Diego County,3021,1,1,2,1
2024,12,VA,Hampton city,781,0,0,0,0
2024,12,GA,Camden County,2174,56,35,68,9
2024,12,GA,Habersham County,140,0,0,0,0
2024,12,NJ,Salem County,20,0,0,0,0
2024,12,NY,Cortland County,110,0,0,0,0
2024,12,NC,Iredell County,840,0,0,0,0
2024,12,OH,Fairfield County,468,0,0,0,0
2024,12,GA,Douglas County,1778,0,0,0,0
2024,12,OH,Madison County,237,2,0,1,0
2024,12,MN,Hubbard County,205,0,0,0,0
2024,12,OH,Guernsey County,120,0,0,0,0
2024,12,OH,Summit County,465,0,0,0,0
2025,1,AL,Marshall County,1932,0,0,0,0
2025,1,AL,Shelby County,4110,8,1,0,0
2025,1,MS,Leflore County,100,2,0,1,0
2025,1,NC,Chatham County,855,0,0,0,0
2025,1,NC,Lincoln County,1080,0,0,0,0
2024,6,AL,Coffee County,702,2,2,2,1
2024,7,CA,Los Angeles County,4454,6,5,5,2
2024,7,IN,Clay County,150,0,0,0,0
2024,7,WI,Winnebago County,195,0,0,0,0
2024,8,CT,Fairfield County,690,0,0,0,0
2024,8,PA,York County,876,2,1,3,0
2024,8,VA,Washington County,1195,0,0,0,0
2024,8,MI,Genesee County,1110,1,0,0,0
2024,8,NC,Rowan County,1000,0,0,0,0
2024,8,GA,Walker County,415,0,0,0,0
2024,8,CA,Sacramento County,248,0,0,0,0
2024,8,IN,Porter County,451,3,6,7,0
2024,8,IN,Knox County,10,0,0,0,0
2024,8,NE,Lincoln County,155,0,0,0,0
2024,8,NE,Platte County,70,0,0,0,0
2024,9,TX,Williamson County,15149,24,7,55,11
2024,9,VA,Prince William County,3518,14,1,0,1
2024,9,IL,Lake County,1044,6,4,1,0
2024,9,IN,Bartholomew County,375,0,0,0,0
2024,9,KS,Jackson County,375,0,0,0,0
2024,9,KS,Montgomery County,310,0,0,0,0
2024,9,LA,Sabine Parish,966,5,2,2,2
2024,9,SC,Horry County,2546,0,0,0,0
2024,9,IA,Johnson County,1570,0,0,0,0
2024,9,TN,Dyer County,350,0,0,0,0
2024,9,NY,Orange County,250,0,0,0,0
2024,9,OH,Wayne County,55,0,0,0,0
2024,9,NC,Avery County,135,0,0,4,0
2024,9,NC,Davidson County,881,0,0,0,0
2024,10,NH,Merrimack County,520,0,0,0,0
2024,10,NE,Dawson County,130,0,0,0,0
2024,10,CA,Placer County,1154,9,2,5,2
2024,10,AL,Coffee County,600,0,0,0,0
2024,11,AL,Geneva County,100,0,0,0,0
2024,11,CA,Ventura County,570,0,0,0,0
2024,11,MN,Ramsey County,1992,0,0,0,0
2024,11,MO,Oregon County,1,0,0,0,0
2024,11,GA,Coweta County,1340,0,0,0,0
2024,11,VA,Washington County,1109,0,0,0,0
2024,11,NJ,Bergen County,26,2,0,0,0
2024,11,IL,De Witt County,40,0,0,0,0
2024,11,GA,Harris County,565,0,0,0,0
2024,11,CA,Tulare County,285,0,0,0,0
2024,11,WI,Manitowoc County,105,0,0,0,0
2024,11,IN,Posey County,305,0,0,0,0
2024,11,MD,Calvert County,1110,0,0,0,0
2024,12,IN,Hamilton County,879,5,1,2,2
2024,12,TN,Overton County,476,0,0,0,0
2024,12,AL,Morgan County,320,0,0,0,0
2024,12,GA,Rockdale County,1145,0,0,0,2
2024,12,VA,Goochland County,560,0,0,0,0
2024,12,VA,Louisa County,550,0,0,0,0
2024,12,GA,Irwin County,365,0,0,0,0
2024,12,IL,Woodford County,248,0,0,1,0
2024,12,IA,Butler County,200,0,0,0,0
2024,12,IL,Fulton County,340,0,0,0,0
2024,12,IL,Piatt County,135,0,0,0,0
2024,12,VA,Southampton County,270,0,0,0,0
2024,12,MS,Alcorn County,125,0,0,0,0
2024,12,CA,Shasta County,85,0,0,0,0
2025,1,PA,Fayette County,665,0,0,0,0
2025,1,TX,Hutchinson County,430,0,0,0,0
2025,1,VA,Prince William County,3391,9,4,3,2
2025,1,VA,Rockingham County,700,2,0,0,0
2025,1,TX,Lubbock County,1201,3,0,0,0
2025,1,GA,Butts County,170,0,0,0,0
2024,8,NY,Oneida County,725,0,0,0,0
2024,9,NH,Merrimack County,475,0,0,0,0
2024,10,ID,Latah County,30,0,0,0,0
2024,11,MN,Sherburne County,200,0,0,0,1
2024,12,MS,Madison County,2275,0,0,0,0
2024,12,TN,Humphreys County,416,0,0,0,0
2025,1,KS,Linn County,320,0,0,0,0
2025,1,KY,Jefferson County,3390,1,1,1,1
2025,1,NC,McDowell County,2155,0,0,0,0
2025,1,MS,Itawamba County,255,0,0,0,0
2025,1,VA,Stafford County,864,1,0,1,0
2024,11,MT,Stillwater County,125,0,0,0,0
2025,1,TN,Overton County,425,0,0,0,0
2024,6,IL,Lake County,1119,5,10,3,2
2024,6,FL,Bradford County,150,0,1,0,0
2024,6,AL,Russell County,185,0,0,0,0
2024,7,FL,Bradford County,130,0,0,0,0
2024,7,PA,Monroe County,150,0,0,0,0
2024,7,MS,Itawamba County,150,0,0,0,0
2024,8,GA,Effingham County,121,0,1,0,0
2024,8,KS,Riley County,220,9,0,0,0
2024,8,OK,Craig County,130,0,0,0,0
2024,9,TX,Midland County,385,3,2,3,0
2024,9,MS,Yazoo County,235,0,0,0,0
2024,9,NH,Hillsborough County,373,4,1,1,0
2024,9,WI,Pierce County,375,1,0,0,0
2024,9,VA,Lunenburg County,100,0,0,0,0
2024,9,FL,Bay County,160,0,0,0,0
2024,9,KY,Scott County,60,0,0,0,0
2024,9,TX,Llano County,85,0,0,0,0
2024,9,MT,Lewis and Clark County,250,0,0,0,0
2024,9,NC,Yancey County,375,0,0,0,0
2024,9,TX,Hopkins County,85,0,0,0,0
2024,10,ID,Canyon County,112,0,0,0,0
2024,10,OH,Summit County,365,0,0,0,0
2024,10,FL,Collier County,520,4,4,0,0
2024,10,IN,Howard County,525,0,0,0,0
2024,10,VA,Arlington County,30,0,0,0,0
2024,10,OR,Josephine County,293,0,0,0,0
2024,10,OK,Wagoner County,675,0,0,0,0
2024,10,PA,York County,665,2,0,0,0
2024,10,TX,Hamilton County,330,0,0,0,0
2024,10,WA,Grays Harbor County,211,1,0,0,0
2024,11,MN,Nicollet County,160,0,0,0,0
2024,11,GA,Colquitt County,225,0,0,0,0
2024,11,TN,Morgan County,460,0,0,0,0
2024,11,WI,Outagamie County,726,4,0,0,0
2024,11,LA,Ascension Parish,290,0,0,0,0
2024,11,VA,Culpeper County,198,0,0,0,0
2024,11,NY,New York County,143,0,0,0,0
2024,12,AR,Sharp County,150,0,0,0,0
2024,12,MN,Dodge County,282,1,0,1,0
2024,12,KS,Douglas County,360,0,0,0,0
2024,12,MO,Pike County,335,0,0,0,0
2024,12,NE,Johnson County,85,0,0,0,0
2024,12,TX,Ward County,145,0,0,0,0
2024,12,TX,Hardin County,270,0,0,0,0
2024,12,MN,Todd County,100,0,0,0,0
2025,1,IL,Ford County,245,0,0,0,0
2025,1,PA,Beaver County,440,0,0,0,0
2025,1,SC,Lancaster County,789,0,0,0,0
2025,1,OH,Coshocton County,160,0,0,0,0
2024,11,GA,Butts County,166,0,0,0,0
2024,11,TX,Shelby County,200,0,0,0,0
2024,11,MS,Harrison County,215,1,1,0,0
2024,11,VA,Pulaski County,5,0,0,0,0
2024,11,MI,Isabella County,210,3,4,2,0
2024,6,MO,Stone County,185,0,0,0,0
2024,6,KS,Miami County,340,0,0,0,0
2024,6,VA,James City County,285,0,0,0,0
2024,8,SD,Minnehaha County,45,0,0,0,0
2024,8,NJ,Passaic County,65,0,0,0,0
2024,8,NC,Pasquotank County,145,0,0,0,0
2024,9,PA,Butler County,125,0,0,0,0
2024,9,AL,St. Clair County,30,0,0,0,0
2024,9,NY,Chenango County,135,0,0,0,0
2024,9,AR,Jefferson County,30,0,0,0,0
2024,9,MI,Barry County,45,0,0,0,0
2024,10,IA,Union County,693,116,0,0,0
2024,10,SC,Marion County,155,0,0,0,0
2024,11,NV,Lyon County,45,0,0,0,0
2024,11,MD,Dorchester County,165,0,0,0,0
2024,11,VT,Rutland County,70,2,0,1,0
2024,11,MS,Union County,140,0,0,0,0
2024,12,TX,Panola County,260,0,0,0,0
2024,12,MT,Missoula County,115,0,0,0,0
2024,12,PA,Lycoming County,207,1,0,0,0
2025,1,TX,Victoria County,35,0,0,0,0
2024,12,NJ,Hudson County,60,0,0,0,0
2024,6,ID,Jerome County,265,0,0,0,0
2024,6,NM,Socorro County,115,0,0,0,0
2024,6,GA,Bacon County,35,0,0,0,0
2024,7,SD,Grant County,65,0,0,0,0
2024,8,TX,Rockwall County,205,0,0,0,0
2024,8,NC,Currituck County,115,0,0,0,0
2024,9,IL,White County,85,0,0,0,0
2024,9,VA,Fairfax city,150,0,0,0,0
2024,9,WV,Raleigh County,10,0,1,0,0
2024,10,UT,Washington County,74,0,0,0,0
2024,10,TX,Hood County,35,0,0,0,0
2025,1,IL,Stephenson County,565,0,0,0,0
2025,1,MN,Pine County,15,0,0,0,0
2025,1,PA,Luzerne County,230,0,0,0,0
2025,1,MS,Yazoo County,245,0,0,0,0
2025,1,MD,Queen Anne's County,185,0,0,0,0
2025,1,TX,Shelby County,275,0,0,0,0
2024,6,NC,Wayne County,36,1,0,0,0
2024,7,NM,Luna County,26,0,0,0,0
2024,8,MS,Forrest County,205,0,0,0,0
2024,8,IA,Pottawattamie County,125,0,0,0,0
2024,8,CA,Solano County,60,0,0,0,0
2024,6,NM,Sandoval County,120,0,0,0,0
2024,6,WI,Dodge County,5,0,0,0,0
2024,9,SC,Allendale County,10,0,0,0,0
2024,9,SD,Grant County,30,0,0,0,0
2024,12,TN,Bledsoe County,21,1,0,0,0
2024,6,WI,Brown County,80,0,0,0,0
2024,6,IA,Muscatine County,9,0,0,0,0
2024,7,MT,Flathead County,10,0,0,0,0
2024,8,IN,Tipton County,20,0,0,0,0
2024,11,PA,Bucks County,55,0,0,0,0
2025,1,WY,Sheridan County,100,0,0,0,0
2025,1,VA,Amherst County,320,0,0,0,0
2025,1,TX,Tyler County,150,0,0,0,0
2025,1,RI,Kent County,70,0,0,0,0
2024,8,IL,Jersey County,35,0,0,0,0
2024,8,KY,Whitley County,35,0,0,0,0
2024,8,WI,Vilas County,150,0,0,0,0
2024,10,WA,Whitman County,20,0,0,0,0
2024,11,WI,Jefferson County,20,0,0,0,0
2024,7,KY,Marion County,15,0,0,0,0
2024,8,CA,Madera County,11,0,0,0,0
2024,11,LA,Lafayette Parish,95,0,0,0,0
2024,11,SC,Allendale County,25,0,0,0,0
2025,1,NH,Rockingham County,250,0,0,0,0
2024,6,TN,Unicoi County,10,0,0,0,0
2024,9,SC,Williamsburg County,15,0,0,0,0
2024,12,TN,Lake County,10,0,0,0,0
2024,11,KY,Caldwell County,15,0,0,0,0
2025,1,KY,Anderson County,85,0,0,0,0
2024,7,KS,Cowley County,5,0,0,0,0
2024,10,NH,Sullivan County,68,0,0,0,0
2025,1,VA,Westmoreland County,475,0,0,0,0
2024,9,GA,Bacon County,10,0,0,0,0
2024,6,CA,Tehama County,15,0,0,0,0
2024,6,LA,East Feliciana Parish,10,0,0,0,0
2025,1,WA,Lewis County,195,0,0,0,0
2024,7,WI,Clark County,5,0,0,0,0
2024,7,MS,Warren County,10,0,0,0,0
2025,1,WA,Grant County,290,0,0,0,0
2025,1,MS,Attala County,5,0,0,0,0
2025,2,NY,Onondaga County,1270,0,0,0,0
2025,2,TX,Taylor County,12410,3,1,3,0
2025,2,FL,Hillsborough County,13227,2,0,1,0
2025,2,IL,Sangamon County,1450,1,0,0,0
2025,2,IA,Scott County,614,0,0,0,0
2025,2,KY,Rockcastle County,1094,1,0,0,0
2025,2,TX,San Saba County,145,0,0,0,0
2025,2,VA,Hampton city,724,0,0,0,2
2025,2,TN,Hickman County,215,0,0,0,0
2025,2,FL,Bradford County,130,0,0,0,0
2025,2,FL,Lake County,3009,3,3,1,8
2025,2,NY,Queens County,250,0,0,0,0
2025,2,PA,Pike County,265,0,0,0,0
2025,2,TX,Grayson County,275,0,0,0,0
2025,2,KS,Barton County,120,0,0,0,0
2025,2,GA,Henry County,1080,0,0,0,0
2025,2,IL,Winnebago County,1460,3,0,0,1
2025,2,MA,Norfolk County,685,4,0,0,0
2025,2,NY,Dutchess County,445,0,0,0,0
2025,2,OR,Lane County,600,3,0,0,0
2025,2,NC,Surry County,220,0,0,0,0
2025,2,NC,Person County,85,0,0,0,0
2025,2,IL,Kankakee County,220,2,0,0,0
2025,2,LA,Allen Parish,140,0,0,0,0
2025,2,MO,Cedar County,140,0,0,0,0
2025,2,SD,Davison County,285,0,0,0,0
2025,2,KS,Jackson County,275,0,0,0,0
2025,2,AR,Ouachita County,235,0,0,0,0
2025,3,CO,Adams County,3514,54,36,50,50
2025,3,KS,Sedgwick County,160,0,0,0,0
2025,3,OH,Cuyahoga County,776,0,0,0,0
2025,3,GA,Tift County,30,0,0,0,0
2025,3,IN,Vanderburgh County,610,0,0,0,0
2025,3,LA,Richland Parish,86,1,1,1,1
2025,3,NY,Onondaga County,225,0,0,0,0
2025,3,OK,Wagoner County,100,0,0,0,0
2025,3,PA,Allegheny County,371,0,0,0,0
2025,3,VA,King George County,100,0,0,0,0
2025,3,VA,Roanoke city,144,0,0,0,0
2025,3,FL,Pinellas County,500,0,0,0,0
2025,3,GA,Bartow County,320,0,0,0,0
2025,3,NC,Rowan County,190,0,0,0,0
2025,3,OH,Champaign County,20,0,0,0,0
2025,3,NE,Douglas County,340,0,0,0,0
2025,3,SC,Richland County,518,0,0,0,0
2025,3,IL,McLean County,110,0,0,0,3
2025,3,IL,Scott County,40,0,0,0,0
2025,3,IL,Woodford County,45,0,0,0,0
2025,3,NV,Clark County,50,0,0,0,0
2025,3,NC,Yancey County,90,0,0,0,0
2025,3,TX,Hill County,45,0,0,1,0
2025,3,VA,Manassas city,40,0,0,0,0
2025,3,WI,Rock County,70,0,0,0,0
2025,3,CA,Alameda County,211,2,0,1,0
2025,3,IL,Livingston County,29,0,0,0,0
2025,3,MI,Ingham County,183,0,0,0,0
2025,3,SD,Davison County,55,0,0,0,0
2025,3,DC,District of Columbia,50,0,0,0,0
2025,3,FL,Flagler County,113,2,0,0,0
2025,1,MI,Allegan County,85,0,0,0,0
2025,1,ID,Gem County,30,0,0,0,0
2025,2,LA,St. Martin Parish,45,0,0,0,0
2025,2,TX,Hamilton County,195,0,0,0,0
2025,2,SC,Fairfield County,345,0,0,0,0
2025,2,WI,St. Croix County,85,0,0,0,0
2025,2,IL,Effingham County,80,0,0,0,0
2025,3,NC,Caswell County,15,0,0,0,0
2025,3,VA,Poquoson city,80,0,0,0,0
2025,2,PA,Fulton County,150,0,0,0,0
2025,2,IN,LaGrange County,25,0,0,0,0
2024,7,TX,Crane County,5,0,0,0,0
2024,11,OK,Mayes County,25,0,0,0,0
2025,1,MI,Monroe County,20,0,0,0,0
2025,2,OK,Marshall County,140,0,0,0,0
2025,2,TX,San Jacinto County,5,0,0,0,0
2025,2,KY,Larue County,100,0,0,0,0
2025,2,MT,Custer County,140,0,0,0,0
2025,2,OR,Jefferson County,40,0,0,0,0
2025,3,KY,Hancock County,20,0,0,0,0
2025,3,NC,Bertie County,35,0,0,0,0
2025,3,IL,Cumberland County,10,0,0,0,0
2024,6,NC,Bladen County,6,4,0,0,0
2024,12,OH,Wayne County,10,0,0,0,0
2025,1,MI,Cheboygan County,50,0,0,0,0
2025,2,MN,Chisago County,55,0,0,0,0
2025,2,NH,Carroll County,20,0,0,0,0
2025,3,SC,Greenwood County,64,1,0,0,0
2025,3,TN,Polk County,35,0,0,0,0
2025,2,OH,Harrison County,20,0,0,0,0
2024,12,TX,Grimes County,10,0,0,0,0
2025,1,IA,Buchanan County,5,0,0,0,0
2024,6,AK,Kenai Peninsula Borough,5,0,0,0,0
2024,10,AL,Covington County,10,0,0,0,0
2025,3,IN,Pike County,30,0,0,0,0
2024,10,KS,Atchison County,5,0,0,0,0
2024,12,KY,Caldwell County,5,0,0,0,0
2024,11,TN,Campbell County,5,0,0,0,0
2025,1,AL,Lauderdale County,124,0,0,0,0
2025,2,MS,Bolivar County,5,0,0,0,0
2025,3,TX,Caldwell County,15,0,0,0,0
2025,1,VA,Wise County,30,0,0,0,0
2025,3,VA,Arlington County,5,0,0,0,0
2025,3,TX,Potter County,50,0,0,0,0
2024,6,NC,Duplin County,5,0,0,0,0
2024,11,MN,Isanti County,3,0,0,0,0
2025,2,TX,Howard County,70,0,0,0,0
2024,8,MN,Beltrami County,0,0,0,0,1
2025,3,IN,Wayne County,15,0,0,0,0
2025,3,IL,Moultrie County,11,0,0,0,0
2025,3,SD,Lincoln County,20,29,20,2,6
2024,7,MS,Adams County,5,0,0,0,0
2025,1,OK,Grady County,5,0,0,0,0
2025,1,WI,Green County,5,0,0,0,0
2024,8,NC,Wayne County,5,0,0,0,0
2025,2,NY,Washington County,5,0,0,0,0
2025,3,OK,Johnston County,5,0,0,0,0
2025,3,WI,Brown County,5,0,0,0,0
2024,12,WI,Oconto County,5,0,0,1,1
2024,6,AL,Shelby County,4254,2,1,2,2
2024,6,KS,Seward County,145,0,0,0,0
2024,6,VA,Botetourt County,1395,2,0,0,0
2024,6,NH,Strafford County,150,0,0,0,0
2024,6,CA,Santa Clara County,2091,0,0,0,0
2024,6,MO,Clay County,2195,4,0,2,0
2024,6,UT,Cache County,390,0,0,0,0
2024,6,MD,Frederick County,2787,1,1,1,0
2024,6,SC,Kershaw County,1103,2,0,1,0
2024,6,GA,Jackson County,450,0,0,0,0
2024,6,TN,Fayette County,875,0,0,0,0
2024,6,HI,Honolulu County,1805,0,0,0,0
2024,6,GA,Hall County,540,0,0,0,0
2024,6,MS,Lauderdale County,845,0,0,0,0
2024,6,SC,Florence County,533,0,0,0,0
2024,6,MO,Callaway County,245,0,0,0,0
2024,6,KY,Calloway County,270,0,0,0,0
2024,6,MT,Missoula County,175,0,0,0,0
2024,6,TX,Hidalgo County,37,1,1,1,1
2024,6,TX,Grimes County,25,0,0,0,0
2024,6,NE,Lincoln County,180,0,0,0,0
2024,7,KS,Riley County,115,0,0,0,0
2024,7,MD,Washington County,339,1,0,0,0
2024,7,OH,Champaign County,316,5,0,1,1
2024,7,OH,Warren County,2490,0,0,0,0
2024,7,VA,Gloucester County,840,0,0,0,0
2024,7,FL,Okaloosa County,816,3,1,2,0
2024,7,PA,Union County,305,0,0,0,0
2024,7,CA,Tulare County,435,0,0,0,0
2024,7,NY,Ulster County,45,0,0,0,0
2024,7,SC,Georgetown County,200,0,0,0,0
2024,7,WA,Benton County,356,1,1,1,1
2024,7,CO,Arapahoe County,380,0,0,0,0
2024,7,NY,St. Lawrence County,775,0,0,0,0
2024,7,OH,Allen County,415,5,4,4,0
2024,8,AR,Ashley County,315,0,0,0,0
2024,8,KY,Henderson County,530,0,0,0,0
2024,8,MO,Platte County,1143,1,0,0,0
2024,8,OK,Pittsburg County,2116,5,0,3,0
2024,8,VA,Prince William County,4041,0,2,1,0
2024,8,MT,Yellowstone County,575,0,0,0,0
2024,8,IL,McHenry County,1605,13,3,14,4
2024,8,TN,Rhea County,902,0,0,0,0
2024,8,KS,Saline County,175,0,0,0,0
2024,8,WV,Logan County,215,0,0,0,0
2024,8,TX,Callahan County,805,1,0,0,2
2024,8,MS,Itawamba County,155,0,0,0,0
2024,9,NM,Sandoval County,95,0,0,0,0
2024,9,TN,Hawkins County,315,0,0,0,0
2024,9,MO,Jackson County,5789,29,11,15,1
2024,9,NC,Alexander County,238,0,0,0,0
2024,9,ND,McLean County,95,1,0,0,0
2024,9,KY,Hopkins County,190,0,0,0,0
2024,9,LA,De Soto Parish,175,0,0,0,0
2024,9,MN,Lake County,345,0,0,0,0
2024,9,ME,Kennebec County,185,0,1,0,0
2024,10,TN,Cumberland County,800,0,0,0,0
2024,10,TX,Smith County,541,0,0,0,0
2024,10,TX,El Paso County,396,0,0,0,0
2024,10,KY,Hart County,295,0,0,0,0
2024,11,MI,Van Buren County,534,0,0,0,0
2024,12,FL,Pinellas County,2095,0,0,0,1
2025,1,LA,Franklin Parish,150,0,0,0,0
2024,6,AR,Craighead County,545,0,0,0,2
2024,6,VA,Roanoke County,4151,0,0,0,1
2024,6,SC,Sumter County,305,0,0,0,0
2024,7,FL,Hillsborough County,18320,20,21,42,3
2024,7,FL,Pasco County,6355,33,6,2,5
2024,7,FL,Polk County,4221,1,0,0,0
2024,7,KY,Daviess County,995,0,0,0,0
2024,7,MI,Charlevoix County,252,0,0,0,0
2024,7,NC,Gaston County,1509,0,0,12,0
2024,7,AZ,Cochise County,865,0,3,0,0
2024,7,IL,Sangamon County,1540,0,0,0,0
2024,7,OK,Rogers County,303,0,0,0,0
2024,8,GA,Coweta County,1972,0,0,0,0
2024,8,IN,Vigo County,180,0,0,0,0
2024,8,MN,Hennepin County,4151,19,66,29,2
2024,8,NY,Onondaga County,1350,0,0,0,0
2024,8,SC,Fairfield County,370,0,0,0,0
2024,8,TN,Greene County,455,0,0,0,0
2024,8,TN,Weakley County,674,0,0,0,0
2024,8,VA,Wise County,105,0,0,0,0
2024,8,OR,Multnomah County,687,13,0,1,4
2024,8,TX,Lavaca County,490,0,0,0,0
2024,8,LA,West Feliciana Parish,405,0,0,0,0
2024,8,FL,Highlands County,649,0,0,0,0
2024,8,OR,Josephine County,169,0,0,0,0
2024,8,TX,Brazos County,1155,0,0,0,0
2024,8,IA,Marshall County,305,0,0,0,0
2024,8,GA,Chattooga County,175,0,0,0,0
2024,8,IA,Appanoose County,140,0,0,0,0
2024,8,GA,Worth County,100,0,0,0,0
2024,9,OR,Deschutes County,650,1,0,0,0
2024,9,AL,Lee County,1860,4,2,7,0
2024,9,NC,Richmond County,560,0,0,0,0
2024,9,VA,Colonial Heights city,1550,0,0,0,0
2024,9,MS,Hinds County,1218,0,0,0,0
2024,9,IN,Hancock County,842,1,0,0,0
2024,9,MO,Christian County,1061,0,0,0,0
2024,9,NC,Currituck County,125,0,0,0,0
2024,9,TX,Hamilton County,390,0,0,0,0
2024,9,VA,Norfolk city,420,0,0,0,0
2024,9,NY,Broome County,130,0,0,0,0
2024,9,OH,Clark County,185,0,0,0,0
2024,9,NC,Pitt County,696,0,0,0,0
2024,9,KS,Brown County,40,0,0,0,0
2024,9,KY,Pike County,290,0,0,0,0
2024,10,FL,Santa Rosa County,1132,6,0,0,0
2024,10,MN,St. Louis County,230,0,0,0,0
2024,10,NJ,Union County,170,0,0,0,0
2024,10,OH,Clermont County,1006,18,12,7,0
2024,10,NY,Jefferson County,1733,0,0,0,0
2024,10,OR,Multnomah County,854,8,3,2,4
2024,10,TX,Rusk County,155,0,0,0,0
2024,10,NC,Avery County,170,0,0,0,0
2024,10,VA,Hampton city,749,0,0,0,0
2024,10,AK,Anchorage Municipality,2332,1,3,9,1
2024,10,OH,Hancock County,689,3,3,2,0
2024,10,TN,Humphreys County,356,0,0,0,0
2024,11,FL,Hillsborough County,14383,3,1,0,0
2024,11,PA,Allegheny County,2094,0,1,0,0
2024,11,VA,Rockingham County,760,0,0,0,0
2024,11,PA,York County,654,1,0,0,0
2024,11,KY,Hart County,245,0,0,0,0
2024,11,MD,Baltimore County,250,0,0,0,0
2024,11,IL,Cumberland County,45,0,1,0,0
2024,11,NC,Pitt County,560,16,5,6,1
2024,11,ND,Burleigh County,404,0,0,0,0
2024,11,NJ,Gloucester County,460,0,0,0,0
2024,12,FL,Polk County,2825,0,0,0,0
2024,12,LA,Bossier Parish,1910,0,0,0,0
2024,12,NH,Coos County,310,0,0,0,0
2024,12,CA,Monterey County,65,0,0,0,0
2024,12,CA,San Mateo County,235,0,0,0,0
2024,12,OH,Seneca County,115,0,0,0,0
2024,12,KY,Logan County,175,0,0,0,0
2024,12,TN,Sevier County,925,0,0,0,0
2024,12,KY,Barren County,105,0,0,0,0
2024,12,IL,Stark County,30,2,0,0,0
2025,1,TX,Coryell County,791,1,0,0,0
2025,1,WI,Waukesha County,585,1,1,1,1
2025,1,OH,Union County,955,2,0,0,0
2025,1,IN,Hancock County,890,0,0,1,0
2025,1,MO,Randolph County,195,0,0,0,0
2025,1,IL,Adams County,65,0,0,0,0
2025,1,MI,Grand Traverse County,75,0,0,0,0
2025,1,OH,Lawrence County,325,0,0,0,0
2025,1,VA,Culpeper County,243,5,1,1,0
2025,1,CA,Yuba County,45,0,0,0,0
2025,1,SD,Douglas County,105,0,0,0,0
2025,2,FL,Sarasota County,2896,14,12,12,7
2025,2,OH,Cuyahoga County,3569,31,1,8,3
2025,2,TN,Rutherford County,4060,9,0,11,1
2025,2,AL,Baldwin County,340,0,0,0,0
2025,2,KY,Henderson County,360,0,0,0,0
2024,6,FL,Escambia County,522,1,0,1,0
2024,7,GA,Oglethorpe County,140,0,0,0,0
2024,7,NM,Chaves County,360,0,0,0,0
2024,8,CA,Napa County,755,0,0,0,0
2024,8,TX,Bastrop County,1341,0,0,0,0
2024,8,TX,Hardin County,295,0,0,0,0
2024,8,GA,Jasper County,215,0,0,0,0
2024,8,OR,Washington County,876,8,0,2,8
2024,8,NY,New York County,166,1,0,0,0
2024,9,ME,Cumberland County,215,0,0,0,0
2024,9,OK,Cleveland County,1477,0,0,0,0
2024,9,WV,Hancock County,275,0,0,0,0
2024,9,CT,Hartford County,195,0,0,0,0
2024,9,OR,Linn County,328,31,27,12,9
2024,10,AR,Clay County,155,0,0,0,0
2024,10,FL,Marion County,2407,8,0,1,0
2024,10,LA,Richland Parish,540,0,0,0,0
2024,10,MS,Madison County,2206,0,0,1,0
2024,10,NC,Catawba County,6249,4,4,5,1
2024,10,NC,Nash County,2427,0,0,1,0
2024,10,NC,Pender County,1010,0,0,0,0
2024,10,LA,Bossier Parish,1800,0,0,0,0
2024,10,VA,Carroll County,460,0,0,0,0
2024,10,NE,Saunders County,30,0,0,0,0
2024,10,GA,Colquitt County,245,0,0,0,0
2024,10,IL,Whiteside County,720,0,0,0,0
2024,11,AZ,Pinal County,949,0,0,0,0
2024,11,MO,Clay County,1691,0,0,0,0
2024,11,OK,Pittsburg County,1350,0,1,0,0
2024,11,TN,Shelby County,7850,3,0,0,0
2024,11,FL,Manatee County,1162,5,0,2,1
2024,11,NC,Guilford County,2158,0,0,4,1
2024,11,MI,Genesee County,1036,4,0,1,1
2024,11,KS,Sedgwick County,813,0,0,1,0
2024,11,CO,Summit County,120,0,0,0,0
2024,11,VA,Orange County,60,0,0,0,0
2024,12,FL,Brevard County,1888,17,13,6,7
2024,12,AR,Faulkner County,505,0,0,0,0
2024,12,TN,Washington County,1150,0,0,0,0
2024,12,NC,Polk County,410,0,0,0,0
2024,12,IN,Howard County,560,0,0,0,0
2024,12,MS,Tippah County,112,0,0,0,0
2024,12,NY,Oneida County,665,0,0,0,0
2024,12,PA,Carbon County,120,0,0,0,0
2024,12,PA,Tioga County,130,0,0,0,0
2025,1,AL,Houston County,1545,0,5,12,0
2025,1,CO,Douglas County,825,0,0,5,0
2025,1,FL,Charlotte County,4439,11,4,5,9
2025,1,FL,Manatee County,996,0,0,0,0
2025,1,MI,Kent County,3948,4,2,4,0
2025,1,NM,Bernalillo County,5628,0,0,0,0
2025,1,NC,Brunswick County,1387,0,0,0,0
2025,1,MT,Blaine County,145,0,0,0,0
2025,1,IA,Polk County,260,0,0,0,0
2025,1,MN,Otter Tail County,215,0,0,4,0
2025,1,NC,Edgecombe County,330,0,0,0,0
2025,1,VA,Charlotte County,835,0,0,0,0
2025,1,PA,Mifflin County,485,0,0,0,0
2025,1,TN,Obion County,495,0,0,0,0
2025,1,WI,Walworth County,325,0,0,0,0
2025,1,MI,Otsego County,270,0,0,0,0
2025,1,NC,Transylvania County,390,0,0,0,0
2025,1,NE,Cedar County,201,0,0,1,0
2025,1,MA,Middlesex County,523,2,1,4,0
2025,1,VA,Caroline County,230,0,0,0,0
2025,2,FL,Duval County,5647,19,3,6,3
2025,2,LA,Caddo Parish,1640,0,0,0,0
2025,2,VA,Campbell County,2000,0,0,0,0
2024,10,VA,Fauquier County,165,2,0,1,0
2024,10,TN,Sequatchie County,280,0,0,0,0
2024,10,KY,Henderson County,485,0,0,0,0
2024,11,CA,Riverside County,3030,0,2,0,1
2024,11,NC,Yancey County,305,0,0,0,0
2024,11,NE,Sarpy County,110,0,0,0,0
2024,12,SC,Aiken County,6045,0,0,0,0
2025,1,KS,Montgomery County,353,0,0,0,0
2025,1,MO,Cole County,495,0,0,0,0
2025,1,TX,San Saba County,170,0,0,0,0
2025,2,CA,Butte County,270,0,0,0,0
2024,6,CT,New London County,250,0,1,0,0
2024,6,NJ,Gloucester County,536,4,0,2,0
2024,6,VA,Hopewell city,165,0,0,0,0
2024,6,MN,Murray County,125,0,0,0,0
2024,6,ID,Payette County,135,0,0,0,0
2024,6,IA,Union County,611,166,1,1,0
2024,6,CA,Solano County,106,0,0,0,0
2024,7,GA,Clay County,5,0,0,0,0
2024,7,TX,Eastland County,75,0,0,0,0
2024,7,VA,Fairfax city,165,0,0,0,0
2024,7,TN,Cocke County,315,0,0,0,0
2024,7,CA,Tehama County,10,0,0,0,0
2024,7,OH,Brown County,40,9,3,2,0
2024,7,IN,Wabash County,210,1,0,0,0
2024,7,MO,Pettis County,145,0,0,0,0
2024,8,TX,San Saba County,160,0,0,0,0
2024,8,NJ,Union County,170,0,0,0,0
2024,8,OH,Ottawa County,75,0,0,0,0
2024,9,OR,Yamhill County,535,0,0,0,0
2024,9,FL,Palm Beach County,244,2,2,1,1
2024,9,TX,Lavaca County,350,0,0,0,0
2024,9,IL,Scott County,210,0,0,0,0
2024,9,NC,Bertie County,140,0,0,0,0
2024,9,ID,Jerome County,180,0,0,0,0
2024,9,MO,Howard County,60,0,0,0,0
2024,9,OH,Jackson County,205,0,0,0,0
2024,9,TN,Hickman County,155,0,0,0,0
2024,9,MO,Caldwell County,325,0,0,0,0
2024,10,MO,Callaway County,150,0,0,0,0
2024,10,GA,Carroll County,358,0,0,0,0
2024,10,IL,Tazewell County,331,0,1,0,0
2024,10,MN,Hubbard County,160,0,0,0,0
2024,10,CT,Tolland County,135,0,0,0,0
2024,10,MO,Lawrence County,26,0,0,0,0
2024,10,OK,Carter County,15,0,0,0,0
2024,10,MO,Stone County,160,0,0,0,0
2024,10,MD,Baltimore County,258,0,0,0,0
2024,10,NE,Sarpy County,115,0,0,0,0
2024,11,IA,Marshall County,210,0,0,0,0
2024,11,MI,Otsego County,255,0,0,0,0
2024,11,WY,Sheridan County,75,0,0,0,0
2024,11,WV,Hancock County,165,0,0,0,0
2024,11,KY,Hancock County,160,0,0,0,0
2024,11,KS,Hamilton County,140,0,0,0,0
2024,11,NE,Johnson County,65,0,0,0,0
2024,11,ND,Hettinger County,35,0,0,0,0
2024,11,TX,Fisher County,189,0,0,0,0
2024,12,GA,Chatham County,160,0,0,0,0
2024,12,MN,Faribault County,55,0,0,0,0
2024,12,TN,Lawrence County,40,0,0,0,0
2024,12,LA,Calcasieu Parish,165,0,0,0,0
2024,12,OH,Morrow County,340,0,0,0,0
2024,12,IL,Jersey County,52,0,0,0,0
2024,12,MA,Suffolk County,5,0,0,0,0
2025,1,IN,Pike County,140,0,0,0,0
2025,1,MI,Presque Isle County,160,0,0,0,0
2025,1,MO,Johnson County,160,0,0,0,0
2025,1,MN,Lake County,150,0,0,0,0
2024,7,MO,Barton County,40,0,0,0,0
2024,7,TX,Wood County,290,0,0,0,0
2024,7,FL,Levy County,220,0,0,0,0
2024,7,MI,Clinton County,30,0,0,0,0
2024,8,IA,Tama County,140,0,0,0,0
2024,8,GA,McIntosh County,15,0,0,0,0
2024,9,ND,Mercer County,155,0,0,0,0
2024,9,OK,Delaware County,30,0,0,0,0
2024,11,IA,Pottawattamie County,140,0,0,0,0
2024,11,KS,Lyon County,90,0,0,0,0
2024,12,LA,Natchitoches Parish,170,0,0,0,0
2024,12,WI,Walworth County,340,0,0,0,0
2024,12,AR,Pope County,45,0,0,0,0
2025,1,MN,Faribault County,28,0,0,0,0
2025,1,MN,Goodhue County,105,0,0,0,0
2025,1,TN,Jefferson County,160,0,0,0,0
2025,1,PA,Blair County,158,0,0,0,0
2025,1,TN,Marion County,100,0,0,0,0
2025,2,GA,Paulding County,605,0,0,0,0
2025,2,MO,Jasper County,856,8,19,15,0
2025,2,MD,Carroll County,355,0,0,0,0
2025,2,GA,Catoosa County,1291,3,2,0,1
2025,2,PA,Lebanon County,365,0,0,0,0
2025,2,SC,Orangeburg County,365,0,0,0,0
2025,2,TN,Maury County,1170,0,0,0,0
2025,2,TN,Moore County,140,0,0,0,0
2025,2,VA,New Kent County,310,0,0,0,0
2025,2,WI,Waukesha County,545,0,0,0,0
2025,2,TN,Grainger County,150,0,0,0,0
2025,2,SC,Marion County,140,0,0,0,0
2025,2,VA,Page County,120,0,0,0,0
2025,2,IN,Lawrence County,15,0,0,0,0
2025,2,OK,Oklahoma County,2435,0,0,0,0
2025,2,SC,Dorchester County,655,0,0,0,0
2025,2,VA,Brunswick County,40,0,0,0,0
2025,2,ND,Stutsman County,70,0,0,0,0
2025,2,TN,Coffee County,841,1,0,0,0
2025,2,TX,Gonzales County,415,0,0,0,0
2025,2,VA,Danville city,145,0,0,0,0
2025,2,OH,Guernsey County,90,0,0,0,0
2025,3,CA,Los Angeles County,709,1,1,0,0
2025,3,LA,Jefferson Parish,80,0,0,0,0
2025,3,TX,Travis County,2559,4,2,4,3
2024,6,TX,San Jacinto County,225,0,0,0,0
2024,6,CA,Santa Cruz County,165,0,0,0,0
2024,7,OH,Auglaize County,10,0,0,0,0
2024,7,WA,Walla Walla County,21,0,0,0,0
2024,9,ID,Latah County,25,0,0,0,0
2024,9,VA,Orange County,75,0,0,0,0
2024,10,OR,Wasco County,75,0,0,0,0
2024,11,NE,Kearney County,15,0,0,0,0
2024,12,PA,Bucks County,30,0,0,0,0
2024,11,OR,Tillamook County,10,0,0,0,0
2024,12,MO,Buchanan County,130,0,0,0,0
2024,12,OR,Linn County,220,1,1,0,2
2024,12,ND,Richland County,5,0,0,0,0
2025,1,NY,Chemung County,10,0,0,0,0
2025,1,TN,Smith County,110,0,0,0,0
2025,1,VA,Northumberland County,290,0,0,0,0
2024,6,IA,Monona County,15,0,0,0,0
2024,7,OK,Seminole County,45,0,0,0,0
2024,8,OH,Seneca County,55,0,0,0,0
2024,8,WV,Barbour County,10,0,0,0,0
2024,9,MO,McDonald County,17,0,0,0,0
2024,11,OH,Vinton County,25,0,0,0,0
2024,11,TN,Macon County,135,0,0,0,0
2024,12,ID,Cassia County,30,0,0,0,0
2024,12,MN,Blue Earth County,90,0,0,0,0
2024,12,PA,Fulton County,135,0,0,0,0
2025,1,KY,Webster County,200,0,0,0,0
2025,1,VA,Buena Vista city,10,0,0,0,0
2025,2,IN,Huntington County,5,0,0,0,0
2025,2,TN,Lincoln County,110,0,0,0,0
2024,8,ND,Stark County,5,0,0,0,0
2024,8,GA,Telfair County,5,0,0,0,0
2024,8,TN,Lawrence County,30,0,0,0,0
2024,9,AR,Arkansas County,30,0,0,0,0
2024,9,IL,Clark County,35,0,0,0,0
2024,9,IL,Jersey County,15,0,0,0,0
2024,10,FL,DeSoto County,65,0,0,0,0
2024,10,IL,Cumberland County,30,0,0,0,0
2024,11,MO,Howard County,60,0,0,0,0
2024,12,MI,Midland County,85,0,0,0,0
2025,1,NY,Wyoming County,12,1,2,1,0
2024,6,OH,Crawford County,35,0,0,0,0
2024,10,LA,Lafayette Parish,25,0,0,0,0
2024,11,NC,Yadkin County,20,0,0,0,0
2025,1,IL,Jefferson County,15,0,0,0,0
2024,9,KY,Pendleton County,5,0,0,0,0
2024,11,MO,Barry County,10,0,0,0,0
2025,1,NH,Carroll County,25,0,0,0,0
2024,6,CO,Boulder County,15,0,0,0,0
2024,10,KY,Owen County,10,0,0,0,0
2024,12,NY,Richmond County,20,0,0,0,0
2025,1,PA,Perry County,55,0,0,0,0
2025,2,CA,Humboldt County,35,0,0,0,0
2024,7,NC,Lenoir County,15,0,0,0,0
2024,11,GA,Clay County,10,0,0,0,0
2025,1,IN,Huntington County,11,0,0,0,0
2025,1,TX,Franklin County,20,0,0,0,0
2025,1,NE,Antelope County,40,0,0,0,0
2025,1,KY,Madison County,42,0,0,0,0
2025,2,MI,Delta County,20,0,0,0,0
2024,6,TN,Bledsoe County,15,0,0,0,0
2024,11,LA,Grant Parish,5,0,0,0,0
2024,12,IN,Huntington County,25,0,0,0,0
2025,1,MN,Mille Lacs County,15,0,0,0,0
2024,6,AZ,Gila County,5,0,0,0,0
2024,9,IL,Vermilion County,5,0,0,0,0
2024,9,LA,Orleans Parish,20,0,0,0,0
2024,10,MI,Clare County,10,0,0,0,0
2024,10,MA,Barnstable County,15,0,0,0,0
2024,12,KY,Mason County,5,0,0,0,0
2024,11,DE,Kent County,5,0,0,0,0
2025,1,OK,Payne County,15,0,0,0,0
2025,2,MD,Dorchester County,130,0,0,0,0
2025,2,KY,Barren County,45,0,0,0,0
2025,2,WY,Laramie County,110,0,1,0,0
2025,2,MO,St. Clair County,10,0,0,0,0
2025,3,IN,Kosciusko County,385,0,0,0,0
2025,3,IN,Posey County,45,0,0,0,0
2025,3,NC,Duplin County,15,0,0,0,0
2025,3,PA,Mercer County,75,0,0,0,0
2025,3,VA,Appomattox County,480,0,0,0,0
2025,3,VA,Campbell County,405,0,0,0,0
2025,3,VA,Greene County,20,0,0,0,0
2025,3,VA,Montgomery County,150,0,0,0,0
2025,3,NC,Lincoln County,190,0,0,0,0
2025,3,VA,Dinwiddie County,20,0,0,0,0
2025,3,VA,James City County,50,0,0,0,0
2025,3,AR,Benton County,364,0,0,0,0
2025,3,MN,Olmsted County,115,0,0,0,0
2025,3,WA,Pierce County,325,0,0,0,0
2025,3,AL,Baldwin County,75,0,0,0,0
2025,3,IN,DeKalb County,75,0,0,0,0
2025,3,IA,Polk County,98,21,14,18,0
2025,3,ME,Waldo County,45,2,0,2,0
2025,3,TN,Madison County,560,1,1,1,0
2025,3,TX,Brazoria County,120,1,0,0,0
2025,3,GA,Gordon County,91,1,1,1,1
2025,3,KS,Greenwood County,15,0,0,0,0
2025,3,TX,Schleicher County,20,0,0,0,0
2025,2,MS,Warren County,20,0,0,0,0
2025,3,MO,Franklin County,75,0,0,0,0
2025,2,CT,Middlesex County,15,0,0,0,0
2025,2,TN,Stewart County,20,0,0,0,0
2025,3,MT,Yellowstone County,105,0,0,0,0
2025,3,IL,Kankakee County,50,0,0,0,0
2025,3,WY,Sheridan County,25,0,0,0,0
2025,3,SC,Fairfield County,45,0,0,0,0
2025,3,TX,Walker County,35,0,0,0,0
2025,3,WV,Mercer County,70,0,0,0,0
2025,2,IA,Lyon County,75,0,0,0,0
2025,2,IN,Knox County,25,0,2,0,0
2025,3,KY,Larue County,20,0,0,0,0
2025,3,MS,Forrest County,40,0,0,0,0
2025,3,PA,Susquehanna County,5,0,0,0,0
2024,9,TX,Titus County,15,0,0,0,0
2024,7,CA,Merced County,20,0,0,0,0
2025,1,NC,Vance County,10,0,0,0,0
2025,3,WA,Grays Harbor County,19,0,0,0,0
2024,6,MT,Sweet Grass County,10,0,0,0,0
2024,8,NY,Genesee County,20,0,0,0,0
2025,2,IL,Vermilion County,10,0,0,0,0
2024,10,OK,Mayes County,5,0,0,0,0
2024,10,CO,Delta County,5,0,0,0,0
2024,12,WI,Green County,5,0,0,0,0
2025,3,PA,Cambria County,10,0,0,0,0
2025,2,AR,Crittenden County,5,0,0,0,0
2025,2,NJ,Middlesex County,20,0,0,0,0
2025,3,TX,Atascosa County,10,0,0,0,0
2024,7,ND,Richland County,15,0,0,0,0
2024,8,OH,Coshocton County,10,0,0,0,0
2024,12,MO,Livingston County,5,0,0,0,0
2024,6,AK,Matanuska-Susitna Borough,6,0,0,0,0
2024,11,AR,Crittenden County,5,0,0,0,0
2025,2,AZ,Coconino County,15,0,0,0,0
2024,9,IL,Iroquois County,5,0,0,0,0
2024,9,IN,Shelby County,4,0,0,0,0
2025,3,CO,Otero County,15,0,0,0,0
2025,3,FL,Franklin County,5,0,0,0,0
2025,2,AL,Covington County,10,0,0,0,0
2025,3,ID,Latah County,5,0,0,0,0
2024,10,MS,Neshoba County,5,0,0,0,0
2025,2,CA,Nevada County,10,0,0,0,0
2025,3,VT,Addison County,5,0,0,0,0
2025,1,AL,Colbert County,5,0,0,0,0
2025,3,AL,Talladega County,5,0,0,0,0
2024,10,IA,Delaware County,5,0,0,0,0
2024,12,AR,Madison County,10,0,0,0,0
2024,6,MO,St. Charles County,4230,3,0,0,0
2024,6,FL,Wakulla County,175,0,0,0,0
2024,6,NY,Chemung County,146,1,1,0,1
2024,6,IL,Montgomery County,315,0,0,0,0
2024,6,MS,Alcorn County,192,0,0,0,0
2024,6,IL,Sangamon County,1640,0,0,0,0
2024,6,KY,Jefferson County,3567,9,3,4,4
2024,6,MO,St. Louis County,3694,1,1,1,3
2024,6,TN,Smith County,295,0,0,0,0
2024,6,WA,King County,7126,5,986,980,7
2024,6,KY,Warren County,1730,1,5,6,0
2024,6,AR,Benton County,2696,1,0,0,0
2024,6,NM,Chaves County,335,0,0,0,0
2024,6,TN,Cannon County,30,0,0,0,0
2024,6,WA,Lewis County,165,0,0,0,0
2024,6,NC,Durham County,1099,7,5,4,4
2024,6,MI,Osceola County,195,0,0,0,0
2024,6,NC,Polk County,515,0,0,0,0
2024,6,PA,Philadelphia County,556,0,0,0,0
2024,6,TX,Panola County,220,0,0,0,0
2024,6,TX,El Paso County,265,0,0,0,0
2024,6,NM,Otero County,5,0,0,0,0
2024,6,AL,DeKalb County,327,0,0,0,0
2024,6,PA,Blair County,255,0,0,0,0
2024,6,WV,Hancock County,220,0,0,0,0
2024,6,KY,Logan County,360,0,0,0,0
2024,7,TX,Henderson County,1054,1,1,1,1
2024,7,TX,Johnson County,2286,0,0,0,0
2024,7,TX,Taylor County,21928,36,1,3,2
2024,7,MO,Jefferson County,1205,0,0,0,0
2024,7,IL,McHenry County,1719,3,0,4,0
2024,7,MS,Jones County,155,0,0,0,0
2024,7,NC,Lincoln County,1460,0,0,0,0
2024,7,SC,Richland County,3497,20,10,9,1
2024,7,KS,Lyon County,120,1,0,0,0
2024,7,SC,Chesterfield County,665,0,0,0,0
2024,7,MI,Gratiot County,1411,2,3,1,0
2024,7,MT,Lewis and Clark County,210,0,0,0,0
2024,7,NM,San Juan County,680,0,0,0,0
2024,7,SD,Douglas County,95,0,0,0,0
2024,8,CA,Alameda County,1046,2,3,0,0
2024,8,IL,Macoupin County,1570,0,0,0,0
2024,8,NC,Union County,1482,6,0,2,0
2024,8,OH,Belmont County,185,0,0,0,0
2024,8,TX,Kaufman County,2421,27,6,18,1
2024,8,NY,Monroe County,613,0,0,0,0
2024,8,KS,Butler County,380,0,0,0,0
2024,8,MI,Saginaw County,352,0,0,0,0
2024,8,TN,Fayette County,818,0,1,0,0
2024,8,OH,Lucas County,790,2,0,0,1
2024,8,TN,Lincoln County,135,0,0,0,0
2024,9,CO,El Paso County,4085,13,11,6,4
2024,9,GA,Glynn County,527,0,3,0,0
2024,9,VA,Roanoke city,955,0,0,0,0
2024,9,MO,Boone County,681,3,3,0,1
2024,10,NJ,Camden County,570,0,0,0,0
2024,10,PA,Allegheny County,2186,0,0,0,0
2024,10,MA,Plymouth County,475,0,0,0,0
2024,10,OH,Shelby County,120,0,0,0,0
2024,10,WI,Washburn County,120,0,0,0,0
2024,11,NC,Surry County,311,0,0,0,0
2024,11,VA,Norfolk city,402,0,0,0,0
2024,6,NC,Union County,1505,9,7,5,4
2024,6,TX,Howard County,490,0,0,0,0
2024,6,OH,Lorain County,776,4,2,3,2
2024,6,MO,Caldwell County,370,0,0,0,0
2024,6,NC,Transylvania County,790,0,0,0,0
2024,6,OH,Jackson County,190,0,0,0,0
2024,7,AR,Ashley County,312,0,0,0,0
2024,7,MO,St. Louis County,3829,3,3,2,0
2024,7,NC,Richmond County,740,0,0,0,0
2024,7,WA,Grays Harbor County,275,0,0,0,0
2024,7,IL,Piatt County,90,0,0,0,0
2024,7,GA,Colquitt County,290,0,0,1,1
2024,7,IL,LaSalle County,265,0,0,0,0
2024,7,MS,Marion County,495,0,0,0,0
2024,7,SC,Florence County,562,0,0,0,2
2024,7,MO,St. Louis city,655,0,1,0,0
2024,7,PA,Crawford County,460,0,0,0,0
2024,7,SC,Darlington County,558,0,0,0,0
2024,7,TX,Kerr County,1550,10,6,0,0
2024,7,MI,Bay County,145,0,0,0,0
2024,7,MT,Custer County,125,0,0,0,0
2024,7,PA,Lackawanna County,355,0,0,0,0
2024,7,CA,San Mateo County,245,0,0,0,0
2024,7,KY,Spencer County,192,0,2,0,0
2024,7,OK,Wagoner County,708,0,0,0,0
2024,8,CA,San Bernardino County,3182,0,0,0,0
2024,8,AL,Jefferson County,7784,0,0,1,0
2024,8,KS,Wyandotte County,1655,0,0,0,0
2024,8,MD,Howard County,725,0,0,0,0
2024,8,TN,Williamson County,5124,3,0,0,1
2024,8,TX,Comal County,1055,0,0,0,0
2024,8,VA,King George County,575,0,0,0,0
2024,8,CA,El Dorado County,155,0,0,0,0
2024,8,KY,Pulaski County,415,0,0,0,0
2024,8,TN,Carroll County,435,0,0,0,0
2024,8,MS,Lamar County,355,0,0,0,0
2024,8,NJ,Bergen County,120,0,0,0,0
2024,8,SC,Horry County,2856,7,1,4,1
2024,8,MO,Pettis County,130,0,0,0,0
2024,8,IN,Wayne County,5,0,0,0,0
2024,8,VA,Amherst County,320,0,0,0,0
2024,8,TX,San Jacinto County,240,0,0,0,0
2024,9,TN,Shelby County,8073,5,0,0,0
2024,9,AR,Phillips County,275,0,0,0,0
2024,9,MN,Ramsey County,1434,4,0,1,2
2024,9,MO,Moniteau County,260,0,0,0,0
2024,9,NC,Harnett County,430,2,1,1,3
2024,9,NC,McDowell County,2160,0,0,0,0
2024,9,GA,Bibb County,165,0,0,0,0
2024,10,OR,Clackamas County,3597,4,1,5,2
2024,10,TN,Gibson County,1775,0,0,0,0
2024,10,OH,Wood County,1907,23,6,1,1
2024,10,WI,Eau Claire County,915,0,0,4,0
2024,10,MI,Gratiot County,1385,0,0,0,0
2024,10,NC,Surry County,369,0,0,0,0
2024,10,IN,Johnson County,215,0,0,0,0
2024,10,TX,Brazoria County,450,0,0,0,0
2024,10,VA,Goochland County,490,0,0,0,0
2024,11,TN,Madison County,2359,0,1,0,0
2024,11,AL,Coosa County,150,0,0,0,0
2024,11,FL,Martin County,586,4,0,0,1
2024,11,ME,Androscoggin County,625,0,0,0,0
2024,11,TX,Bell County,1287,0,0,0,0
2024,11,KY,Bullitt County,502,2,0,0,0
2024,11,FL,Baker County,290,0,0,0,0
2024,11,VA,James City County,255,0,0,0,0
2024,11,MO,Taney County,805,0,0,0,0
2024,11,VA,Westmoreland County,435,0,0,0,0
2024,11,GA,Glynn County,544,85,13,21,12
2024,11,VA,Prince Edward County,458,0,0,0,0
2024,11,FL,Jefferson County,145,0,0,0,0
2024,12,IL,Winnebago County,2424,98,56,58,15
2024,12,IL,Will County,3350,14,3,8,0
2024,12,VA,Henrico County,2157,0,0,0,0
2024,12,VA,Rockingham County,620,0,0,0,0
2024,12,LA,St. Tammany Parish,725,0,0,0,0
2024,12,OH,Stark County,1456,0,0,0,0
2024,12,OR,Deschutes County,680,0,0,0,0
2024,12,LA,Vernon Parish,445,0,0,0,0
2024,12,MI,Gratiot County,1060,3,0,0,0
2024,12,NC,Hertford County,430,0,0,0,0
2024,12,CO,Phillips County,75,0,0,0,0
2025,1,FL,Miami-Dade County,660,0,2,1,0
2025,1,MA,Essex County,679,0,0,0,0
2025,1,MO,St. Charles County,4617,7,0,2,1
2025,1,TX,Harris County,9915,19,7,14,7
2025,1,VA,Virginia Beach city,6384,1,3,5,0
2025,1,TN,Robertson County,4022,3,1,5,1
2025,1,ND,Burleigh County,210,0,0,0,0
2025,1,TX,Wise County,352,0,0,0,0
2025,1,OH,Holmes County,90,0,1,0,0
2024,8,GA,Walton County,2371,0,0,0,0
2024,8,MS,DeSoto County,1730,0,0,0,0
2024,8,VA,Roanoke County,4135,134,23,61,1
2024,8,PA,Centre County,1318,0,0,0,0
2024,8,MA,Norfolk County,580,25,2,0,0
2024,8,MI,Presque Isle County,160,0,0,0,0
2024,8,MN,Lake County,405,0,0,0,0
2024,9,KS,Johnson County,16600,81,3,33,3
2024,9,SC,Florence County,438,3,0,1,0
2024,9,VA,Appomattox County,3720,13,9,6,7
2024,9,MI,Isabella County,228,0,0,0,0
2024,9,NC,Duplin County,150,0,0,0,0
2024,9,GA,Hall County,674,0,1,1,0
2024,9,TN,Carroll County,500,0,0,0,0
2024,9,OK,Canadian County,676,0,0,0,0
2024,9,VA,Chesapeake city,2311,1,1,2,2
2024,9,KS,Ottawa County,140,0,0,0,0
2024,9,KY,Washington County,85,0,0,0,0
2024,9,TX,Smith County,513,1,0,0,0
2024,10,WI,Lincoln County,830,1,0,0,0
2024,10,IL,Rock Island County,496,2,3,2,3
2024,10,KY,McCracken County,1690,1,0,0,0
2024,10,NC,Burke County,1224,1,1,3,0
2024,10,SD,Douglas County,115,0,0,0,0
2024,10,GA,Talbot County,75,0,0,0,0
2024,10,IN,LaPorte County,175,0,0,0,0
2024,10,IA,Marion County,130,1,0,2,1
2024,10,TN,Washington County,995,0,0,0,0
2024,10,ME,York County,275,0,0,0,0
2024,11,ID,Nez Perce County,45,0,0,0,0
2024,11,TX,Guadalupe County,1683,0,0,0,0
2024,11,VA,Chesapeake city,2546,18,13,1,0
2024,11,SC,Kershaw County,714,2,0,1,2
2024,11,KY,Daviess County,860,0,0,0,0
2024,11,IN,Porter County,247,15,6,5,5
2024,11,MO,Platte County,1036,0,0,1,0
2024,11,NC,Catawba County,6104,3,2,2,3
2024,11,FL,Santa Rosa County,1037,0,1,0,1
2024,11,AL,Tuscaloosa County,265,0,0,0,0
2024,11,FL,Liberty County,314,1,0,0,0
2024,11,NC,Richmond County,640,0,0,0,0
2024,11,VA,Amelia County,400,0,0,0,0
2024,12,CO,El Paso County,4488,8,7,7,5
2024,12,GA,Clayton County,855,0,0,0,0
2024,12,NY,St. Lawrence County,775,0,0,0,0
2024,12,CA,Placer County,1095,0,0,0,0
2024,12,KS,Harvey County,40,0,0,0,0
2024,12,VA,Albemarle County,335,0,0,0,1
2024,12,MI,Van Buren County,490,0,0,0,0
2024,12,VA,King George County,565,0,0,0,0
2024,12,WV,Hancock County,160,0,0,0,0
2024,12,NC,Cabarrus County,1298,4,2,5,3
2024,12,IN,Clark County,340,0,0,0,0
2024,12,TN,White County,395,0,0,0,0
2024,12,VA,Charlotte County,1080,0,0,0,0
2024,12,LA,Richland Parish,615,0,0,0,0
2024,12,NC,Scotland County,1092,0,0,0,1
2025,1,CA,Fresno County,2982,4,2,3,0
2025,1,CA,San Diego County,2720,1,1,1,2
2025,1,CO,El Paso County,4281,4,1,2,1
2025,1,FL,Walton County,270,0,0,0,0
2025,1,ID,Payette County,165,0,0,0,1
2025,1,IL,Tazewell County,481,1,5,1,2
2025,1,IN,Howard County,570,0,0,0,0
2025,1,KS,Leavenworth County,1305,0,0,0,0
2025,1,MI,Gratiot County,999,1,0,0,0
2025,1,MO,Laclede County,175,0,0,0,0
2025,1,OK,Wagoner County,645,0,0,0,0
2025,1,VA,Patrick County,235,0,0,0,0
2025,1,MO,St. Louis County,2777,8,6,1,9
2025,1,MO,St. Francois County,845,10,5,7,3
2025,1,OK,Osage County,80,0,0,0,0
2025,1,IN,Wabash County,365,0,0,0,0
2025,1,IA,Guthrie County,10,1,0,5,1
2025,1,NH,Hillsborough County,433,1,0,0,0
2024,11,VA,Petersburg city,15,0,0,0,0
2024,12,IN,Vanderburgh County,3480,0,0,0,0
2024,12,OK,Canadian County,1052,0,0,0,0
2024,12,MA,Worcester County,660,0,0,0,0
2025,1,FL,Leon County,4034,4,0,4,1
2025,1,TN,Fayette County,993,0,0,0,0
2025,1,TX,Hamilton County,345,0,0,0,0
2024,6,KY,Boyd County,105,0,0,0,0
2024,6,VA,Bristol city,450,3,1,1,1
2024,6,TX,Hill County,306,1,0,0,1
2024,6,MD,Queen Anne's County,215,0,0,0,0
2024,6,VA,Wythe County,85,0,0,0,0
2024,6,GA,Chattooga County,215,0,0,0,0
2024,6,TX,Lavaca County,560,0,0,0,0
2024,7,VA,Southampton County,255,0,0,0,0
2024,7,IL,Moultrie County,52,0,0,0,0
2024,7,TN,Pickett County,130,0,0,0,0
2024,7,MI,Eaton County,109,0,0,0,0
2024,7,MN,Nicollet County,135,0,0,0,0
2024,7,CO,Phillips County,65,0,0,0,0
2024,7,FL,Palm Beach County,175,4,1,5,1
2024,8,FL,Miami-Dade County,760,0,0,0,0
2024,8,GA,Liberty County,170,0,0,0,0
2024,8,MO,Barton County,10,0,0,0,0
2024,8,CA,Santa Cruz County,185,0,0,0,0
2024,9,WI,Walworth County,335,0,0,0,0
2024,9,NY,Oneida County,505,0,0,0,0
2024,9,OH,Crawford County,255,0,0,0,0
2024,9,TN,Dickson County,290,1,0,0,0
2024,9,KS,Douglas County,357,0,0,3,0
2024,9,TX,Cameron County,150,0,0,0,0
2024,10,GA,Brooks County,225,0,0,0,0
2024,10,KY,Menifee County,155,0,0,0,0
2024,10,VA,Portsmouth city,280,0,0,0,0
2024,10,ND,Benson County,90,0,0,0,0
2024,10,TN,Carter County,151,0,1,1,0
2024,10,VA,Washington County,1160,0,0,0,0
2024,10,MT,Lewis and Clark County,230,0,0,0,0
2024,10,MS,Leflore County,140,0,0,0,0
2024,10,NE,Dixon County,40,0,0,0,0
2024,11,TN,White County,502,0,0,0,0
2024,11,TX,Waller County,45,0,0,0,0
2024,11,MI,Muskegon County,160,1,0,0,0
2024,11,CT,Windham County,65,4,0,2,4
2024,11,OH,Allen County,290,0,0,0,0
2024,12,KS,Crawford County,55,0,0,0,0
2024,12,TX,Rockwall County,95,0,0,0,0
2024,12,KY,Scott County,25,0,0,0,0
2024,12,UT,Salt Lake County,325,0,0,0,0
2024,12,NY,Cayuga County,20,0,0,0,0
2024,12,OR,Washington County,722,0,1,0,0
2024,12,VA,Poquoson city,520,0,0,0,1
2024,12,CA,Kings County,314,0,0,0,0
2025,1,MO,Marion County,855,0,0,0,0
2024,9,TX,Rockwall County,140,0,0,0,0
2024,10,OH,Allen County,351,0,0,0,0
2024,10,MO,Carroll County,160,0,0,0,0
2024,11,IN,Harrison County,150,3,0,0,0
2024,12,WI,Polk County,95,0,0,0,0
2024,12,PA,Lehigh County,175,0,0,0,0
2024,12,GA,Effingham County,95,0,0,0,0
2025,1,SC,Greenwood County,223,0,0,0,0
2024,6,MN,Steele County,125,0,0,0,0
2024,6,ND,McKenzie County,145,0,0,0,0
2024,7,MT,Park County,175,26,4,1,2
2024,7,MO,Polk County,145,0,0,0,0
2024,7,OR,Wasco County,80,0,0,0,0
2024,7,GA,Union County,25,0,0,0,0
2024,7,IN,Pulaski County,20,0,0,0,0
2024,7,AL,St. Clair County,95,0,0,0,0
2024,7,WA,Chelan County,155,1,1,1,1
2024,8,MI,Newaygo County,220,0,0,0,0
2024,9,MO,Texas County,160,0,0,0,0
2024,9,GA,Grady County,55,0,0,0,0
2024,9,GA,Meriwether County,125,0,0,0,0
2024,10,IN,Whitley County,155,0,0,0,0
2024,10,NC,Madison County,94,0,0,0,0
2024,10,SC,Marlboro County,295,0,0,0,0
2024,10,TX,Polk County,145,0,0,0,0
2024,12,OH,Clark County,160,0,0,0,0
2024,12,MA,Barnstable County,70,0,0,0,0
2024,12,WI,Iowa County,35,0,0,0,0
2024,12,OK,Muskogee County,80,0,0,0,0
2024,10,KY,Mercer County,395,0,0,0,0
2024,6,LA,Iberia Parish,135,0,0,0,0
2024,6,WI,Green County,45,0,0,0,0
2024,9,PA,Indiana County,75,0,0,0,0
2024,9,TN,Haywood County,10,0,0,0,0
2024,9,IL,Monroe County,65,0,0,0,0
2024,10,MI,Saginaw County,204,0,0,0,0
2024,11,VA,Richmond city,15,0,0,0,0
2024,12,AR,Jefferson County,10,0,0,0,0
2025,1,VA,King George County,560,4,0,1,0
2024,7,SD,Minnehaha County,150,0,0,0,0
2024,7,WA,Pend Oreille County,20,0,0,0,0
2024,10,SC,Union County,30,0,0,0,0
2024,12,IL,Clark County,15,0,0,0,0
2024,12,TX,Franklin County,40,0,0,0,0
2025,1,PA,Philadelphia County,345,0,0,0,0
2025,1,IL,Kankakee County,80,2,0,0,0
2024,8,WV,Putnam County,5,0,0,0,0
2024,8,MS,Copiah County,45,0,0,0,0
2024,9,KY,Livingston County,90,0,0,0,0
2024,10,KS,Wilson County,145,0,0,0,0
2024,6,OK,Mayes County,30,0,0,0,0
2024,6,WY,Laramie County,15,0,0,0,0
2024,6,IL,Union County,15,0,0,0,0
2024,7,ND,McLean County,141,2,0,0,1
2024,12,IN,Washington County,85,0,0,0,0
2024,8,MO,Oregon County,5,0,0,0,0
2024,9,AK,Matanuska-Susitna Borough,5,0,0,0,0
2024,11,WY,Natrona County,45,0,0,0,0
2024,7,AK,Kenai Peninsula Borough,10,0,0,0,0
2024,8,AR,Lawrence County,20,0,0,0,0
2024,11,NC,Currituck County,70,0,0,0,0
2024,11,IA,Dubuque County,12,1,0,0,0
2024,12,KS,Wilson County,120,0,0,0,0
2025,1,MS,Copiah County,45,0,0,0,0
2024,7,TX,Archer County,20,0,0,0,0
2024,10,TN,Macon County,5,0,0,0,0
2024,11,KY,Bourbon County,10,0,0,0,0
2024,12,GA,Pierce County,110,0,0,0,0
2024,6,NE,York County,18,0,0,0,0
2024,7,TX,Cooke County,30,0,0,0,1
2024,11,MI,Cass County,10,0,0,0,0
2024,11,WA,Grays Harbor County,40,0,0,0,0
2024,6,KY,Trigg County,5,0,0,0,0
2024,8,ND,Walsh County,5,0,0,0,0
2025,1,CO,Adams County,100,0,0,1,0
2024,9,NC,Orange County,15,0,0,0,0
2024,10,IN,Lawrence County,15,0,0,0,0
2024,11,TX,San Patricio County,15,0,0,0,0
2025,1,VA,Dinwiddie County,160,0,0,0,0
2025,1,WI,Taylor County,25,0,0,0,0
2025,2,IN,Kosciusko County,2145,0,0,0,0
2025,2,KY,Simpson County,392,0,0,0,0
2025,2,FL,Lee County,4638,6,3,6,2
2025,2,WI,Dane County,621,0,0,0,0
2025,2,WI,Wood County,360,0,0,0,0
2025,2,GA,Coweta County,992,0,0,0,0
2025,2,IN,Vanderburgh County,3376,0,0,0,0
2025,2,KY,Jessamine County,315,0,0,0,0
2025,2,MN,Big Stone County,90,0,0,0,0
2025,2,MS,Prentiss County,390,8,7,2,0
2025,2,NE,Cedar County,335,0,0,0,0
2025,2,TN,McMinn County,1020,0,0,0,0
2025,2,TN,Madison County,2157,0,0,1,0
2025,2,TX,Smith County,621,0,0,0,0
2025,2,VA,Newport News city,985,0,0,0,0
2025,2,LA,Lincoln Parish,415,0,0,0,0
2025,2,NC,Alamance County,1285,0,0,0,0
2025,2,NC,New Hanover County,1464,0,0,0,0
2025,2,TN,Dyer County,405,0,0,0,0
2025,2,KY,Graves County,115,0,0,0,0
2025,2,MA,Worcester County,702,1,0,4,0
2025,2,AL,Morgan County,330,0,0,0,0
2025,2,IN,Randolph County,185,0,0,0,0
2025,2,NJ,Camden County,452,0,0,0,1
2025,2,SC,Jasper County,180,0,0,0,0
2025,2,WY,Campbell County,440,0,17,1,0
2025,2,NC,Transylvania County,350,0,0,0,0
2025,2,NC,Iredell County,931,0,0,0,0
2025,2,SC,Pickens County,282,0,0,0,0
2025,2,IL,Adams County,100,0,0,0,0
2025,2,TX,Randall County,225,0,0,0,0
2025,3,GA,Lee County,115,0,0,0,0
2025,3,NC,Alamance County,285,0,0,0,0
2025,3,VA,Chesapeake city,525,0,0,0,0
2025,3,VA,Virginia Beach city,1192,0,0,0,0
2025,3,TX,Fort Bend County,976,0,0,0,0
2025,3,TX,Galveston County,580,0,0,0,0
2025,3,SC,Horry County,333,0,0,0,0
2025,3,SD,Lawrence County,19,0,0,0,0
2025,3,FL,Santa Rosa County,125,0,0,0,0
2025,3,GA,Coweta County,220,0,0,0,0
2025,3,LA,St. Martin Parish,25,0,0,0,0
2025,3,NY,Orange County,60,0,0,0,0
2025,3,PA,Adams County,70,0,0,0,0
2025,3,TN,Jefferson County,30,0,0,0,0
2025,3,VA,Madison County,15,0,0,0,0
2025,2,MI,Gogebic County,340,0,0,0,0
2025,1,AK,Juneau City and Borough,85,0,0,0,0
2025,2,GA,Greene County,42,10,10,0,0
2025,2,LA,Tensas Parish,285,0,0,0,0
2025,2,AL,St. Clair County,55,0,0,0,0
2025,2,MO,Stone County,150,0,0,0,0
2025,3,MD,Harford County,325,0,0,0,0
2025,3,CT,New Haven County,75,0,0,0,0
2025,3,OH,Guernsey County,20,0,0,0,0
2025,3,TX,Wichita County,65,0,0,0,0
2025,2,KS,Montgomery County,280,0,0,0,0
2025,2,TX,El Paso County,230,0,0,0,0
2025,1,MO,Buchanan County,85,0,0,0,0
2025,2,OH,Erie County,155,0,0,0,0
2025,1,MA,Suffolk County,25,0,0,0,0
2025,1,NE,Knox County,40,0,0,0,0
2025,2,MO,Henry County,85,0,0,0,0
2025,2,IL,Kendall County,15,0,0,0,0
2025,2,GA,Rabun County,525,0,0,0,0
2025,2,IL,Monroe County,15,0,0,0,0
2025,3,IA,Washington County,65,0,0,0,0
2025,3,GA,Irwin County,60,0,0,0,0
2025,3,MD,Talbot County,40,0,0,0,0
2025,3,IL,Logan County,15,0,0,0,0
2025,3,AR,Craighead County,105,0,0,0,0
2025,3,TX,Haskell County,25,0,0,0,0
2024,8,KS,Greeley County,5,0,0,0,0
2024,12,AR,Cleburne County,5,0,0,0,0
2025,1,PA,Snyder County,38,2,0,0,0
2025,2,NC,Camden County,10,0,0,0,0
2025,2,NC,Watauga County,35,0,0,0,0
2025,3,FL,Wakulla County,20,0,0,0,0
2025,3,IL,LaSalle County,35,0,0,0,0
2025,3,WY,Laramie County,25,0,0,0,0
2024,8,TX,Upshur County,1,1,2,1,1
2024,10,NC,Orange County,15,0,0,0,0
2024,12,MO,Gentry County,5,0,0,0,0
2025,1,GA,Stephens County,20,0,0,0,0
2025,3,FL,Baker County,40,0,0,0,0
2025,2,TX,Cooke County,35,0,0,0,0
2025,3,PA,Somerset County,30,0,0,0,0
2024,6,IN,Knox County,10,0,0,0,0
2025,3,KS,Wilson County,30,0,0,0,0
2025,3,KY,Oldham County,20,0,0,0,0
2025,3,OH,Paulding County,20,0,0,0,0
2025,2,OK,Osage County,10,0,0,0,0
2025,3,MN,Clay County,5,0,0,0,0
2025,3,IA,Appanoose County,30,0,0,0,0
2025,2,UT,Utah County,5,0,0,0,0
2025,1,OK,Mayes County,15,0,0,0,0
2025,2,KY,Carlisle County,5,0,0,0,0
2025,2,IN,Greene County,5,0,0,0,0
2024,6,TX,Wilbarger County,10,0,0,0,0
2024,7,LA,Beauregard Parish,5,0,0,0,0
2024,9,MN,Kittson County,80,0,0,0,0
2024,12,MD,Garrett County,5,0,0,0,0
2025,2,MS,Monroe County,20,0,0,0,0
2025,2,MO,Barton County,5,0,0,0,0
2024,8,TX,Crane County,5,0,0,0,0
2025,3,TN,Fentress County,5,0,0,0,0
2025,1,NC,Wilson County,5,0,0,0,0
2025,2,AL,Dale County,30,0,0,0,0
2025,3,KS,Crawford County,15,0,0,0,0
2024,10,KY,Russell County,5,0,0,0,0
2025,2,WA,Franklin County,5,0,0,0,0
2025,3,TX,Navarro County,5,0,0,0,0
2024,6,NE,Lancaster County,2705,0,0,0,0
2024,6,IA,Story County,495,0,0,0,0
2024,6,NC,Randolph County,1213,2,1,2,2
2024,6,MD,Montgomery County,2342,3,1,2,0
2024,6,MS,Yazoo County,240,0,0,0,0
2024,6,VA,Prince William County,4189,1,0,0,0
2024,6,GA,Camden County,1255,1,0,0,0
2024,6,TN,Campbell County,235,0,0,0,0
2024,6,AL,St. Clair County,125,0,2,0,0
2024,6,CA,Napa County,790,0,0,0,0
2024,6,MD,Somerset County,591,0,0,14,2
2024,6,NY,Livingston County,280,0,0,0,0
2024,6,CO,Larimer County,766,2,1,3,2
2024,6,MS,Madison County,2661,1,0,1,0
2024,6,VA,Lynchburg city,1026,0,0,0,0
2024,6,FL,Manatee County,1496,1,3,0,0
2024,6,TX,Erath County,278,0,0,0,0
2024,6,WI,Eau Claire County,1218,2,2,2,1
2024,6,CA,Sonoma County,76,0,0,0,0
2024,6,GA,Houston County,465,0,0,0,0
2024,6,TX,Tyler County,615,0,0,1,0
2024,6,CA,San Mateo County,220,0,0,0,0
2024,6,FL,Hernando County,1870,0,0,0,0
2024,6,MN,Kittson County,150,11,5,4,2
2024,6,VA,Shenandoah County,220,0,0,0,0
2024,6,AL,Chilton County,425,0,0,0,0
2024,6,OH,Geauga County,290,0,0,0,0
2024,6,SD,Pennington County,35,0,0,0,0
2024,6,AR,Clay County,155,0,0,0,0
2024,6,VA,Tazewell County,1240,0,0,0,0
2024,6,FL,Collier County,310,0,5,0,0
2024,6,SC,Marlboro County,305,0,0,0,0
2024,6,IN,Pike County,145,0,0,0,0
2024,7,TN,Stewart County,35,0,0,0,0
2024,7,GA,Houston County,470,1,1,0,0
2024,7,MN,Washington County,451,0,0,0,2
2024,7,MO,Adair County,1165,0,0,0,0
2024,7,TX,Kaufman County,3546,27,12,10,14
2024,7,IL,St. Clair County,647,8,7,7,0
2024,7,OK,Cleveland County,1565,0,0,0,0
2024,7,TN,Anderson County,690,0,0,0,0
2024,7,VA,Stafford County,476,0,0,0,0
2024,7,TX,Lubbock County,1249,0,0,0,0
2024,7,VA,Roanoke city,1123,0,0,0,0
2024,7,SC,Laurens County,970,0,0,0,0
2024,7,TN,Coffee County,760,2,0,1,0
2024,7,VA,Isle of Wight County,385,0,0,0,0
2024,7,WI,Marathon County,341,1,0,0,1
2024,7,LA,Tensas Parish,415,0,0,0,0
2024,7,OH,Vinton County,85,0,0,0,0
2024,8,NC,Rutherford County,1360,0,0,0,3
2024,8,VA,Augusta County,2525,0,0,0,0
2024,8,NM,Doña Ana County,105,0,0,0,0
2024,8,TX,Young County,455,0,0,0,0
2024,8,MD,Queen Anne's County,230,0,0,0,0
2024,8,OR,Lincoln County,490,0,0,0,0
2024,9,WA,Klickitat County,160,0,0,0,0
2024,10,MO,Clay County,1811,0,0,0,0
2024,10,CA,Alameda County,1015,0,0,0,1
2024,10,NV,Clark County,461,0,0,0,0
2024,10,VA,Amherst County,290,0,1,1,0
2024,10,TX,Hale County,10,0,0,0,0
2024,11,AL,Montgomery County,910,0,0,0,0
2024,12,KS,Wyandotte County,1393,0,0,0,0
2024,6,IN,Tippecanoe County,1585,3,3,5,2
2024,6,OK,Oklahoma County,3717,2,2,2,4
2024,6,OH,Montgomery County,3478,3,6,7,0
2024,6,TN,Coffee County,636,5,0,1,0
2024,6,OR,Deschutes County,632,6,5,3,2
2024,7,FL,Pinellas County,2695,0,3,0,0
2024,7,KY,Graves County,160,0,0,0,0
2024,7,WI,Green Lake County,410,0,0,0,0
2024,7,NC,Franklin County,1410,0,0,0,0
2024,7,SC,Horry County,3653,12,16,6,7
2024,7,VA,King George County,590,0,0,0,0
2024,7,WI,Kenosha County,300,0,0,0,0
2024,7,LA,Tangipahoa Parish,70,0,0,0,0
2024,7,NE,Hall County,95,0,0,0,0
2024,7,KS,Jefferson County,180,0,0,0,0
2024,7,AL,Russell County,214,0,0,0,0
2024,7,ND,McKenzie County,130,0,0,0,0
2024,7,GA,Newton County,585,0,0,1,0
2024,7,AZ,Gila County,25,0,0,0,0
2024,7,GA,Carroll County,330,0,2,0,0
2024,7,NM,Lincoln County,70,0,0,0,0
2024,7,MO,Ralls County,70,0,0,0,0
2024,7,VA,King and Queen County,20,0,0,0,0
2024,8,CA,San Diego County,3914,3,2,7,0
2024,8,IL,Cook County,3859,25,6,1,0
2024,8,MI,Wayne County,1092,6,2,2,1
2024,8,TN,Sullivan County,1950,0,0,0,0
2024,8,AR,Garland County,770,1,0,0,0
2024,8,MI,Berrien County,756,0,0,0,1
2024,8,MI,Gratiot County,1344,2,0,2,0
2024,8,NC,Iredell County,817,0,0,1,1
2024,8,OH,Erie County,165,0,0,0,0
2024,8,TX,Tom Green County,505,0,0,0,0
2024,8,OK,Pottawatomie County,325,0,0,0,0
2024,8,MN,Aitkin County,220,0,0,0,0
2024,8,ND,Cass County,437,1,1,0,0
2024,8,OH,Hamilton County,3504,1,0,18,1
2024,8,AL,Russell County,359,1,0,0,0
2024,8,MT,Lewis and Clark County,260,6,4,6,0
2024,8,SC,Marlboro County,275,0,0,0,0
2024,8,TX,Angelina County,155,0,0,0,0
2024,8,VA,Hanover County,1611,1,1,5,4
2024,8,AR,Faulkner County,651,0,0,0,0
2024,8,MD,Baltimore city,225,0,0,0,0
2024,8,MO,Newton County,100,0,0,0,0
2024,8,CA,Butte County,420,0,0,0,0
2024,8,CA,San Benito County,320,0,0,0,0
2024,9,PA,Centre County,1325,16,8,5,1
2024,9,TX,Taylor County,15446,13,12,11,7
2024,9,NC,Catawba County,6256,2,2,1,0
2024,9,SC,Aiken County,6270,94,38,32,14
2024,9,IL,Cook County,3746,25,24,29,21
2024,9,NC,Pasquotank County,145,0,0,0,0
2024,9,TX,Bell County,1626,20,2,12,2
2024,9,VA,Fredericksburg city,390,0,0,0,0
2024,9,TN,Knox County,4160,2,0,1,0
2024,9,NC,Gaston County,1215,0,0,0,1
2024,9,NC,Pender County,909,0,0,0,0
2024,9,WA,Grant County,245,0,0,0,0
2024,9,TN,Loudon County,989,0,0,0,0
2024,9,TX,Wilson County,320,0,0,0,0
2024,10,AZ,Cochise County,580,0,0,0,0
2024,10,KS,Johnson County,16336,11,4,6,6
2024,10,NC,New Hanover County,1484,0,0,0,0
2024,10,TX,Howard County,395,0,0,0,0
2024,10,AR,Faulkner County,480,0,0,0,0
2024,10,GA,Fayette County,815,0,0,0,0
2024,10,OH,Stark County,1376,18,0,0,0
2024,10,GA,Monroe County,290,0,0,0,0
2024,10,KY,Carroll County,130,0,0,0,0
2024,10,KS,Geary County,350,0,0,0,0
2024,11,TN,Davidson County,3807,3,0,2,1
2024,11,TN,Weakley County,1060,0,0,0,0
2024,11,NC,Onslow County,367,1,0,0,0
2024,11,NE,Sherman County,5,0,0,0,0
2024,11,TX,Galveston County,2239,0,0,0,0
2024,11,MN,Mower County,245,0,0,0,0
2024,11,TX,Grayson County,615,3,1,1,1
2024,11,MI,Gratiot County,1200,0,1,0,0
2024,12,FL,Hillsborough County,14576,11,1,6,9
2024,12,FL,Sarasota County,3358,22,5,8,2
2024,12,OR,Marion County,680,0,0,0,0
2024,12,SC,Lexington County,3810,16,13,73,0
2024,12,NC,McDowell County,2270,0,0,0,1
2024,12,TN,Anderson County,580,0,0,0,0
2025,1,AZ,Cochise County,700,0,0,0,0
2025,1,GA,Fulton County,4028,12,11,0,2
2025,1,KS,Osage County,150,0,0,0,0
2025,1,OK,Pottawatomie County,315,0,0,0,0
2025,1,TN,Bradley County,4380,0,0,2,0
2024,7,VA,Salem city,1450,0,0,0,0
2024,7,VA,Greene County,140,0,0,0,0
2024,7,VA,Lynchburg city,1213,0,0,0,0
2024,7,NC,Hoke County,226,1,0,0,0
2024,7,IL,White County,185,3,2,2,3
2024,8,LA,Caddo Parish,1650,0,0,0,0
2024,8,NC,Madison County,205,0,0,0,0
2024,8,TX,Cherokee County,835,1,0,0,0
2024,8,MO,Randolph County,170,0,0,0,0
2024,8,SC,Kershaw County,915,0,0,0,0
2024,8,IA,Washington County,230,0,0,0,0
2024,9,MD,Montgomery County,1825,0,0,0,0
2024,9,VA,Franklin County,13358,11,3,8,0
2024,9,IL,McLean County,730,0,0,0,0
2024,9,NC,Randolph County,1115,0,0,0,0
2024,9,OK,Oklahoma County,3262,0,0,0,0
2024,9,TN,Obion County,660,0,0,0,0
2024,9,AL,Blount County,20,0,0,0,0
2024,9,IL,Will County,3234,19,2,2,0
2024,9,OH,Union County,858,0,0,0,0
2024,9,FL,Jefferson County,125,0,0,0,0
2024,9,NC,Franklin County,1252,2,1,1,1
2024,9,NC,Madison County,160,0,0,0,0
2024,9,IL,McHenry County,1420,1,0,0,0
2024,9,MS,Jackson County,765,0,0,0,0
2024,9,PA,Mifflin County,595,0,0,0,0
2024,9,KY,Kenton County,220,4,0,0,0
2024,10,OR,Jackson County,235,0,0,0,0
2024,10,AL,Calhoun County,1200,0,0,0,0
2024,10,SC,Charleston County,2789,0,0,0,0
2024,10,TN,Hardeman County,620,0,0,0,0
2024,10,TX,Guadalupe County,1866,0,0,0,0
2024,10,IN,Marion County,2314,1,2,2,1
2024,10,PA,Delaware County,70,0,0,0,0
2024,10,FL,Charlotte County,3891,4,0,2,0
2024,10,KY,Pike County,260,0,0,0,0
2024,10,LA,Ascension Parish,340,0,0,2,0
2024,10,NC,Wilkes County,130,0,0,0,0
2024,10,SC,Richland County,2809,41,1,17,5
2024,10,VA,Fairfax County,3262,2,0,0,0
2024,10,SC,Orangeburg County,400,0,0,0,0
2024,10,ND,Burleigh County,667,0,0,0,0
2024,10,NC,Macon County,100,0,0,0,0
2024,11,AK,Anchorage Municipality,2261,3,10,3,0
2024,11,AL,Chilton County,160,0,0,0,0
2024,11,AL,Jefferson County,6080,2,1,2,1
2024,11,OR,Clackamas County,3382,20,38,25,9
2024,11,SC,Lexington County,3647,24,9,12,1
2024,11,CO,Phillips County,65,0,0,0,0
2024,11,IL,Sangamon County,1580,0,0,0,0
2024,11,NJ,Camden County,525,0,0,0,0
2024,11,KY,Webster County,270,0,0,0,0
2024,11,LA,Lincoln Parish,355,0,0,0,0
2024,11,AL,DeKalb County,385,0,0,0,0
2024,11,MS,Rankin County,650,2,0,1,1
2024,11,FL,Gadsden County,285,0,0,0,0
2024,11,NE,Dixon County,120,0,0,0,0
2024,11,LA,Orleans Parish,5,0,0,0,0
2024,11,KY,Grant County,30,0,0,0,0
2024,11,IL,Scott County,205,0,0,0,0
2024,12,FL,Pasco County,5149,67,38,179,7
2024,12,TN,Weakley County,610,0,0,0,0
2024,12,MI,Calhoun County,385,0,0,0,0
2024,12,ND,McKenzie County,105,0,0,0,0
2024,12,GA,Tift County,155,0,0,0,0
2024,12,MT,Lewis and Clark County,220,0,0,0,0
2024,12,MA,Plymouth County,585,0,0,0,0
2025,1,AZ,Pinal County,1076,1,0,0,0
2025,1,FL,Volusia County,4358,13,5,3,0
2025,1,GA,Thomas County,480,0,0,0,0
2025,1,MO,Adair County,1135,0,0,0,0
2024,8,NC,Caldwell County,872,1,1,0,2
2024,9,GA,Henry County,1302,0,0,0,0
2024,10,IL,Morgan County,365,0,0,0,0
2024,11,PA,Cumberland County,1535,0,0,0,1
2024,11,NC,Mecklenburg County,4418,4,7,2,0
2024,11,LA,Franklin Parish,181,0,0,0,0
2024,11,DC,District of Columbia,616,0,0,0,0
2024,12,KY,Hardin County,285,0,0,0,0
2024,12,IL,Lake County,970,3,2,0,0
2024,12,WA,Kittitas County,1086,0,0,1,0
2024,6,NE,Otoe County,240,0,0,0,0
2024,6,TN,Pickett County,120,0,0,0,0
2024,6,GA,Chatham County,175,0,0,0,0
2024,6,MS,Bolivar County,15,0,0,0,0
2024,7,TX,Van Zandt County,17,0,0,0,0
2024,7,NC,Craven County,60,0,0,0,0
2024,7,NC,Pasquotank County,140,0,0,0,0
2024,8,PA,Washington County,410,0,1,0,0
2024,8,KS,Greenwood County,60,0,0,0,0
2024,8,OH,Tuscarawas County,155,0,0,0,0
2024,8,MN,Nicollet County,140,0,0,0,0
2024,8,MI,Eaton County,128,2,1,0,0
2024,9,TX,Howard County,435,0,0,0,0
2024,9,KS,Finney County,214,0,0,0,0
2024,9,GA,Carroll County,275,0,0,0,0
2024,9,VA,Manassas city,350,0,0,0,0
2024,9,VA,Albemarle County,335,0,0,0,0
2024,9,IN,Johnson County,185,0,0,0,0
2024,10,NY,Broome County,135,4,2,5,0
2024,10,WV,Mercer County,225,0,0,2,0
2024,10,KY,Simpson County,415,3,0,0,0
2024,10,WI,Grant County,495,0,0,0,0
2024,10,MD,Baltimore city,215,0,0,0,0
2024,10,NC,Iredell County,815,0,0,0,0
2024,10,TN,Weakley County,690,0,0,0,0
2024,10,IN,Dearborn County,320,0,0,0,0
2024,10,KY,Larue County,195,0,0,0,0
2024,10,NE,Lincoln County,155,0,0,0,0
2024,11,CO,Elbert County,15,0,0,0,0
2024,11,TX,Hunt County,240,0,0,0,0
2024,11,SD,Hughes County,415,0,0,0,0
2024,11,VA,Montgomery County,600,0,0,1,0
2024,11,CA,Shasta County,214,6,1,3,4
2024,11,ID,Payette County,155,0,0,0,0
2024,11,OK,Rogers County,135,0,0,0,0
2024,11,TX,Nueces County,180,0,0,0,0
2024,11,OH,Shelby County,170,1,0,1,0
2024,12,MI,Branch County,180,0,0,0,0
2024,12,AZ,Coconino County,40,0,0,0,0
2024,12,GA,Laurens County,90,0,0,0,0
2024,12,ME,Sagadahoc County,50,0,0,0,0
2025,1,AZ,Pima County,675,1,0,0,0
2025,1,CO,Larimer County,925,0,0,0,0
2024,9,TX,Fisher County,135,0,1,0,0
2024,11,UT,Weber County,150,0,0,0,0
2024,6,WI,Iowa County,10,0,0,0,0
2024,6,IA,Appanoose County,140,0,0,0,0
2024,8,MO,Madison County,20,0,0,0,0
2024,9,KS,Lyon County,110,0,0,0,0
2024,9,WY,Laramie County,70,0,0,0,0
2024,9,TN,Chester County,135,0,0,0,0
2024,9,VA,Southampton County,225,0,0,0,0
2024,9,MI,Muskegon County,156,2,0,1,1
2024,9,IL,Logan County,70,0,0,0,0
2024,10,WI,Brown County,10,0,0,0,0
2024,10,VA,Poquoson city,295,0,0,0,0
2024,10,MO,Pike County,285,0,0,0,0
2024,10,VT,Rutland County,72,5,1,1,0
2024,10,LA,Jackson Parish,155,0,0,0,0
2024,10,NV,Lyon County,5,0,0,0,0
2024,11,GA,Brooks County,230,0,0,0,0
2024,11,PA,Lebanon County,339,2,0,3,0
2024,11,IL,Wayne County,120,0,0,0,0
2024,11,KS,Clay County,130,0,0,0,0
2024,12,FL,Hamilton County,80,0,0,0,0
2024,6,OR,Wasco County,70,0,0,0,0
2024,6,NY,Tompkins County,165,0,0,0,0
2024,7,FL,Wakulla County,110,0,0,0,0
2024,7,TX,Caldwell County,80,0,0,0,0
2024,8,NE,Kearney County,20,0,0,0,0
2024,8,IA,Union County,23,1,0,0,0
2024,9,GA,Gilmer County,70,0,0,0,0
2024,9,IL,Piatt County,105,0,0,0,0
2024,10,AR,Drew County,31,0,0,0,0
2024,10,AR,Miller County,115,0,0,0,0
2024,10,GA,Cook County,115,0,0,0,0
2024,10,TX,Hunt County,220,0,0,0,0
2024,11,VA,Northumberland County,190,0,0,0,0
2024,11,KY,Anderson County,145,0,0,0,0
2024,11,IA,Washington County,170,0,0,0,0
2024,11,NY,Genesee County,25,0,0,0,0
2024,12,KY,Knox County,45,0,0,0,0
2025,1,MD,Montgomery County,1812,10,2,6,0
2025,1,TN,Monroe County,685,0,0,0,0
2025,1,VA,Hanover County,1250,2,0,0,0
2025,1,NE,Lancaster County,2060,4,8,0,1
2025,1,OH,Guernsey County,120,0,0,0,0
2025,1,AR,Baxter County,965,0,0,0,0
2025,1,AR,Saline County,1005,4,4,3,4
2025,1,TN,Hawkins County,295,0,0,0,0
2025,1,TN,Pickett County,140,0,0,0,0
2024,6,MN,Meeker County,35,0,0,0,0
2024,9,CT,New Haven County,407,0,0,0,0
2024,10,IN,Jefferson County,10,0,0,0,0
2024,11,ME,Kennebec County,110,0,0,0,0
2024,11,AL,Covington County,40,0,0,0,0
2024,12,GA,Hart County,25,0,0,0,0
2024,12,FL,Walton County,225,0,0,0,0
2025,1,OH,Lake County,1100,0,0,0,0
2025,1,VA,Amelia County,405,0,0,0,0
2025,1,FL,Nassau County,360,0,0,0,0
2025,1,IL,Cumberland County,60,1,1,1,0
2025,1,KS,Riley County,322,13,1,6,1
2025,1,PA,Berks County,730,0,0,0,0
2024,9,IA,Winnebago County,15,0,0,0,0
2024,10,IA,Winnebago County,55,0,0,0,0
2024,10,MS,Bolivar County,10,0,0,0,0
2024,11,VA,Greene County,105,0,0,0,0
2024,11,VT,Addison County,40,0,0,0,0
2024,10,IA,Buchanan County,65,0,0,0,0
2024,10,OH,Clinton County,90,0,0,0,0
2024,11,NJ,Salem County,15,0,0,0,0
2025,1,WI,Marathon County,195,0,0,0,0
2025,1,GA,Lowndes County,511,0,0,0,0
2025,1,VA,Waynesboro city,445,0,0,0,0
2025,1,MI,Newaygo County,210,0,0,0,0
2024,7,OK,Carter County,20,0,0,0,0
2024,8,WA,Clallam County,110,0,0,0,0
2024,10,IL,Clinton County,90,0,0,0,0
2024,6,ND,Stark County,10,0,0,0,0
2024,6,PA,Northumberland County,25,0,0,0,0
2024,8,KY,Taylor County,75,1,0,0,0
2024,10,NE,Kearney County,20,0,0,0,0
2024,11,OK,Texas County,5,0,0,0,0
2024,6,IN,Shelby County,5,0,0,0,0
2024,7,NJ,Sussex County,5,0,0,0,0
2024,8,IL,Pope County,10,0,0,0,0
2024,10,MI,St. Clair County,40,0,0,0,0
2024,8,IA,Monona County,10,0,0,0,0
2024,10,NM,San Miguel County,25,0,0,0,0
2024,12,TX,Kimble County,10,0,0,0,0
2024,7,SC,Williamsburg County,20,0,0,0,0
2024,12,OH,Harrison County,5,0,0,0,0
2024,7,VT,Rutland County,5,0,0,0,0
2024,9,VA,Essex County,25,0,0,0,0
2024,12,MS,Monroe County,25,0,0,0,0
2024,11,NC,Moore County,15,0,0,0,0
2024,9,KY,Meade County,20,0,0,0,0
2024,11,KS,Harvey County,50,0,0,0,0
2024,11,NE,Adams County,10,0,0,0,0
2025,1,LA,Ascension Parish,335,0,0,0,0
2025,1,IA,Lyon County,101,0,0,0,0
2025,1,SC,Colleton County,150,0,0,0,0
2025,2,AL,Shelby County,3310,6,0,2,0
2025,2,CO,Weld County,1766,6,2,1,6
2025,2,MN,Anoka County,3063,1,0,2,0
2025,2,MS,Hinds County,1120,0,0,0,0
2025,2,NM,Bernalillo County,5079,0,0,0,0
2025,2,TX,Scurry County,1289,10,8,5,11
2025,2,VA,Frederick County,494,0,0,0,0
2025,2,CT,New London County,195,0,0,0,0
2025,2,LA,Rapides Parish,2477,1,0,0,2
2025,2,MN,Hennepin County,3830,7,5,4,5
2025,2,PA,Montgomery County,2537,0,0,0,0
2025,2,VA,Rockingham County,610,2,0,0,0
2025,2,FL,Martin County,621,2,0,0,0
2025,2,GA,Barrow County,332,0,0,0,0
2025,2,IL,St. Clair County,772,8,5,0,0
2025,2,KY,Nelson County,1805,2,1,0,0
2025,2,MI,Roscommon County,270,0,0,0,0
2025,2,NC,Buncombe County,719,5,0,0,0
2025,2,NC,Union County,1055,2,0,1,0
2025,2,TN,Franklin County,60,0,0,0,0
2025,2,TX,Nueces County,185,0,0,0,0
2025,2,VA,Salem city,1607,6,0,5,0
2025,2,ME,York County,310,0,0,0,0
2025,2,VA,Patrick County,165,0,0,0,0
2025,2,MI,Branch County,215,0,0,0,0
2025,2,IL,McLean County,700,0,6,8,0
2025,2,WA,Grant County,275,0,0,0,0
2025,2,MN,Mower County,215,0,0,0,0
2025,2,NC,Forsyth County,1035,0,0,0,0
2025,2,WI,Iron County,140,0,0,0,0
2025,2,IL,Piatt County,125,0,0,0,0
2025,2,SC,Marlboro County,280,0,0,0,0
2025,2,OH,Coshocton County,130,0,0,0,0
2025,3,CO,Denver County,162,0,0,0,0
2025,3,WA,King County,1033,0,0,0,0
2025,3,SC,Beaufort County,125,0,0,0,0
2025,3,AL,Lee County,445,0,0,0,0
2025,3,AL,Pike County,50,0,0,0,0
2025,3,AR,Pulaski County,594,0,0,1,0
2025,3,FL,Volusia County,899,0,0,0,0
2025,3,GA,Jackson County,120,0,0,0,0
2025,3,NE,Lancaster County,355,0,0,0,0
2025,3,OH,Marion County,517,0,0,0,0
2025,3,OK,Osage County,54,0,0,0,0
2025,2,IA,Linn County,250,0,0,0,0
2025,2,VA,Westmoreland County,405,0,0,0,0
2025,3,CA,Ventura County,160,0,0,0,0
2024,6,KY,Caldwell County,5,0,0,0,0
2024,6,MO,Pemiscot County,1,0,0,0,0
2024,8,VA,Brunswick County,10,0,0,0,0
2024,8,MO,Lawrence County,5,0,0,0,0
2024,12,SC,Williamsburg County,15,0,0,0,0
2024,12,NE,Kearney County,5,0,0,0,0
2025,1,PA,Butler County,120,0,0,0,0
2025,1,CA,Tulare County,160,0,0,0,0
2025,1,WA,Kitsap County,105,0,0,0,0
2025,2,FL,Wakulla County,75,0,0,0,0
2025,2,NM,Doña Ana County,250,0,0,0,0
2025,2,VA,Buckingham County,10,0,0,0,0
2025,3,FL,Hardee County,50,0,0,0,0
2025,3,FL,Osceola County,220,0,0,3,0
2025,3,IL,Macoupin County,295,0,0,0,0
2025,3,IN,Madison County,115,0,0,0,0
2025,3,MI,Gladwin County,45,0,0,0,0
2025,3,MN,Crow Wing County,145,0,0,0,0
2025,3,OH,Portage County,380,0,0,0,0
2025,3,MO,Madison County,60,0,0,0,0
2025,3,TX,DeWitt County,28,0,0,0,0
2025,3,MO,Pulaski County,35,0,0,0,0
2025,3,AZ,Cochise County,170,0,0,0,0
2025,3,IN,Porter County,75,0,0,0,0
2025,3,NC,Guilford County,380,0,0,0,0
2025,3,TN,Dickson County,60,0,0,0,0
2025,3,CO,Phillips County,15,0,0,0,0
2025,3,MO,Shelby County,40,0,0,0,0
2025,3,PA,Fayette County,110,0,0,0,0
2025,3,SC,Union County,130,0,0,0,0
2025,3,IA,Warren County,55,0,0,0,0
2025,1,MO,Newton County,30,0,0,0,0
2025,1,NY,Allegany County,0,1,0,0,0
2025,2,KY,Menifee County,150,0,0,0,0
2025,3,NJ,Hudson County,82,2,0,0,2
2024,7,KY,Meade County,30,0,0,0,0
2024,10,CO,Montrose County,10,0,0,0,0
2024,12,IA,Monona County,5,0,0,0,0
2025,1,CA,Lassen County,7,0,0,0,0
2025,2,MN,Cass County,204,2,0,0,1
2025,3,MI,Muskegon County,25,0,0,0,0
2025,3,WI,Chippewa County,30,0,0,0,0
2025,3,NJ,Passaic County,30,0,0,0,0
2025,3,PA,Lebanon County,80,0,0,0,0
2025,1,IL,Crawford County,30,0,0,0,0
2025,2,NJ,Union County,130,0,0,0,0
2025,3,KY,Livingston County,15,0,0,0,0
2025,1,OH,Ross County,10,0,0,0,0
2025,3,MS,Franklin County,5,0,0,0,0
2024,9,NM,Curry County,5,0,0,0,0
2024,10,TN,Campbell County,10,0,0,0,0
2025,1,VA,Petersburg city,15,0,0,0,0
2025,2,SC,Allendale County,25,0,0,0,0
2025,3,GA,Dade County,5,0,0,0,0
2025,3,NY,Tompkins County,40,0,0,0,0
2025,3,TX,Ward County,30,0,0,0,0
2025,2,NJ,Salem County,20,0,0,0,0
2025,3,KS,Miami County,40,0,0,0,0
2025,3,PA,Indiana County,5,0,0,0,0
2025,1,VA,Buckingham County,20,0,0,0,0
2024,8,AR,Logan County,5,0,0,0,0
2024,9,NC,Dare County,5,0,0,0,0
2024,11,MO,Gentry County,5,0,0,0,0
2025,2,VA,Norton city,10,0,0,0,0
2024,6,FL,Madison County,5,0,0,0,0
2024,7,KS,Atchison County,6,0,0,0,0
2024,10,KY,Taylor County,20,0,0,0,0
2025,1,VA,Brunswick County,5,0,0,0,0
2024,6,NE,Gosper County,25,0,0,0,0
2024,10,MS,Franklin County,1,0,0,0,0
2024,12,AL,Covington County,5,0,0,0,0
2025,1,KS,Jefferson County,10,0,0,0,0
2024,12,WV,Monongalia County,5,0,0,0,0
2025,2,NC,Wilson County,5,0,0,0,0
2025,2,GA,Morgan County,15,0,0,0,0
2025,1,IL,Coles County,4,0,0,0,0
2025,2,KS,Pawnee County,55,0,0,0,0
2024,11,IA,Pocahontas County,10,0,0,0,0
2024,9,GA,Oconee County,13,0,0,0,0
2024,6,SC,Barnwell County,5,0,0,0,0
2024,7,AL,Talladega County,5,0,0,0,0
2025,3,VA,Surry County,10,0,0,0,0
2024,6,IL,Madison County,787,0,2,5,0
2024,6,WA,Snohomish County,1395,0,0,0,0
2024,6,CA,Contra Costa County,110,0,0,0,1
2024,6,VA,Orange County,95,0,0,0,0
2024,6,TX,Kendall County,240,0,0,0,0
2024,6,IN,Hancock County,910,0,0,0,0
2024,6,IL,Macoupin County,1585,0,0,0,0
2024,6,NE,Douglas County,2106,9,1,1,0
2024,6,NC,Lenoir County,25,0,0,0,0
2024,6,ND,Ward County,445,16,14,13,24
2024,6,TX,Orange County,1510,11,0,1,4
2024,6,WA,Cowlitz County,680,0,0,0,0
2024,6,FL,Hamilton County,115,0,0,0,0
2024,6,MN,Cass County,505,0,2,1,0
2024,6,MO,Texas County,150,0,0,0,0
2024,6,OR,Multnomah County,703,5,1,2,2
2024,6,MO,St. Louis city,584,0,0,0,0
2024,6,PA,Somerset County,300,0,0,0,0
2024,6,IN,Whitley County,155,0,0,0,0
2024,6,VA,Waynesboro city,325,6,0,2,0
2024,6,WA,Thurston County,397,0,0,0,0
2024,6,GA,Muscogee County,725,0,0,1,0
2024,6,MO,Moniteau County,250,0,0,0,0
2024,7,AL,Jefferson County,7883,0,0,0,1
2024,7,CA,San Joaquin County,366,2,0,0,0
2024,7,FL,Hardee County,210,0,0,0,0
2024,7,MI,Van Buren County,615,0,0,0,0
2024,7,NC,Wilkes County,435,0,0,0,0
2024,7,TN,Sevier County,1160,1,0,0,0
2024,7,IN,Morgan County,525,13,7,8,2
2024,7,LA,Vernon Parish,605,0,0,0,0
2024,7,MN,Carver County,975,0,0,0,0
2024,7,NM,San Miguel County,130,0,0,0,2
2024,7,CO,Mesa County,640,0,0,0,0
2024,7,AL,Baldwin County,666,0,0,0,0
2024,7,MT,Stillwater County,83,0,0,0,0
2024,7,NY,Lewis County,15,0,0,0,0
2024,7,TX,Castro County,1210,0,0,0,0
2024,7,TX,Coryell County,770,0,0,0,0
2024,7,WI,Racine County,140,0,0,0,0
2024,8,TX,Navarro County,190,0,0,0,0
2024,8,FL,Lake County,2760,0,0,0,0
2024,8,OH,Richland County,445,0,0,0,0
2024,8,SD,Davison County,450,1,2,0,0
2024,8,VA,Spotsylvania County,3645,0,0,0,0
2024,8,GA,Lumpkin County,110,0,0,0,0
2024,8,TX,Harrison County,901,0,0,0,0
2024,8,KS,Seward County,160,0,0,0,0
2024,9,TX,Fort Bend County,4865,4,1,1,1
2024,9,WI,Eau Claire County,775,0,0,0,0
2024,8,WV,Hancock County,212,0,0,0,0
2024,9,NY,Herkimer County,110,0,0,0,0
2024,9,MI,Jackson County,921,0,0,0,0
2024,10,GA,Fulton County,3795,0,0,0,0
2024,10,VA,Prince George County,860,0,0,0,0
2024,10,SD,Davison County,360,0,0,0,0
2024,10,OH,Paulding County,113,0,0,0,0
2024,10,PA,Warren County,260,0,0,0,0
2024,10,TN,Hardin County,305,0,0,0,0
2024,11,CO,Pueblo County,705,0,0,0,0
2024,11,LA,Sabine Parish,892,0,0,0,0
2024,12,FL,Duval County,6126,10,3,4,3
2024,12,IL,Kankakee County,119,1,0,0,1
2024,6,MN,Anoka County,2818,4,5,2,2
2024,6,IN,Lake County,1269,6,0,1,0
2024,6,OR,Klamath County,220,0,0,0,0
2024,6,TX,Bee County,20,0,0,0,0
2024,6,TX,Wise County,366,0,0,0,0
2024,6,NC,Harnett County,315,0,0,0,0
2024,7,IN,Tippecanoe County,1654,0,0,0,2
2024,7,MN,Dakota County,1446,9,3,8,5
2024,7,TX,Palo Pinto County,170,0,0,0,0
2024,7,TX,Austin County,120,0,0,0,0
2024,7,TN,Carroll County,520,0,0,0,0
2024,7,MI,Montcalm County,375,0,0,0,0
2024,7,WA,Grant County,290,0,0,0,0
2024,7,TX,El Paso County,300,0,0,0,0
2024,7,TX,Victoria County,95,0,0,0,0
2024,8,TX,Denton County,4903,1,6,2,0
2024,8,OH,Stark County,1517,0,0,0,0
2024,8,MD,Frederick County,2288,0,0,0,0
2024,8,NC,Nash County,2271,0,0,0,0
2024,8,WI,Eau Claire County,948,0,0,0,0
2024,8,OH,Greene County,1715,0,0,0,0
2024,8,WA,Kittitas County,1350,0,0,0,0
2024,9,GA,Habersham County,130,0,0,0,0
2024,9,KY,McCracken County,1760,12,0,0,2
2024,9,TX,Guadalupe County,1716,0,0,0,0
2024,9,MO,St. Charles County,5526,23,10,11,11
2024,9,TN,Bedford County,1241,1,0,0,0
2024,9,MO,Adair County,915,0,0,0,0
2024,9,IN,Hendricks County,1968,0,0,0,0
2024,9,KS,Linn County,325,0,0,0,0
2024,8,VA,Amelia County,358,0,5,0,0
2024,9,OK,McClain County,588,0,0,0,0
2024,9,TX,Comal County,860,0,0,0,0
2024,9,NJ,Burlington County,360,1,0,0,0
2024,9,MS,Jones County,105,0,0,0,0
2024,9,MO,Lafayette County,370,0,0,0,0
2024,9,GA,Talbot County,45,0,0,0,0
2024,10,SC,Berkeley County,1455,0,0,0,0
2024,10,WA,Benton County,265,0,0,0,0
2024,10,LA,Rapides Parish,2470,0,0,0,0
2024,10,MI,Jackson County,965,0,0,0,0
2024,10,TX,Gregg County,423,3,1,3,3
2024,10,AL,Chambers County,35,0,0,0,0
2024,10,MN,Nicollet County,125,0,0,0,0
2024,10,MO,Gentry County,55,0,0,0,0
2024,10,IA,Woodbury County,635,0,0,0,0
2024,10,NC,Currituck County,70,0,0,0,0
2024,10,IN,Harrison County,145,0,0,0,0
2024,10,SC,Greenwood County,30,0,0,0,0
2024,11,FL,Okaloosa County,908,2,3,0,3
2024,11,GA,Liberty County,160,0,0,0,0
2024,11,IL,DuPage County,1184,1,2,0,0
2024,11,LA,Caddo Parish,1495,0,0,0,0
2024,11,MA,Bristol County,1457,31,7,16,25
2024,11,NC,Durham County,1021,1,0,0,0
2024,11,NC,Nash County,2109,0,0,0,0
2024,11,VA,Frederick County,468,0,0,0,0
2024,11,WA,Snohomish County,1398,0,0,0,0
2024,11,KS,Leavenworth County,1075,0,0,0,0
2024,11,VA,Newport News city,1095,0,0,0,0
2024,11,SC,Anderson County,355,0,0,0,0
2024,11,MA,Norfolk County,355,0,0,0,0
2024,11,LA,West Feliciana Parish,345,0,0,0,0
2024,12,IL,Cook County,3422,14,9,11,8
2024,12,GA,Fayette County,720,0,0,0,0
2024,12,TN,Shelby County,8183,6,0,2,0
2024,12,LA,Ascension Parish,340,0,0,0,0
2024,12,SC,Lancaster County,740,0,0,0,0
2024,12,IA,Cedar County,355,2,0,2,0
2024,12,NC,Pender County,925,0,0,0,0
2024,12,MI,Isabella County,160,0,0,0,0
2024,12,VA,Caroline County,190,0,0,1,0
2025,1,MI,Ottawa County,5148,4,0,9,0
2025,1,TX,Dallas County,7315,14,9,8,9
2025,1,WA,King County,5847,0,0,0,1
2025,1,WI,Milwaukee County,284,0,0,0,0
2025,1,MN,Cass County,196,0,0,0,0
2025,1,IN,Bartholomew County,809,0,0,0,0
2025,1,MI,Calhoun County,485,0,0,0,0
2025,1,KY,Owen County,10,0,0,0,0
2025,1,GA,Cook County,115,0,0,0,0
2025,2,FL,Seminole County,12718,10,6,10,6
2025,2,KY,Pike County,265,0,0,0,0
2025,2,LA,Bossier Parish,1830,0,0,0,0
2025,2,IA,Sioux County,755,0,0,0,0
2025,2,OH,Allen County,390,0,0,0,0
2025,2,TN,Warren County,345,0,0,0,0
2025,2,OH,Fulton County,315,0,0,0,0
2025,2,KY,Mercer County,335,0,0,0,0
2025,2,TN,Hamblen County,335,0,0,0,0
2024,7,ND,Cass County,450,0,0,0,0
2024,7,WA,Cowlitz County,700,1,0,0,0
2024,7,CO,Jefferson County,150,1,1,0,0
2024,8,AR,Desha County,53,1,0,0,0
2024,8,OK,Le Flore County,85,0,0,0,0
2024,8,SC,Anderson County,703,0,0,0,0
2024,8,IN,Marion County,2346,2,1,2,2
2024,9,MO,Jefferson County,930,0,0,0,0
2024,9,NY,Schenectady County,155,0,0,0,0
2024,9,MA,Norfolk County,628,17,0,0,0
2024,9,GA,Muscogee County,1237,1,1,1,1
2024,9,PA,Clinton County,270,0,0,0,0
2024,9,MI,Charlevoix County,215,0,0,0,0
2024,9,CA,Kings County,426,1,3,0,1
2024,10,FL,Orange County,9098,2,0,2,0
2024,10,TX,Coryell County,701,0,0,0,0
2024,10,IL,Madison County,775,1,3,6,0
2024,10,TX,Scurry County,767,11,6,5,0
2024,10,PA,Lackawanna County,405,0,0,0,0
2024,10,MI,Branch County,190,0,0,0,0
2024,10,TX,Panola County,220,1,0,0,0
2024,11,FL,Pinellas County,2220,0,0,0,0
2024,11,NJ,Burlington County,441,0,0,0,0
2024,11,PA,Chester County,1330,1,0,0,0
2024,11,PA,Dauphin County,1453,0,0,0,0
2024,11,TN,Bradley County,4100,1,0,1,0
2024,11,TN,Knox County,3812,0,1,0,0
2024,11,NY,Jefferson County,1772,0,0,0,0
2024,11,MS,Tippah County,175,0,0,0,0
2024,11,WI,Kenosha County,215,0,0,0,0
2024,11,OH,Tuscarawas County,983,3,5,5,2
2024,11,NE,Cass County,30,0,0,0,0
2024,11,IN,Wabash County,407,10,0,2,0
2024,12,IN,Elkhart County,2229,1,0,0,0
2024,12,TN,Obion County,490,0,0,0,0
2024,12,CO,Jefferson County,141,2,0,0,0
2024,12,IN,Gibson County,470,0,0,0,0
2024,12,KS,Johnson County,16488,39,28,22,13
2024,12,MD,Harford County,1945,0,0,0,0
2024,12,NC,Transylvania County,445,0,0,0,0
2024,12,OK,Kay County,1224,1,0,0,0
2024,12,FL,Broward County,1146,0,0,0,0
2024,12,MO,Barton County,10,0,0,0,0
2024,12,CT,Fairfield County,730,0,0,0,0
2024,12,MA,Bristol County,1341,24,9,14,18
2024,12,IL,Tazewell County,281,5,2,2,2
2024,12,MS,Calhoun County,10,0,0,0,0
2024,12,NV,Clark County,415,2,0,2,2
2024,12,GA,Thomas County,480,0,0,0,0
2025,1,FL,Seminole County,15476,31,3,7,4
2025,1,OK,Pittsburg County,1262,1,2,3,0
2025,1,CA,Los Angeles County,3813,8,18,19,4
2025,1,OH,Delaware County,1299,3,0,17,0
2025,1,PA,Chester County,811,0,0,0,0
2025,1,IN,Whitley County,145,0,0,0,0
2025,1,KY,Henderson County,615,0,0,0,0
2025,1,FL,Sumter County,1490,0,0,0,1
2025,1,IA,Dallas County,120,0,0,0,0
2025,1,SC,Union County,968,0,0,0,0
2025,1,KS,Douglas County,346,0,0,0,0
2025,1,IA,Washington County,195,0,0,0,0
2025,1,LA,Catahoula Parish,170,0,0,0,0
2025,1,MN,Rice County,220,0,0,0,0
2025,1,NY,Yates County,145,0,0,0,0
2025,1,TN,Hardin County,305,0,0,0,0
2025,1,VA,New Kent County,400,0,0,0,0
2025,1,NC,Granville County,330,0,0,0,0
2025,1,MO,Greene County,1952,6,2,4,2
2025,1,KY,Franklin County,395,0,0,0,0
2025,2,KY,Jefferson County,3244,11,3,14,5
2025,2,SC,Aiken County,7154,5,1,3,1
2025,2,TX,Chambers County,440,0,0,0,0
2025,2,MO,Laclede County,15,0,0,0,0
2025,2,TN,Greene County,509,0,0,0,0
2025,2,OH,Butler County,1665,0,0,0,0
2025,2,NC,Hertford County,270,0,0,0,0
2025,1,CA,Shasta County,110,0,0,0,0
2025,2,MN,Scott County,879,6,6,2,2
2025,2,VA,Roanoke County,3101,0,0,0,0
2025,2,IN,Harrison County,145,0,0,0,0
2025,2,NC,Davidson County,646,0,0,0,0
2025,2,GA,Pierce County,75,0,0,0,0
2025,2,CO,Otero County,70,0,0,0,0
2024,6,MI,Shiawassee County,5,0,0,0,0
2024,6,OH,Ottawa County,70,0,0,0,0
2024,6,GA,Brooks County,255,0,0,0,0
2024,6,WV,Barbour County,95,0,0,0,0
2024,7,CA,Monterey County,115,0,0,0,0
2024,7,GA,Richmond County,50,0,0,0,0
2024,7,OH,Lawrence County,370,1,0,0,1
2024,7,OK,Delaware County,60,0,0,0,0
2024,7,TX,Lee County,93,0,0,0,0
2024,7,PA,Lebanon County,395,0,0,0,0
2024,8,NH,Grafton County,55,0,0,0,0
2024,8,OH,Allen County,361,0,0,0,0
2024,8,LA,Webster Parish,300,0,0,0,0
2024,8,TX,Erath County,165,0,0,0,0
2024,8,PA,Lackawanna County,391,3,0,0,0
2024,8,MI,Livingston County,275,0,0,0,0
2024,8,CA,Tulare County,315,0,0,0,0
2024,8,LA,Franklin Parish,210,0,0,0,0
2024,8,TX,Shelby County,195,0,0,0,0
2024,10,TX,Robertson County,150,0,0,0,0
2024,10,MD,Dorchester County,155,0,0,0,0
2024,11,TN,Stewart County,20,0,0,0,0
2024,11,TX,Hidalgo County,25,0,0,0,0
2024,11,MN,Stearns County,105,0,0,0,0
2024,11,OK,Kingfisher County,15,0,0,0,0
2024,11,TX,Kendall County,170,0,0,0,0
2024,11,TN,Cocke County,215,0,0,0,0
2024,11,GA,Bacon County,5,0,0,0,0
2024,11,KY,Mason County,15,0,0,0,0
2024,12,SC,Darlington County,90,0,0,0,0
2024,12,KS,Barton County,150,0,0,0,0
2024,12,NE,Dixon County,95,0,0,0,0
2025,1,MN,Chisago County,84,2,1,2,1
2025,1,TX,Waller County,74,0,0,0,0
2025,1,TX,Randall County,215,0,0,0,0
2025,2,FL,Bay County,145,0,0,0,0
2025,2,MI,Grand Traverse County,35,0,0,0,0
2025,2,OH,Licking County,417,0,0,0,0
2025,2,MO,Howard County,45,0,0,0,0
2025,2,IA,Marshall County,115,0,0,0,0
2025,2,TN,Marshall County,515,0,0,0,0
2025,2,LA,De Soto Parish,175,0,0,0,0
2025,3,OK,Pittsburg County,244,0,0,0,0
2025,3,MI,Ionia County,30,0,0,0,0
2025,3,NC,Rutherford County,245,0,0,0,0
2025,3,AZ,Pima County,105,0,0,0,0
2025,3,MD,Prince George's County,266,0,0,0,0
2025,3,MN,Stearns County,222,0,0,0,0
2025,3,OH,Ashland County,100,0,0,0,0
2024,8,OH,Wood County,175,1,0,1,0
2025,1,OH,Defiance County,170,0,0,0,0
2025,1,AK,Matanuska-Susitna Borough,80,0,0,0,0
2025,2,VA,Northumberland County,240,0,0,0,0
2025,2,GA,Effingham County,85,0,0,0,0
2024,6,ID,Latah County,97,2,0,1,0
2024,7,KS,Ottawa County,35,0,0,0,0
2024,8,MI,Gogebic County,375,0,0,0,0
2024,8,KS,Lyon County,126,0,0,1,0
2024,8,OH,Brown County,35,0,0,0,0
2024,8,OH,Knox County,290,0,0,0,0
2024,8,ND,Grant County,12,0,0,0,0
2024,9,VA,Cumberland County,40,0,0,0,0
2024,9,NC,Watauga County,35,0,0,0,0
2024,9,OK,Rogers County,296,4,0,0,0
2024,9,OR,Wasco County,70,1,0,0,0
2024,9,FL,DeSoto County,80,0,0,0,0
2024,10,MI,Wexford County,215,0,0,0,0
2024,10,KS,Osage County,170,0,0,0,0
2024,10,OH,Wayne County,50,1,1,1,1
2024,11,MS,Bolivar County,10,0,0,0,0
2024,11,OH,Fayette County,20,0,0,0,0
2024,11,MN,St. Louis County,195,0,0,0,0
2024,11,MI,Gogebic County,325,0,0,0,0
2024,12,IL,Wayne County,120,0,0,0,0
2025,1,LA,Grant Parish,65,0,0,0,0
2025,2,SC,Union County,851,0,0,0,0
2025,2,IN,Marshall County,20,0,0,0,0
2024,6,MO,Audrain County,25,0,0,0,0
2024,7,GA,Grady County,90,0,0,0,0
2024,9,CO,Jefferson County,170,0,0,0,0
2024,9,NY,Fulton County,25,0,0,0,0
2024,10,IA,Dallas County,40,0,0,0,0
2024,11,IN,Monroe County,60,0,0,0,0
2024,11,SD,Pennington County,46,0,0,0,0
2024,12,TX,Nueces County,190,0,0,0,0
2025,1,IN,Ripley County,5,0,0,0,0
2025,2,CA,Yuba County,130,0,0,0,0
2025,2,IA,Bremer County,5,0,0,0,0
2025,3,FL,Sumter County,325,0,0,0,0
2025,3,IA,Woodbury County,100,0,0,0,0
2025,3,MN,Scott County,175,0,0,0,0
2025,3,MS,Lee County,45,0,0,0,0
2024,6,TX,Fisher County,90,0,0,0,0
2024,7,KS,Wilson County,145,0,0,0,0
2024,7,IL,Monroe County,95,0,0,0,0
2024,8,NC,Watauga County,25,0,0,0,0
2024,9,LA,Lafayette Parish,55,0,0,0,0
2024,9,OK,Osage County,120,0,0,0,0
2024,9,IA,Madison County,25,0,0,0,0
2024,10,TX,Rockwall County,110,0,0,0,0
2024,10,MN,Lyon County,82,0,0,0,0
2024,11,NY,Chenango County,140,0,0,0,0
2024,11,NC,Watauga County,45,0,0,0,0
2024,11,CO,Kit Carson County,60,0,0,0,0
2024,12,KY,Webster County,235,0,0,0,0
2024,12,PA,Lackawanna County,315,0,0,0,0
2024,12,PA,Northampton County,121,1,0,0,0
2025,1,WV,Lewis County,15,0,0,0,0
2025,1,KS,Rice County,5,0,0,0,0
2024,7,NE,Phelps County,5,0,0,0,0
2024,8,AZ,Coconino County,55,0,0,0,0
2025,2,MI,Cheboygan County,40,0,0,0,0
2025,2,CO,Broomfield County,51,0,1,0,0
2025,3,AZ,Yavapai County,105,0,0,0,0
2024,6,TX,Cooke County,15,0,0,0,0
2024,7,AZ,Coconino County,35,0,0,0,0
2024,7,NC,Camden County,95,0,0,0,0
2024,8,PA,Northumberland County,40,0,0,0,0
2024,9,MA,Hampden County,5,0,0,0,0
2024,9,OK,Logan County,30,0,0,0,0
2024,10,WV,Raleigh County,15,0,0,0,0
2024,11,MO,Iron County,5,0,0,0,0
2024,12,NC,Orange County,17,1,1,1,0
2024,12,TX,Waller County,45,0,0,0,0
2025,1,NE,Burt County,40,0,0,0,0
2025,1,IA,Marion County,117,3,2,2,1
2024,6,MS,Perry County,85,0,0,0,0
2024,6,NC,Ashe County,25,0,0,0,0
2024,7,IL,Jackson County,10,0,0,0,0
2024,8,SC,Williamsburg County,15,0,0,0,0
2024,10,GA,Haralson County,15,0,0,0,0
2024,11,KS,Brown County,25,0,0,0,0
2024,12,IA,Madison County,45,0,0,0,0
2025,1,KY,Bourbon County,20,0,0,0,0
2025,1,SD,Brown County,62,0,0,0,0
2025,2,ME,Kennebec County,100,0,0,0,0
2025,2,NY,Oswego County,0,1,0,0,0
2024,6,OH,Wayne County,45,18,15,14,0
2024,9,TX,Grimes County,10,0,0,0,0
2024,10,WI,Fond du Lac County,15,0,0,0,0
2024,11,MN,Steele County,100,0,0,0,0
2024,12,OK,Marshall County,45,0,0,0,0
2025,2,AR,Arkansas County,53,0,0,0,0
2024,6,SC,Edgefield County,5,0,0,0,0
2024,7,GA,Talbot County,15,0,0,0,0
2024,8,PA,Clarion County,25,1,0,0,0
2024,8,MN,Martin County,36,0,0,0,1
2024,8,NJ,Middlesex County,10,0,0,0,0
2024,6,NV,White Pine County,20,0,0,0,0
2024,6,KY,Harlan County,25,0,0,0,0
2024,11,NC,Lenoir County,15,0,0,0,0
2025,2,CA,Inyo County,15,0,0,0,0
2025,3,NE,Antelope County,62,0,0,0,0
2025,3,FL,Brevard County,400,0,0,0,0
2025,3,MS,Rankin County,150,0,0,0,0
2025,3,NC,Harnett County,117,0,0,0,0
2025,3,PA,Lancaster County,215,0,0,0,0
2025,3,LA,Allen Parish,30,0,0,0,0
2025,3,NC,Durham County,190,0,0,0,0
2025,3,VA,Gloucester County,60,0,0,0,0
2025,3,TN,Marshall County,120,0,0,0,0
2025,3,GA,Elbert County,35,0,0,0,0
2025,3,IL,Morgan County,70,0,0,0,0
2025,3,NJ,Camden County,120,0,0,0,0
2025,3,NC,Alexander County,35,0,0,0,0
2025,3,VA,Amelia County,75,0,0,0,0
2025,3,NE,Garden County,25,0,0,0,0
2025,3,TN,Gibson County,351,0,0,0,0
2025,3,OH,Washington County,25,0,0,0,0
2025,2,GA,Madison County,20,0,0,0,0
2024,6,MN,Pine County,10,0,0,0,0
2024,8,OH,Huron County,21,0,0,0,0
2024,9,PA,Pike County,35,0,0,0,0
2025,3,VA,Fairfax city,30,0,0,0,0
2025,3,KS,Geary County,75,0,0,0,0
2024,9,PA,Susquehanna County,15,0,0,0,0
2024,11,AL,Dale County,10,0,0,0,0
2025,2,AR,Drew County,5,0,0,0,0
2024,10,IL,Kendall County,5,0,0,0,0
2024,11,FL,Calhoun County,15,0,0,0,0
2025,2,TX,Moore County,25,0,0,0,0
2024,10,GA,Richmond County,5,0,0,0,0
2025,2,MA,Hampden County,25,1,1,5,0
2024,6,OK,Beckham County,5,0,0,0,0
2024,7,NE,Saunders County,25,0,0,0,0
2024,9,PA,Snyder County,5,0,0,0,0
2024,10,NC,Wayne County,35,0,0,0,0
2025,3,CA,San Benito County,25,0,0,0,0
2024,9,OR,Columbia County,10,0,0,0,0
2025,1,TX,Van Zandt County,5,0,0,0,0
2025,1,PA,Susquehanna County,10,0,0,0,0
2025,3,MN,Goodhue County,25,0,0,0,0
2025,3,VA,Richmond County,11,0,1,0,0
2025,3,FL,Taylor County,5,0,0,0,0
2025,3,NY,Saratoga County,15,0,0,0,0
2025,3,IL,Fulton County,30,0,0,0,0
2024,10,IA,Jones County,0,1,0,0,0
2024,8,ID,Gem County,15,0,0,0,0
2024,11,TN,Bledsoe County,15,0,0,0,0
2025,1,NY,Rensselaer County,5,0,0,0,0
2025,3,TX,Martin County,25,0,0,0,0
2025,3,UT,Uintah County,5,0,0,0,0
2025,3,CO,Morgan County,5,0,0,0,0
2025,3,OH,Shelby County,50,0,0,0,0
2025,3,AK,Matanuska-Susitna Borough,5,0,0,0,0
2024,11,KY,Meade County,15,0,0,0,0
2024,11,IL,Menard County,5,0,0,0,0
2025,1,NY,Madison County,5,0,0,0,0
2025,2,IN,Pulaski County,5,0,0,0,0
2025,2,NV,Storey County,10,0,0,0,0
2025,2,TX,Ector County,6,0,0,0,0
2024,7,MN,Pipestone County,5,0,0,0,0
2024,6,MO,Dunklin County,5,0,0,0,0
2024,8,NE,Burt County,5,0,0,0,0
2024,6,KS,McPherson County,240,0,0,0,0
2024,6,IN,Marion County,2146,4,1,1,0
2024,6,PA,Fayette County,750,0,0,0,0
2024,6,TN,Overton County,450,0,0,0,0
2024,6,VA,Bedford County,2223,7,0,0,0
2024,6,MI,Oakland County,891,6,13,1,2
2024,6,IL,Cook County,4426,2,0,1,4
2024,6,IN,Gibson County,585,0,0,0,0
2024,6,NC,Edgecombe County,380,0,0,0,0
2024,6,FL,Lee County,6139,14,0,5,5
2024,6,VA,Chesapeake city,2440,0,0,0,0
2024,6,NC,Beaufort County,135,0,0,0,0
2024,6,NC,Craven County,60,0,0,0,0
2024,6,TN,Monroe County,1070,0,0,0,0
2024,6,VA,Montgomery County,885,2,1,1,1
2024,6,AZ,Cochise County,820,1,1,1,2
2024,6,CO,Otero County,505,0,0,0,0
2024,6,PA,Erie County,10,0,0,0,0
2024,6,KY,Jessamine County,341,0,0,0,0
2024,6,OK,Marshall County,220,0,0,0,0
2024,6,GA,Lowndes County,620,0,0,0,0
2024,6,NY,Orange County,240,0,0,0,0
2024,6,NC,Mitchell County,110,0,0,0,0
2024,6,NE,Sarpy County,180,0,0,0,0
2024,6,LA,Jackson Parish,155,0,0,0,0
2024,7,WA,Pierce County,2198,5,2,1,0
2024,7,IN,Whitley County,145,0,0,0,0
2024,7,MI,Genesee County,1112,4,0,0,0
2024,7,TX,Harris County,12207,16,20,26,2
2024,7,NY,Erie County,1500,0,0,0,0
2024,7,TN,Sullivan County,2029,0,0,0,0
2024,7,VA,Westmoreland County,430,0,0,0,0
2024,7,CA,Stanislaus County,3438,2,0,1,0
2024,7,TN,Shelby County,9320,8,3,4,0
2024,7,IL,DuPage County,1374,3,3,5,6
2024,7,HI,Honolulu County,1613,0,0,0,0
2024,7,TN,Hardeman County,640,0,0,0,0
2024,7,VT,Bennington County,315,0,0,0,0
2024,7,VA,Norfolk city,466,0,0,0,0
2024,7,PA,Delaware County,85,0,0,0,0
2024,7,WI,Fond du Lac County,5,0,0,0,0
2024,7,MI,Ingham County,490,0,0,0,0
2024,7,KY,Henderson County,585,0,0,0,0
2024,8,FL,Charlotte County,4461,1,1,1,0
2024,8,MD,Wicomico County,540,0,0,0,0
2024,8,OH,Marion County,2571,0,0,4,0
2024,8,WI,Milwaukee County,405,0,0,0,0
2024,8,KS,Sumner County,25,0,0,0,0
2024,8,AL,DeKalb County,377,0,0,0,0
2024,8,SC,Dorchester County,720,0,0,0,0
2024,8,KY,Boone County,885,1,0,0,0
2024,9,CT,Tolland County,120,0,0,0,0
2024,9,LA,Webster Parish,280,0,0,0,0
2024,9,IL,Boone County,5,0,1,0,0
2024,10,TX,Bell County,1443,0,0,2,0
2024,10,PA,Franklin County,660,21,6,9,4
2024,11,IL,Winnebago County,2557,119,57,74,0
2024,11,FL,Charlotte County,4057,0,2,1,0
2024,12,VA,Salem city,1901,3,0,20,0
2024,12,VA,Westmoreland County,425,0,0,0,0
2025,1,MI,Wayne County,907,2,0,32,2
2024,6,NE,Buffalo County,270,0,0,0,0
2024,6,SC,Anderson County,937,0,0,0,0
2024,6,VA,Fredericksburg city,440,0,0,0,0
2024,7,KY,Nelson County,1490,6,1,4,0
2024,7,TN,Putnam County,1646,1,1,1,1
2024,7,GA,Bartow County,1825,0,0,0,0
2024,7,SC,Cherokee County,1535,0,0,0,0
2024,7,NH,Strafford County,220,0,0,0,0
2024,7,CA,San Diego County,4255,3,1,1,0
2024,7,TX,Martin County,150,0,0,0,0
2024,7,MO,Pike County,270,0,0,0,0
2024,7,IL,Jersey County,65,0,0,0,0
2024,7,MD,Anne Arundel County,687,5,5,7,0
2024,7,IN,Randolph County,210,0,0,0,0
2024,7,MI,Gladwin County,375,0,0,0,0
2024,7,MI,Wexford County,225,0,0,0,0
2024,7,NC,Cleveland County,1005,1,0,2,0
2024,7,TX,Hill County,327,0,0,0,0
2024,7,KS,Linn County,375,0,0,0,0
2024,7,NY,Herkimer County,125,0,0,0,0
2024,7,VA,Lunenburg County,60,0,0,0,0
2024,7,GA,Elbert County,155,0,0,0,0
2024,8,CA,Stanislaus County,3270,1,0,0,0
2024,8,OR,Clackamas County,3768,34,21,11,6
2024,8,TX,Galveston County,3053,1,9,14,3
2024,8,TX,Williamson County,16641,89,35,47,12
2024,8,GA,Bartow County,1940,2,3,5,2
2024,8,MD,Somerset County,620,0,0,4,5
2024,8,MO,Christian County,1367,0,0,0,0
2024,8,PA,Adams County,505,0,0,0,0
2024,8,TN,Rutherford County,4750,1,0,0,0
2024,8,TX,Hunt County,325,0,0,0,0
2024,8,TX,Wood County,285,0,0,0,0
2024,8,ID,Kootenai County,420,0,0,0,0
2024,8,IL,Whiteside County,1025,0,0,0,0
2024,8,KY,Shelby County,828,0,0,0,0
2024,8,TX,Kerr County,1460,2,0,0,0
2024,8,IL,Montgomery County,205,0,0,0,0
2024,8,MS,Marshall County,295,0,0,0,0
2024,8,OK,Creek County,212,0,0,0,0
2024,8,IL,Peoria County,110,0,0,0,0
2024,9,TX,Denton County,4430,7,23,6,6
2024,9,IN,Lake County,1062,0,0,0,0
2024,9,TN,Rutherford County,4665,7,2,8,0
2024,9,MN,Carver County,820,9,6,6,8
2024,9,TX,Gonzales County,551,0,0,0,0
2024,10,MT,Park County,25,0,0,0,0
2024,10,TN,Madison County,1978,2,0,0,0
2024,10,MS,Alcorn County,156,0,0,0,0
2024,10,MO,Harrison County,165,0,0,0,0
2024,10,VA,Hanover County,1264,3,0,1,3
2024,10,PA,Pike County,225,0,0,0,0
2024,10,OH,Belmont County,175,0,0,0,0
2024,11,NH,Strafford County,130,0,0,0,0
2024,11,SC,Aiken County,6000,0,1,0,0
2024,11,TN,Warren County,335,0,0,0,0
2024,11,NC,Forsyth County,1122,0,0,0,0
2024,11,AR,Union County,145,0,0,1,0
2024,11,PA,Bradford County,415,0,0,0,0
2024,11,AL,Calhoun County,1195,0,0,0,0
2024,11,MI,Cheboygan County,25,0,0,0,0
2024,11,SC,Marion County,160,0,0,0,0
2024,12,OH,Franklin County,899,22,4,16,0
2024,12,AR,Sebastian County,575,0,0,0,0
2024,12,GA,Talbot County,30,0,0,0,0
2024,12,OR,Jackson County,250,0,0,0,0
2024,12,NC,Cleveland County,772,0,0,0,0
2024,12,TN,McMinn County,1150,0,0,0,0
2024,12,IL,Lee County,370,0,0,0,0
2024,12,IN,Marshall County,66,0,0,0,0
2024,12,TX,Brazoria County,545,0,0,0,0
2024,12,GA,Murray County,245,0,0,0,0
2024,11,SC,Beaufort County,545,0,0,0,0
2024,12,MO,Pettis County,155,0,0,0,0
2024,12,NC,Alexander County,203,0,0,0,0
2024,12,TX,Hays County,571,0,0,0,0
2024,12,MD,St. Mary's County,230,0,0,0,0
2024,12,NY,Orange County,255,0,0,0,0
2025,1,NC,Catawba County,7270,4,4,2,4
2025,1,TN,Shelby County,8510,8,0,2,0
2025,1,VA,Roanoke city,825,0,0,1,0
2025,1,AL,Morgan County,355,0,0,0,0
2025,1,SC,Bamberg County,250,0,0,0,0
2025,1,MN,Stearns County,295,0,0,0,0
2025,1,GA,Colquitt County,215,0,0,0,0
2025,1,WI,Iowa County,45,0,0,0,0
2025,1,IL,St. Clair County,981,1,1,1,0
2024,7,LA,Natchitoches Parish,200,0,0,0,0
2024,7,GA,DeKalb County,2225,3,0,1,0
2024,7,NJ,Union County,195,0,0,0,0
2024,8,SC,Florence County,526,0,0,0,1
2024,8,TX,Tarrant County,19086,71,74,77,67
2024,8,WA,King County,6431,46,67,48,28
2024,8,ID,Ada County,565,0,0,0,0
2024,8,NC,Mecklenburg County,5105,17,5,10,0
2024,8,VA,Norfolk city,480,0,0,0,0
2024,8,IL,Rock Island County,545,0,0,0,0
2024,8,KY,Fayette County,1499,0,0,0,0
2024,8,TX,Austin County,110,0,0,0,0
2024,8,VA,Grayson County,275,0,0,0,0
2024,8,IL,Crawford County,155,0,0,0,0
2024,9,OH,Portage County,1900,0,0,0,0
2024,9,OK,Comanche County,395,0,0,0,0
2024,9,VA,Spotsylvania County,2746,7,2,2,6
2024,9,AR,Baxter County,810,0,0,0,0
2024,9,DE,Sussex County,459,0,0,0,0
2024,9,MI,Gratiot County,1716,0,0,2,0
2024,9,VA,Caroline County,281,0,0,0,0
2024,9,MO,Cole County,475,0,0,0,0
2024,9,NC,Edgecombe County,265,0,0,0,0
2024,9,IN,Wabash County,372,3,0,0,0
2024,9,GA,Oglethorpe County,110,0,0,0,0
2024,10,TX,Taylor County,15383,43,13,30,3
2024,10,TX,Chambers County,450,0,0,0,0
2024,10,TX,Leon County,120,0,0,0,0
2024,10,TX,Denton County,3958,10,6,7,9
2024,10,VA,Augusta County,2520,0,0,0,0
2024,10,KY,Calloway County,256,0,0,0,0
2024,10,TX,Johnson County,1635,0,0,0,0
2024,10,KY,Grant County,55,0,0,0,0
2024,10,MN,Scott County,1003,17,6,16,11
2024,11,GA,Gwinnett County,6399,17,7,3,4
2024,11,NE,Lincoln County,140,0,0,0,0
2024,11,IN,Gibson County,465,0,0,0,0
2024,11,OH,Lucas County,1170,2,0,0,1
2024,11,OH,Montgomery County,2746,2,2,2,0
2024,11,TN,Carter County,170,0,0,0,0
2024,11,KY,Mercer County,350,0,0,0,0
2024,10,IL,DuPage County,1504,3,1,1,1
2024,11,OK,Wagoner County,661,0,0,0,0
2024,11,UT,Cache County,405,0,0,0,0
2024,11,MS,Jones County,140,0,0,0,0
2024,11,MN,Todd County,80,0,0,0,0
2024,12,GA,Harris County,814,0,0,0,0
2024,12,IN,Tippecanoe County,1430,0,0,0,0
2024,12,TN,Williamson County,5154,0,0,1,0
2024,12,MO,Perry County,115,0,0,0,0
2024,12,NE,Lancaster County,2211,4,4,0,0
2024,12,VA,Augusta County,2280,0,0,0,0
2024,12,VA,Prince George County,840,0,0,0,0
2024,12,GA,Cook County,120,0,0,0,0
2024,12,OH,Ross County,37,0,0,0,0
2024,12,CO,Arapahoe County,326,0,0,0,0
2024,12,KY,Boyd County,160,1,0,0,0
2025,1,AR,Benton County,2236,0,0,0,2
2025,1,CA,Orange County,1909,1,0,0,0
2025,1,MS,Hinds County,1335,0,0,0,0
2025,1,OH,Licking County,395,0,0,0,0
2025,1,OK,Tulsa County,3763,2,2,2,1
2025,1,TX,Harrison County,815,0,0,0,0
2025,1,VA,Poquoson city,520,0,0,0,0
2025,1,MA,Norfolk County,366,0,0,0,0
2025,1,OK,Washington County,2863,3,0,2,2
2025,1,KY,Hopkins County,235,0,0,0,0
2025,1,MS,Lee County,340,0,0,0,0
2025,1,VA,Prince Edward County,580,0,0,0,0
2025,1,VA,Hampton city,798,0,15,0,0
2025,1,MD,Baltimore city,345,2,0,0,1
2025,1,OK,Muskogee County,70,0,0,0,0
2024,8,NC,Halifax County,135,0,0,0,0
2024,9,TX,Anderson County,335,0,0,0,0
2024,9,TN,Anderson County,580,0,0,0,0
2024,11,AL,Madison County,4228,216,84,99,19
2024,10,MS,Yazoo County,220,0,0,0,0
2024,11,IL,Ford County,195,0,0,0,0
2024,11,GA,Fayette County,735,0,0,0,0
2024,11,VA,Fairfax city,140,0,0,0,0
2024,12,SC,Kershaw County,873,0,0,0,0
2024,12,MI,Wayne County,736,0,0,0,0
2025,1,MN,Ramsey County,2175,2,2,5,2
2025,1,SC,York County,2012,1,0,0,0
2025,1,TX,Potter County,270,0,0,0,0
2025,1,MN,Hubbard County,175,0,0,0,0
2025,1,FL,Columbia County,325,0,0,0,0
2024,12,IN,Jackson County,150,0,0,0,0
2024,6,AL,Limestone County,230,1,1,1,1
2024,6,GA,Carroll County,320,0,0,0,0
2024,6,OH,Morrow County,285,0,0,0,0
2024,6,MS,Franklin County,35,0,0,0,0
2024,6,GA,Richmond County,100,0,0,0,0
2024,7,ID,Payette County,155,0,0,0,0
2024,7,GA,Brooks County,265,0,0,0,0
2024,7,IN,LaPorte County,321,0,0,0,0
2024,7,MN,Mower County,165,0,0,0,0
2024,7,MS,Calhoun County,110,0,0,0,0
2024,7,AR,Clay County,145,0,0,0,0
2024,7,SC,Bamberg County,170,0,0,0,0
2024,8,NY,Schenectady County,185,0,0,0,0
2024,9,SD,Day County,140,0,0,0,0
2024,9,CT,Windham County,55,0,0,0,0
2024,10,NC,Alamance County,1502,3,2,1,1
2024,10,SD,Day County,160,0,0,0,0
2024,10,MD,Talbot County,235,0,0,0,0
2024,10,LA,West Feliciana Parish,395,0,0,0,0
2024,10,IA,Marshall County,305,0,0,0,0
2024,10,AR,Poinsett County,90,0,0,0,0
2024,10,IL,Peoria County,116,0,0,0,0
2024,10,ME,Cumberland County,270,0,0,0,0
2024,10,MN,Martin County,106,3,4,2,0
2024,10,MI,Bay County,145,0,0,0,0
2024,10,VA,Clarke County,150,0,5,0,0
2024,10,TN,Pickett County,105,0,0,0,0
2024,10,PA,Washington County,410,0,0,0,0
2024,10,SD,Lincoln County,110,0,0,0,0
2024,11,TX,Donley County,21,0,0,0,0
2024,11,MA,Plymouth County,360,0,0,0,0
2024,11,KS,Jackson County,475,0,0,0,0
2024,11,FL,Levy County,170,0,0,0,0
2024,12,GA,Oconee County,45,0,0,0,0
2024,12,GA,Elbert County,130,0,0,0,0
2024,12,LA,Jackson Parish,160,0,0,0,0
2024,12,MN,Murray County,140,0,0,0,0
2024,12,LA,West Baton Rouge Parish,40,0,0,0,0
2024,12,TN,Polk County,285,0,0,0,0
2024,12,VA,Bristol city,430,0,0,0,0
2024,12,KY,Marshall County,740,0,0,0,0
2024,12,PA,Delaware County,65,0,0,0,0
2025,1,NC,Henderson County,355,7,14,15,6
2025,1,NH,Coos County,325,0,0,0,0
2024,6,MN,Goodhue County,150,0,0,0,0
2024,8,KY,Logan County,250,0,0,0,0
2024,8,MI,Grand Traverse County,65,0,0,0,0
2024,8,KY,Webster County,235,0,0,0,0
2024,9,OK,Greer County,140,0,0,0,0
2024,8,TX,Jim Wells County,10,0,0,0,0
2024,9,GA,Whitfield County,65,0,0,0,0
2024,9,MS,Tippah County,160,0,0,0,0
2024,9,NE,Sarpy County,115,4,10,14,0
2024,9,MS,Warren County,15,0,0,0,0
2024,9,VA,Buckingham County,15,0,0,0,0
2024,10,GA,Irwin County,285,0,0,0,0
2024,10,KY,Meade County,35,0,0,0,0
2024,10,NY,Ontario County,145,0,0,0,0
2024,10,OH,Crawford County,265,0,0,0,0
2024,11,AL,Cherokee County,65,1,0,0,0
2024,11,KY,Scott County,50,0,0,0,0
2024,11,GA,Effingham County,90,0,0,0,0
2024,11,WI,Oneida County,60,0,0,0,0
2024,11,NE,Dawson County,135,0,0,0,0
2024,11,NC,Hertford County,380,0,0,0,0
2024,11,NY,Richmond County,40,0,0,0,0
2024,12,MN,Steele County,90,0,0,0,0
2024,12,KS,Jefferson County,30,0,0,0,0
2024,12,LA,St. Martin Parish,65,0,0,0,0
2025,1,PA,Carbon County,120,0,0,0,0
2024,6,VA,Lunenburg County,70,0,0,0,0
2024,6,WI,Fond du Lac County,32,0,0,0,0
2024,7,AL,Cherokee County,20,0,0,0,0
2024,7,FL,Jefferson County,140,0,0,0,0
2024,8,NE,Hall County,85,0,0,0,0
2024,8,TN,Bledsoe County,20,0,0,0,0
2024,8,IA,Muscatine County,45,0,0,0,0
2024,10,PA,Mercer County,285,0,0,0,0
2024,10,TX,Falls County,155,0,0,0,0
2024,10,GA,Laurens County,105,0,0,0,0
2024,11,GA,Richmond County,15,0,0,0,0
2025,1,VA,Nelson County,325,0,0,0,0
2025,1,OK,Logan County,65,0,0,0,0
2024,7,MS,Yalobusha County,5,0,0,0,0
2024,10,LA,Calcasieu Parish,185,0,0,0,0
2024,10,NY,Herkimer County,80,0,0,0,0
2025,1,FL,Franklin County,5,0,0,0,0
2025,1,AR,Sharp County,145,0,0,0,0
2025,1,NE,Merrick County,45,0,0,0,0
2025,2,IL,Rock Island County,430,0,0,0,0
2025,2,WA,Clallam County,1070,0,0,0,0
2025,2,MI,Bay County,1247,9,2,6,6
2025,2,TX,Collin County,7640,25,12,12,10
2024,7,WV,Jefferson County,85,2,0,0,0
2024,7,MN,Blue Earth County,65,0,0,0,0
2024,10,SC,Newberry County,185,0,0,0,0
2024,10,MI,Clinton County,10,0,0,0,0
2024,7,MN,Mille Lacs County,35,0,0,0,0
2024,9,TX,Val Verde County,5,0,0,0,0
2024,10,CA,Sonoma County,20,0,0,0,0
2024,10,OH,Holmes County,45,1,0,0,0
2024,10,TX,Kimble County,10,0,0,0,0
2024,11,MD,Garrett County,20,0,0,0,0
2024,11,VA,Buena Vista city,20,0,0,0,0
2024,11,AZ,Yuma County,55,0,0,0,0
2024,12,WA,Grays Harbor County,25,0,0,0,0
2024,6,TX,Falls County,145,0,0,0,0
2024,8,WI,Oneida County,15,0,0,0,0
2024,10,TX,Titus County,20,0,0,0,0
2024,10,VT,Addison County,55,0,0,0,0
2024,11,NJ,Union County,140,0,0,0,0
2024,11,CO,Garfield County,45,0,0,0,0
2024,6,IN,White County,5,0,0,0,0
2024,10,AR,Crawford County,5,0,0,0,0
2024,12,WV,Putnam County,25,0,0,0,0
2025,1,IL,White County,15,0,0,0,0
2024,8,PA,Lawrence County,5,0,0,0,0
2024,10,NM,Lincoln County,60,0,0,0,0
2024,6,WA,Clallam County,20,0,0,0,0
2024,7,WV,Putnam County,5,0,0,0,0
2024,9,AR,Madison County,25,1,0,2,1
2024,12,LA,Orleans Parish,10,0,0,0,0
2024,7,MS,Webster County,2,2,0,1,0
2024,9,NC,Ashe County,22,2,0,0,0
2024,9,KY,Fulton County,5,0,0,0,0
2024,10,IL,Menard County,45,0,0,0,0
2024,10,CO,Teller County,5,1,0,0,1
2024,12,IN,Perry County,10,0,0,0,0
2025,1,MS,Warren County,20,0,0,0,0
2024,8,MI,Barry County,40,0,0,0,0
2024,9,IN,Pulaski County,0,1,1,1,0
2025,1,VA,Arlington County,40,0,0,0,0
2025,2,AK,Juneau City and Borough,110,0,0,0,0
2025,2,GA,Lowndes County,435,0,0,0,0
2025,2,NC,Scotland County,1338,0,0,0,0
2025,2,TN,Putnam County,1450,1,0,0,0
2025,2,SC,Lexington County,3067,0,0,0,0
2025,2,VA,Fairfax County,3273,0,3,0,0
2025,2,VA,York County,3141,61,0,15,0
2025,2,FL,Escambia County,435,0,0,0,0
2025,2,MD,Wicomico County,280,0,0,0,0
2025,2,MO,Pulaski County,105,0,0,0,0
2025,2,NE,Lancaster County,1801,0,0,0,0
2025,2,TX,Tom Green County,506,0,0,0,0
2025,2,UT,Salt Lake County,878,11,8,1,4
2025,2,IL,Jefferson County,21,0,0,0,0
2025,2,MT,Missoula County,165,0,0,0,0
2025,2,OH,Richland County,260,0,0,0,0
2025,2,WV,Mercer County,195,2,1,3,0
2025,2,WI,Outagamie County,730,2,3,0,0
2025,2,FL,Miami-Dade County,655,2,3,2,2
2025,2,IN,Jackson County,135,0,0,0,0
2025,2,MT,Yellowstone County,530,2,0,1,1
2025,2,FL,Levy County,165,0,0,0,0
2025,2,KY,Calloway County,190,0,0,0,0
2025,2,KY,Hopkins County,255,0,0,0,0
2025,2,MS,Copiah County,85,0,0,0,0
2025,2,NM,Chaves County,305,0,0,0,0
2025,2,SC,Beaufort County,605,0,0,0,0
2025,2,VA,Goochland County,495,0,0,0,0
2025,2,WA,Cowlitz County,782,0,0,0,0
2025,2,SC,Colleton County,135,0,0,0,0
2025,3,FL,Miami-Dade County,115,0,0,0,0
2025,3,AL,Elmore County,485,0,0,0,0
2025,3,GA,Cobb County,575,0,0,0,0
2025,3,GA,Henry County,215,0,0,0,0
2025,3,MD,Baltimore city,65,0,0,0,0
2025,3,NJ,Ocean County,495,0,0,0,0
2025,3,SC,York County,365,0,0,0,0
2025,3,TX,Grayson County,60,0,0,0,0
2025,3,VA,Prince William County,550,0,3,0,0
2025,3,KY,Campbell County,65,0,0,0,0
2025,3,TN,Hardeman County,90,0,0,0,0
2025,3,AL,Marshall County,346,0,0,0,0
2025,3,IL,McHenry County,188,2,2,1,1
2025,3,KS,McPherson County,30,0,0,0,0
2025,3,MA,Plymouth County,70,0,0,0,0
2025,3,TN,Hardin County,55,0,0,0,0
2025,3,TN,Wayne County,10,0,0,0,0
2025,3,GA,Lowndes County,105,0,0,0,0
2025,2,MN,Benton County,671,24,0,0,0
2025,3,VT,Windsor County,5,0,0,0,0
2025,3,OH,Lawrence County,65,0,0,0,0
2024,8,UT,Davis County,10,0,0,0,0
2024,9,IA,Muscatine County,45,0,0,0,0
2024,10,WI,Oconto County,6,3,0,0,3
2024,11,VA,Henry County,10,0,0,0,0
2024,12,TX,Hood County,2,0,0,0,0
2024,12,GA,Lumpkin County,5,0,0,0,0
2024,12,CO,Delta County,15,0,0,0,0
2025,1,NJ,Cape May County,25,0,0,0,0
2025,2,VA,Powhatan County,450,0,0,0,0
2025,2,NY,Bronx County,185,0,0,0,0
2025,2,MS,Alcorn County,146,0,0,0,0
2025,2,ND,Burleigh County,310,0,0,0,0
2025,3,CO,Pueblo County,160,0,0,0,0
2025,3,MN,Blue Earth County,25,0,0,0,0
2025,3,NY,Oneida County,90,0,0,0,0
2025,3,IN,Dearborn County,50,0,0,0,0
2025,3,GA,Ben Hill County,30,0,0,0,0
2025,3,IL,Lake County,105,0,0,0,0
2025,3,UT,Cache County,80,0,0,0,0
2025,3,VA,Culpeper County,44,0,0,0,0
2025,2,MO,Buchanan County,85,0,0,0,0
2025,2,WI,Kenosha County,120,0,0,0,0
2025,3,VA,Nelson County,65,0,0,0,0
2025,3,AK,Juneau City and Borough,20,0,0,0,0
2024,10,WI,Douglas County,5,0,0,0,0
2025,3,IN,Hamilton County,130,0,0,0,0
2025,3,CO,Kit Carson County,15,0,0,0,0
2024,8,KS,Thomas County,5,0,0,0,0
2024,11,IL,Coles County,10,0,0,0,0
2024,8,WI,La Crosse County,5,0,0,0,0
2024,10,VA,Petersburg city,20,0,0,0,0
2025,2,AR,White County,20,0,0,0,0
2025,2,KS,Neosho County,5,0,0,0,0
2025,3,NJ,Union County,35,0,0,0,0
2024,9,MO,Wayne County,5,0,0,0,0
2025,1,GA,Appling County,5,0,0,0,0
2025,3,WA,Klickitat County,50,0,0,0,0
2025,3,NM,Socorro County,15,0,0,0,0
2025,3,IL,Stephenson County,60,0,0,0,0
2025,3,MO,Buchanan County,15,0,0,0,0
2025,3,MO,Callaway County,20,0,0,0,0
2025,3,TX,Franklin County,5,0,0,0,0
2024,12,NE,Cass County,5,0,0,0,0
2024,7,NY,Suffolk County,10,0,0,0,0
2024,7,TX,Val Verde County,5,0,0,0,0
2024,10,MO,New Madrid County,5,0,0,0,0
2025,2,CA,Tehama County,15,0,0,0,0
2024,10,VA,Norton city,10,0,0,0,0
2024,12,CA,Amador County,6,2,0,0,0
2025,2,NC,Ashe County,15,0,0,0,0
2025,1,WY,Lincoln County,5,0,0,0,0
2024,8,OR,Union County,5,0,0,0,0
2025,3,AL,Lauderdale County,30,0,0,0,0
2024,7,WA,Stevens County,0,0,0,0,1
2024,9,PA,Erie County,5,0,0,0,0
2024,9,NC,Lee County,5,0,0,1,0
2025,1,TX,San Patricio County,10,0,0,0,0
2025,3,CA,Solano County,10,0,0,0,0
2024,8,VT,Orange County,1,0,0,0,2
2025,3,AL,Chambers County,5,0,0,0,0
2024,6,IN,Kosciusko County,2406,0,0,0,0
2024,6,MN,Todd County,70,0,0,0,0
2024,6,CA,San Benito County,445,0,0,0,0
2024,6,CA,San Luis Obispo County,976,2,0,1,0
2024,6,VA,Virginia Beach city,6255,8,7,5,2
2024,6,FL,Highlands County,719,0,0,0,0
2024,6,GA,Clarke County,60,0,0,0,0
2024,6,GA,Bartow County,1781,15,4,5,1
2024,6,AR,Lonoke County,1355,0,0,0,0
2024,6,KY,Campbell County,620,0,0,0,0
2024,6,KY,Woodford County,570,0,0,0,0
2024,6,MI,Barry County,55,0,0,0,0
2024,6,MI,Mecosta County,100,0,0,0,0
2024,6,MS,Prentiss County,336,0,0,0,0
2024,6,GA,Thomas County,450,0,0,0,0
2024,6,TN,Polk County,310,0,0,0,0
2024,6,AR,Faulkner County,710,0,0,0,0
2024,6,GA,Gordon County,565,0,0,0,0
2024,6,MD,Charles County,969,0,0,0,0
2024,6,OH,Wyandot County,295,0,0,0,0
2024,6,TN,McMinn County,1120,0,0,0,0
2024,6,GA,Cherokee County,2347,5,6,5,4
2024,6,MD,Washington County,379,4,0,0,0
2024,6,NY,Rockland County,145,0,0,0,0
2024,6,TN,Benton County,395,0,0,0,0
2024,6,MO,Harrison County,140,0,0,0,0
2024,6,NH,Merrimack County,455,0,0,0,0
2024,6,PA,Franklin County,642,0,0,0,0
2024,6,CO,Adams County,66,15,0,13,0
2024,6,MS,Pike County,200,0,0,0,0
2024,6,VA,Harrisonburg city,310,0,0,0,0
2024,6,MI,Berrien County,753,0,0,0,0
2024,6,MN,Blue Earth County,55,0,0,0,1
2024,7,WA,Thurston County,485,8,11,6,5
2024,7,GA,Floyd County,4375,0,0,0,0
2024,7,WI,Chippewa County,95,0,0,0,0
2024,7,MO,St. Francois County,280,0,0,0,0
2024,7,NC,Johnston County,620,0,0,0,0
2024,7,TN,Gibson County,2375,0,0,0,0
2024,7,KY,Hancock County,200,0,0,0,0
2024,7,OK,Pottawatomie County,335,0,0,0,0
2024,7,ND,Ward County,350,0,0,0,0
2024,7,TX,Robertson County,140,0,0,0,0
2024,7,NE,Frontier County,5,0,0,0,0
2024,7,LA,De Soto Parish,190,0,0,0,0
2024,7,AR,Arkansas County,40,0,0,0,0
2024,7,IA,Jasper County,30,0,0,0,0
2024,8,VA,Wythe County,90,0,0,0,0
2024,8,FL,Broward County,2119,0,0,0,0
2024,8,OH,Crawford County,300,0,0,0,0
2024,8,TX,Parker County,400,0,0,0,0
2024,9,MI,Berrien County,710,0,0,0,0
2024,9,OH,Trumbull County,1710,0,0,0,0
2024,9,TN,Sumner County,5040,0,0,1,0
2024,9,VA,Newport News city,1210,0,0,0,0
2024,9,IL,Fulton County,195,0,0,0,0
2024,11,CA,San Benito County,285,0,0,0,0
2024,11,NC,Alamance County,1761,6,5,3,1
2024,11,MN,Dakota County,1394,13,10,50,2
2024,11,GA,Barrow County,380,0,0,0,0
2024,6,GA,Newton County,516,28,48,39,3
2024,6,ID,Ada County,725,0,0,0,0
2024,6,OH,Portage County,2284,0,2,2,0
2024,6,PA,Bucks County,188,0,0,0,0
2024,6,VA,Nelson County,335,0,0,0,0
2024,6,GA,Grady County,70,0,0,0,0
2024,6,IN,Franklin County,250,0,0,0,0
2024,6,OH,Ashtabula County,645,0,0,0,0
2024,6,MI,Grand Traverse County,75,0,0,0,0
2024,6,NY,Tioga County,315,0,0,0,0
2024,6,SC,Colleton County,160,0,0,0,0
2024,6,MS,Marion County,460,0,0,0,0
2024,7,SC,Lexington County,4842,12,13,8,1
2024,7,SC,Charleston County,2915,0,0,0,0
2024,7,GA,Forsyth County,1633,10,8,0,1
2024,7,PA,York County,985,2,0,0,0
2024,7,VA,York County,3752,13,4,4,0
2024,7,MS,Choctaw County,55,0,0,0,0
2024,7,MS,Scott County,155,0,0,0,0
2024,7,SC,Orangeburg County,425,0,0,0,0
2024,7,FL,Nassau County,345,0,0,0,0
2024,7,OH,Mercer County,310,0,0,0,0
2024,7,TN,Claiborne County,1220,0,0,0,0
2024,7,SD,Davison County,405,0,0,0,0
2024,7,KY,Bullitt County,575,0,0,0,0
2024,7,KY,Hart County,270,0,0,0,0
2024,7,SC,Fairfield County,345,0,0,0,0
2024,7,GA,Muscogee County,1070,4,0,0,0
2024,7,IN,Harrison County,160,0,0,0,0
2024,7,MN,Chisago County,70,4,0,0,0
2024,8,NC,Pitt County,821,1,0,0,0
2024,8,PA,Lehigh County,231,0,0,0,0
2024,8,GA,Lee County,635,0,0,0,0
2024,8,GA,Murray County,255,0,0,0,0
2024,8,MS,Lee County,340,0,0,0,0
2024,8,NC,Johnston County,643,0,0,0,0
2024,8,OK,Carter County,25,0,0,0,0
2024,8,WI,Waukesha County,728,2,5,2,1
2024,8,OH,Fairfield County,620,0,0,0,0
2024,8,LA,De Soto Parish,185,0,0,0,0
2024,8,IL,Tazewell County,336,1,2,1,1
2024,9,IN,Henry County,350,0,0,0,0
2024,9,LA,East Baton Rouge Parish,155,0,0,0,0
2024,9,TN,White County,512,3,2,2,0
2024,9,TX,Atascosa County,50,0,0,0,0
2024,9,TX,Bee County,70,0,0,0,0
2024,9,GA,Walker County,390,0,0,0,0
2024,9,TN,Coffee County,645,3,0,0,0
2024,9,NC,Robeson County,410,0,0,0,0
2024,9,KY,Menifee County,205,0,0,0,0
2024,9,OK,Marshall County,80,0,0,0,0
2024,9,MI,Newaygo County,165,0,0,0,0
2024,9,PA,Crawford County,360,0,0,0,0
2024,10,FL,Volusia County,4414,3,5,5,4
2024,9,TN,McMinn County,1085,0,0,0,0
2024,10,VA,York County,3432,4,2,2,1
2024,10,MS,Hinds County,1240,0,0,0,0
2024,10,NC,Guilford County,2323,55,26,29,11
2024,10,MO,Madison County,454,1,0,0,0
2024,10,TX,Burnet County,710,0,0,0,0
2024,10,KS,McPherson County,270,0,0,0,0
2024,10,MN,Cass County,262,0,0,0,0
2024,10,GA,Effingham County,120,0,0,0,0
2024,10,MO,St. Louis city,754,18,8,3,4
2024,10,MI,Grand Traverse County,75,0,0,0,0
2024,10,GA,Spalding County,436,0,0,0,0
2024,11,VA,Prince George County,825,0,0,0,0
2024,11,MS,Madison County,2210,0,1,0,0
2024,11,WA,Grant County,275,0,0,0,1
2024,11,GA,Cherokee County,1691,3,0,0,0
2024,11,TX,Brazoria County,553,2,0,0,0
2024,11,AL,Houston County,1360,0,0,0,0
2024,11,NC,Craven County,75,0,0,0,0
2024,11,SC,Dorchester County,971,2,0,0,0
2024,11,WI,Dane County,778,0,0,0,0
2024,11,TN,Cumberland County,710,0,0,0,0
2024,11,TX,Castro County,1060,0,0,0,0
2024,11,GA,Gordon County,430,0,0,0,0
2024,11,TN,Hamblen County,235,0,0,0,0
2024,11,IA,Dallas County,85,6,2,0,0
2024,11,GA,Hart County,170,0,0,0,0
2024,12,MO,Jackson County,6183,6,1,9,0
2024,12,FL,Charlotte County,4206,1,1,0,0
2024,12,MN,Benton County,110,6,1,8,2
2024,12,FL,Collier County,670,0,0,0,0
2024,12,NC,Madison County,125,0,0,0,0
2024,12,OH,Marion County,1705,0,0,0,0
2024,12,KS,Finney County,195,0,0,0,0
2024,12,AL,Russell County,330,0,0,0,0
2024,12,VA,New Kent County,310,0,0,0,0
2024,12,TX,Anderson County,374,4,2,1,2
2025,1,SC,Orangeburg County,425,0,0,0,0
2025,1,IN,Elkhart County,2605,2,2,3,2
2025,1,TN,Montgomery County,1360,0,0,0,0
2025,2,FL,Polk County,2850,12,2,2,0
2024,6,FL,Indian River County,531,4,3,0,1
2024,6,TX,Midland County,340,1,0,0,0
2024,7,MS,DeSoto County,1940,0,0,0,0
2024,7,KY,Anderson County,265,0,0,0,0
2024,7,NC,Union County,1582,10,7,6,1
2024,7,TN,Fayette County,905,1,1,1,0
2024,7,AL,Dallas County,175,0,0,0,0
2024,7,MA,Essex County,345,1,1,1,0
2024,7,TX,Panola County,235,0,0,0,0
2024,7,FL,Gadsden County,305,0,0,0,0
2024,8,TN,Putnam County,1565,0,0,0,0
2024,8,IN,Morgan County,420,15,9,24,5
2024,8,KY,Ohio County,155,0,0,0,0
2024,8,AZ,Mohave County,251,2,0,1,0
2024,8,VA,Hopewell city,220,0,0,0,0
2024,8,MN,Steele County,110,0,0,0,0
2024,8,PA,Tioga County,145,0,0,0,0
2024,8,KS,Jefferson County,80,0,0,0,0
2024,8,AL,Morgan County,365,0,0,0,0
2024,9,IN,Clark County,325,0,0,0,0
2024,9,GA,Spalding County,340,0,0,0,0
2024,9,OH,Meigs County,960,0,1,0,0
2024,9,CA,San Mateo County,215,0,0,0,0
2024,9,TX,Shelby County,195,0,0,0,0
2024,10,IL,Cook County,3790,10,2,5,0
2024,10,PA,Philadelphia County,613,0,0,0,0
2024,10,PA,Somerset County,180,0,0,0,0
2024,10,DE,New Castle County,1242,4,4,0,2
2024,10,MI,Genesee County,917,3,0,0,0
2024,10,MS,Lee County,335,0,0,0,0
2024,10,GA,Paulding County,405,3,0,0,0
2024,10,TX,Anderson County,430,0,0,0,0
2024,10,VA,Pittsylvania County,1399,2,1,3,1
2024,11,SC,Spartanburg County,5485,0,0,0,0
2024,11,TN,Hardeman County,550,0,0,0,0
2024,11,GA,Meriwether County,143,1,0,0,0
2024,11,KS,Seward County,155,0,0,0,0
2024,11,TN,Putnam County,1390,0,0,0,0
2024,11,TX,Chambers County,415,0,0,0,0
2024,11,SC,York County,1930,0,0,0,0
2024,11,WA,King County,5264,4,5,8,4
2024,11,MS,Lamar County,250,0,0,0,0
2024,11,OK,Stephens County,185,0,0,0,0
2024,11,CA,San Mateo County,225,0,0,0,0
2024,11,IN,DeKalb County,515,0,0,0,0
2024,11,MI,Gladwin County,285,0,0,0,0
2024,12,AL,Calhoun County,1100,0,0,0,0
2024,12,MO,Clay County,1645,0,0,0,2
2024,12,AL,Jefferson County,6315,1,0,0,0
2024,12,MS,Yazoo County,195,0,0,0,0
2024,12,TN,Bradley County,4691,0,0,0,0
2024,12,FL,Nassau County,352,1,2,1,1
2024,12,CA,El Dorado County,215,5,5,9,5
2024,12,KS,Butler County,265,0,0,0,0
2024,12,TX,Comal County,1330,5,0,1,2
2024,12,TX,Kerr County,1315,0,0,3,1
2024,12,MN,Rice County,220,0,0,0,0
2024,12,PA,Warren County,275,0,0,0,0
2024,12,NC,Randolph County,1105,0,0,0,0
2024,12,SC,Chesterfield County,510,0,0,0,0
2024,12,TX,Navarro County,51,0,0,0,0
2024,12,IL,Scott County,215,0,0,0,0
2025,1,IA,Marshall County,170,0,0,0,0
2025,1,KY,McCracken County,1487,0,0,0,0
2025,1,MO,Jackson County,6217,22,6,26,11
2025,1,NE,Douglas County,1664,0,0,0,0
2025,1,NC,New Hanover County,1771,1,4,0,0
2025,1,SC,Anderson County,478,0,0,0,0
2025,1,TX,Kaufman County,1344,0,0,0,0
2025,1,NY,Erie County,1281,0,0,0,0
2025,1,GA,Troup County,855,0,1,0,0
2025,1,AR,Union County,165,0,0,3,0
2025,1,MN,Martin County,91,5,2,1,2
2024,7,WI,Ozaukee County,145,0,0,0,0
2024,10,SC,Laurens County,840,0,0,0,0
2024,10,TN,Sullivan County,2045,0,0,0,0
2024,12,HI,Honolulu County,1938,5,1,5,3
2025,1,GA,Harris County,830,0,0,0,0
2025,1,MO,Jefferson County,941,0,0,0,0
2025,1,KY,Trimble County,260,0,0,0,0
2025,1,CA,Contra Costa County,399,0,0,0,0
2024,6,NH,Grafton County,60,0,0,0,0
2024,6,SC,Beaufort County,570,0,0,0,0
2024,6,TN,Carter County,262,0,0,0,0
2024,6,AL,Morgan County,310,0,0,0,0
2024,6,PA,Indiana County,60,0,0,0,0
2024,7,AR,Sharp County,140,0,0,0,0
2024,7,CO,Denver County,440,0,0,0,0
2024,7,MO,Callaway County,230,0,0,0,0
2024,7,IN,Noble County,85,0,0,0,0
2024,7,AR,Drew County,181,0,0,0,0
2024,7,AR,Independence County,140,0,0,0,0
2024,7,MO,Newton County,75,0,0,0,0
2024,7,MO,Texas County,155,0,0,0,0
2024,7,KS,Montgomery County,275,0,0,0,0
2024,8,KS,Finney County,336,0,2,0,1
2024,8,IN,Franklin County,220,0,0,0,0
2024,8,GA,Lowndes County,400,1,0,0,1
2024,8,NH,Merrimack County,475,0,0,0,0
2024,8,OH,Fayette County,165,0,0,0,0
2024,8,TX,Hopkins County,95,0,0,0,0
2024,9,CA,Kern County,210,0,0,0,0
2024,9,CO,Garfield County,75,0,0,0,0
2024,9,MI,Oceana County,187,1,0,0,0
2024,9,MS,Union County,145,0,0,0,0
2024,9,TN,Cheatham County,735,0,0,0,0
2024,9,IN,Monroe County,188,0,0,0,0
2024,9,GA,Jasper County,195,0,0,0,0
2024,9,MS,Copiah County,135,0,0,0,0
2024,9,TX,Runnels County,21,0,0,0,0
2024,9,ME,Piscataquis County,145,0,0,0,0
2024,9,NC,Chatham County,765,0,0,0,0
2024,9,MS,Forrest County,240,0,0,0,0
2024,9,MO,Pettis County,150,0,0,0,0
2024,10,WI,St. Croix County,301,1,1,0,0
2024,10,FL,Bradford County,140,0,0,0,0
2024,10,LA,Franklin Parish,170,0,0,0,0
2024,10,TN,Montgomery County,1282,1,0,1,0
2024,10,WA,Franklin County,10,0,0,0,0
2024,10,KS,Linn County,295,0,0,0,0
2024,10,FL,Nassau County,290,0,0,0,0
2024,10,NY,Niagara County,400,1,0,0,0
2024,11,GA,Dade County,5,0,0,0,0
2024,11,TX,Callahan County,370,0,0,0,0
2024,11,AZ,Yavapai County,415,0,0,0,0
2024,11,NY,Herkimer County,90,0,0,0,0
2024,11,WA,Chelan County,98,0,0,0,0
2024,11,FL,Hardee County,225,0,0,0,0
2024,12,TX,Wichita County,190,0,0,0,0
2024,12,KY,Larue County,200,0,0,0,0
2024,12,UT,Cache County,395,0,0,0,0
2024,12,ME,Piscataquis County,115,0,0,0,0
2024,12,IL,Ford County,190,0,0,0,0
2024,12,IA,Winnebago County,75,0,0,0,0
2024,12,FL,Palm Beach County,478,1,0,2,0
2024,12,CA,Contra Costa County,305,0,0,0,0
2024,12,MO,Cedar County,145,0,0,0,0
2024,12,MD,Talbot County,155,0,0,0,0
2025,1,TX,Wilson County,465,0,0,0,0
2025,1,AR,Ouachita County,275,0,0,0,0
2024,7,NJ,Hudson County,110,0,0,0,0
2024,10,OH,Miami County,991,0,0,0,0
2024,12,MI,Eaton County,71,0,0,2,0
2024,12,SD,Douglas County,80,0,0,0,0
2024,12,IN,Vigo County,185,0,0,0,0
2024,12,VA,Clarke County,155,0,0,0,0
2024,6,KY,Rockcastle County,58,0,0,0,0
2024,7,IA,Winnebago County,70,0,0,0,0
2024,7,MI,Mecosta County,120,0,0,0,0
2024,7,MN,Murray County,128,0,0,0,0
2024,9,VA,Clarke County,155,0,0,0,0
2024,9,KY,Anderson County,175,0,0,0,0
2024,9,KY,Carroll County,90,0,0,0,0
2024,9,KS,Coffey County,30,0,0,0,0
2024,10,GA,Oglethorpe County,95,0,0,0,0
2024,10,VA,Harrisonburg city,245,0,0,0,0
2024,10,CA,Shasta County,127,0,0,0,0
2024,10,VA,Wise County,25,0,0,0,0
2024,11,WV,Cabell County,42,0,0,0,0
2024,11,MO,Callaway County,195,0,0,0,0
2024,11,TX,Leon County,100,0,0,0,0
2024,12,KY,Ohio County,140,0,0,0,0
2024,12,FL,Bay County,85,0,0,0,0
2024,6,IL,Fulton County,130,0,0,0,0
2024,6,TX,Eastland County,70,0,0,0,0
2024,11,PA,Indiana County,45,0,0,0,0
2024,11,TX,Angelina County,120,0,0,0,0
2024,12,IA,Polk County,152,0,0,0,0
2024,12,NJ,Cape May County,25,0,0,0,0
2025,1,MN,Big Stone County,115,0,0,0,0
2025,1,TX,Hardin County,345,0,0,0,0
2024,9,LA,Morehouse Parish,5,0,0,0,0
2024,9,CT,New London County,160,0,0,0,0
2024,10,LA,Catahoula Parish,95,0,0,0,0
2024,10,IA,Clay County,35,0,0,0,0
2024,10,NE,Hall County,95,0,0,0,0
2024,10,OH,Jackson County,70,0,0,0,0
2024,10,IN,Noble County,90,0,0,0,0
2024,11,RI,Providence County,60,0,0,0,0
2024,12,FL,Franklin County,5,0,0,0,0
2024,12,TX,Eastland County,65,0,0,0,0
2025,1,AR,Pope County,65,0,0,0,0
2025,1,NC,Hertford County,335,0,0,0,0
2025,1,DE,Kent County,10,0,0,0,0
2025,2,CA,Alameda County,976,0,0,0,0
2025,2,IN,Marion County,1933,0,0,0,0
2025,2,MA,Middlesex County,459,1,0,0,0
2025,2,MN,Hubbard County,175,0,0,0,0
2025,2,FL,Columbia County,305,0,0,0,0
2025,2,FL,Okaloosa County,578,0,0,0,0
2025,2,MO,Christian County,805,0,0,0,0
2025,2,OH,Clermont County,622,0,0,0,0
2025,2,TX,Angelina County,173,0,1,0,0
2025,2,TX,Ellis County,2008,4,1,7,0
2025,2,VA,Prince George County,760,0,0,0,0
2025,2,KS,Douglas County,285,0,0,0,0
2025,2,TN,Cocke County,200,0,0,0,0
2025,2,TX,Lampasas County,190,0,0,0,0
2025,2,TX,Ward County,225,0,0,0,0
2025,2,WI,Manitowoc County,120,0,0,0,0
2025,2,GA,Liberty County,135,0,0,0,0
2025,2,MO,Shelby County,285,0,0,0,0
2025,2,SC,Chesterfield County,440,0,0,0,0
2025,3,CT,Fairfield County,110,0,0,0,0
2025,3,GA,Catoosa County,267,0,0,0,0
2025,3,IL,DuPage County,270,0,0,0,0
2025,3,IN,Marion County,317,0,0,0,0
2025,3,MI,Calhoun County,101,0,0,0,0
2025,3,NC,Ashe County,5,0,0,0,0
2025,3,NC,Gaston County,485,0,0,0,0
2025,3,SC,Anderson County,125,0,0,0,0
2025,3,TN,Grainger County,35,0,0,0,0
2025,3,VA,Louisa County,130,0,0,0,0
2025,3,VA,Spotsylvania County,695,0,0,0,0
2025,3,VA,Colonial Heights city,345,0,0,0,0
2025,3,FL,Levy County,50,0,0,0,0
2025,3,NC,Union County,280,2,2,0,0
2025,3,GA,Carroll County,35,0,0,0,0
2025,3,FL,Marion County,876,15,2,12,9
2025,3,MO,Marion County,145,0,0,0,0
2025,3,TN,Obion County,118,0,0,0,0
2025,3,GA,Chattooga County,50,0,0,0,0
2025,3,GA,Dougherty County,180,0,0,0,0
2025,3,IN,Bartholomew County,165,0,0,0,0
2025,3,KY,Boone County,45,0,0,0,0
2025,3,MN,Dakota County,328,0,0,0,0
2025,3,MO,Moniteau County,50,0,0,0,0
2025,3,NE,Cedar County,69,0,0,0,0
2025,3,OH,Trumbull County,237,0,0,5,1
2025,3,PA,Clearfield County,177,1,0,0,1
2025,3,VA,Lynchburg city,240,0,0,0,0
2025,3,WY,Campbell County,81,0,0,0,0
2025,2,VA,Waynesboro city,410,0,0,0,0
2024,6,FL,Hendry County,10,0,0,0,0
2024,8,TN,Marion County,40,0,0,0,0
2024,11,TX,Robertson County,80,0,0,0,0
2024,11,MS,Monroe County,15,0,0,0,0
2024,12,FL,Taylor County,25,0,0,0,0
2025,1,MO,Harrison County,145,0,0,0,0
2025,2,LA,Richland Parish,410,0,0,0,0
2025,2,NC,Halifax County,115,0,0,0,0
2025,2,VA,Greene County,105,0,0,0,0
2025,3,PA,Bradford County,95,0,0,0,0
2025,3,IN,Harrison County,30,0,0,0,0
2025,3,ME,York County,65,0,0,0,0
2025,3,NH,Strafford County,30,0,0,0,0
2025,3,PA,Armstrong County,70,0,0,0,0
2025,3,GA,Clayton County,130,0,0,0,0
2025,3,IL,Piatt County,25,0,0,0,0
2025,3,IN,Wabash County,55,0,0,0,0
2025,3,MI,Macomb County,97,0,0,0,0
2025,2,ND,Dickey County,487,6,2,2,0
2025,2,WI,Green Lake County,340,0,0,0,0
2025,1,MO,Pike County,295,0,0,0,0
2024,8,KY,Grant County,35,0,0,0,0
2024,10,AR,Calhoun County,5,0,0,0,0
2024,10,FL,Monroe County,35,0,0,0,0
2024,10,PA,Fulton County,250,0,0,0,0
2024,11,NY,Lewis County,30,0,0,0,0
2024,12,MO,Polk County,20,0,0,0,0
2024,6,MI,Clare County,15,0,0,0,0
2024,8,VA,Arlington County,35,0,0,0,0
2024,11,MI,Monroe County,30,0,0,0,0
2024,12,TX,Hidalgo County,30,0,0,0,0
2024,11,PA,Erie County,21,0,0,0,0
2024,11,TX,Gillespie County,5,0,0,0,0
2024,8,OK,Seminole County,10,0,0,0,0
2024,11,IA,Winnebago County,40,0,0,0,0
2024,12,AZ,Mohave County,35,1,1,0,0
2024,12,CA,Inyo County,45,0,0,0,0
2024,8,NE,Johnson County,57,0,0,0,0
2024,8,HI,Maui County,15,0,0,0,0
2025,2,OH,Defiance County,150,0,0,0,0
2025,2,OK,Payne County,125,0,0,0,0
2025,2,MS,Oktibbeha County,75,0,0,0,0
2025,2,NY,Lewis County,40,0,0,0,0
2025,3,TX,Scurry County,250,0,0,0,0
2025,3,TX,Angelina County,59,0,0,0,0
2025,3,SC,Jasper County,41,0,0,0,0
2024,9,OK,Woodward County,15,0,0,0,0
2024,6,WA,Walla Walla County,5,0,0,0,0
2024,7,VA,Madison County,75,0,0,0,0
2025,2,KY,Christian County,20,0,0,0,0
2025,1,TX,Cooke County,40,0,0,0,0
2025,1,SD,Lawrence County,6,0,0,0,0
2025,2,TN,Macon County,180,0,0,0,0
2025,3,VA,Albemarle County,55,0,0,0,0
2025,3,ID,Lemhi County,50,0,0,0,0
2025,3,MN,Chisago County,16,0,0,0,0
2025,2,VA,Sussex County,30,0,0,0,0
2024,10,NJ,Hudson County,30,0,0,0,0
2024,11,OR,Malheur County,5,0,0,0,0
2024,6,IN,Jefferson County,5,0,0,0,0
2025,1,NY,Ulster County,30,0,0,0,0
2025,2,NM,Lincoln County,40,0,0,0,0
2025,2,FL,Hamilton County,85,0,0,0,0
2025,2,AL,Talladega County,11,0,0,0,0
2025,3,NY,Nassau County,60,0,0,0,0
2025,3,OK,Delaware County,10,0,0,0,0
2024,6,MS,Warren County,10,0,0,0,0
2024,7,ID,Gem County,10,0,0,0,0
2025,1,GA,Hancock County,1,0,0,0,0
2025,1,IN,Lawrence County,15,0,0,0,0
2025,3,GA,Bryan County,20,0,0,0,0
2024,6,WA,Whitman County,20,0,0,0,0
2024,12,TX,Terry County,5,0,0,0,0
2024,6,OK,Custer County,5,0,0,0,0
2025,3,LA,Franklin Parish,45,0,0,0,0
2025,3,TX,Fisher County,25,0,0,0,0
2025,3,NE,Adams County,5,0,0,0,0
2025,3,AR,Clay County,10,0,0,0,0
2025,3,NC,Yadkin County,10,0,0,0,0
2024,10,IA,Wapello County,5,0,0,0,0
2024,9,MT,Flathead County,5,0,0,0,0
2024,9,OH,Pickaway County,5,0,0,0,0
2024,12,AZ,Gila County,5,0,0,0,0
2024,7,MS,Lowndes County,5,0,0,0,0
2024,10,MN,Pine County,5,0,0,0,0
2024,7,NY,Madison County,5,0,0,0,0
2025,2,NY,Suffolk County,5,0,0,0,0
2025,3,NJ,Cape May County,10,0,0,0,0
2025,3,MI,Grand Traverse County,5,0,0,0,0
2024,9,MO,Benton County,5,0,0,0,0
2024,12,TX,Wilbarger County,2,0,0,0,0
2024,6,CO,Delta County,10,0,0,0,0
2024,6,MD,Calvert County,1405,0,0,0,0
2024,6,NC,Iredell County,810,0,0,0,0
2024,6,NC,Stokes County,405,0,0,0,0
2024,6,PA,Crawford County,440,0,0,0,0
2024,6,SC,Union County,668,0,0,0,0
2024,6,FL,Nassau County,416,1,0,0,0
2024,6,LA,Allen Parish,150,0,0,0,0
2024,6,SC,Richland County,3793,7,2,7,1
2024,6,TN,Roane County,35,0,0,0,0
2024,6,TN,Henry County,505,0,0,0,0
2024,6,CA,Sacramento County,395,0,0,0,0
2024,6,MA,Norfolk County,721,6,0,0,0
2024,6,MO,Howell County,145,0,0,0,0
2024,6,NC,Buncombe County,1126,0,0,0,0
2024,6,OH,Stark County,1140,0,0,0,0
2024,6,PA,Lackawanna County,375,0,0,0,0
2024,6,TN,Marshall County,685,0,0,0,0
2024,6,TX,Hardin County,467,0,0,0,2
2024,6,MO,Randolph County,220,0,0,0,0
2024,6,TX,Rusk County,170,0,0,0,0
2024,6,WI,Walworth County,855,0,0,0,0
2024,6,IN,Delaware County,475,0,0,0,0
2024,6,OH,Licking County,355,0,0,0,0
2024,6,LA,Vermilion Parish,177,0,0,0,0
2024,6,TX,Walker County,140,0,0,0,0
2024,6,TN,Dickson County,340,0,0,0,0
2024,6,WI,Shawano County,10,0,0,0,0
2024,6,VA,Alexandria city,540,0,0,0,0
2024,6,IL,White County,166,0,0,0,0
2024,7,MO,Jasper County,1043,0,0,0,0
2024,7,AL,Tuscaloosa County,312,1,0,2,0
2024,7,MO,Jackson County,6759,14,3,9,4
2024,7,NY,Nassau County,781,0,0,0,0
2024,7,TN,White County,871,2,0,0,0
2024,7,GA,Douglas County,2569,0,0,0,0
2024,7,VA,Colonial Heights city,1660,1,0,7,1
2024,7,VA,Rockingham County,845,0,0,0,0
2024,7,SC,Pickens County,386,1,0,0,0
2024,7,TX,Gregg County,411,0,0,0,0
2024,8,FL,Martin County,650,3,0,2,1
2024,8,CA,Placer County,1361,2,6,6,0
2024,8,NJ,Ocean County,3957,2,0,0,0
2024,8,MO,Adair County,1090,0,0,0,0
2024,8,NY,Tioga County,450,1,16,0,0
2024,8,FL,St. Lucie County,315,0,0,1,0
2024,8,IN,LaPorte County,300,0,0,0,0
2024,8,MN,Cass County,462,0,0,0,0
2024,8,NC,Yancey County,537,1,0,2,0
2024,9,WI,Sheboygan County,1647,0,0,0,0
2024,9,AL,Chilton County,240,0,0,0,0
2024,9,TN,Grainger County,335,0,0,0,0
2024,9,OH,Fairfield County,620,0,0,0,0
2024,9,OH,Marion County,1830,13,5,3,0
2024,10,IN,St. Joseph County,991,4,10,5,0
2024,10,VA,Spotsylvania County,2704,0,0,0,0
2024,10,LA,St. Tammany Parish,652,0,1,0,0
2024,10,CA,Ventura County,755,0,0,0,0
2024,10,IL,Stephenson County,642,2,0,0,25
2024,11,KY,Fayette County,1091,0,0,0,0
2024,12,VA,James City County,280,0,0,0,0
2024,12,OR,Lincoln County,345,0,0,0,0
2025,1,TX,McLennan County,1082,8,0,1,0
2024,6,GA,Clay County,5,0,0,0,0
2024,6,MI,Livingston County,235,0,0,0,0
2024,6,PA,Adams County,480,56,1,47,16
2024,6,TX,Wilson County,485,0,0,0,0
2024,6,VA,Grayson County,280,0,0,0,0
2024,6,WI,Barron County,240,0,0,0,0
2024,6,NY,Oneida County,800,0,0,0,0
2024,6,WI,Green Lake County,390,0,0,0,0
2024,7,TX,Denton County,4781,19,13,10,8
2024,7,OH,Portage County,2360,0,0,0,0
2024,7,OK,Osage County,620,1,0,0,0
2024,7,OR,Polk County,95,0,0,0,0
2024,7,MS,Tippah County,219,0,0,5,0
2024,7,MI,St. Joseph County,561,0,0,0,0
2024,7,NE,York County,50,0,0,0,0
2024,7,GA,Clayton County,789,0,0,0,0
2024,7,AR,Poinsett County,100,0,0,0,0
2024,7,MN,Rice County,185,0,6,2,1
2024,8,KS,Douglas County,525,3,1,1,0
2024,8,OK,Marshall County,80,0,0,0,0
2024,8,PA,Crawford County,390,0,0,0,0
2024,8,TX,McLennan County,1002,1,34,1,1
2024,8,LA,Bossier Parish,2025,3,0,0,0
2024,8,IA,Winnebago County,70,0,0,0,0
2024,8,LA,Rapides Parish,2755,11,0,1,0
2024,8,OK,Texas County,61,0,0,0,1
2024,8,TN,Claiborne County,1115,0,0,0,0
2024,8,WI,Lincoln County,861,1,0,0,1
2024,8,TX,Hays County,825,0,0,0,0
2024,8,NY,Nassau County,526,1,0,0,0
2024,8,FL,Gadsden County,250,0,0,0,0
2024,8,FL,Manatee County,1168,0,0,0,0
2024,9,IL,DuPage County,1290,4,4,1,1
2024,9,KY,Hancock County,165,0,0,0,0
2024,9,GA,Rockdale County,1075,0,0,0,0
2024,9,UT,Cache County,350,0,0,0,0
2024,9,MS,Pike County,195,0,0,0,0
2024,9,CA,Siskiyou County,200,0,0,0,0
2024,9,TN,Overton County,315,0,0,0,0
2024,9,OH,Allen County,225,0,0,0,0
2024,9,OH,Wood County,1574,10,5,7,5
2024,9,MO,Callaway County,135,0,0,0,0
2024,9,ME,York County,270,0,0,0,0
2024,9,KS,Barton County,75,0,0,0,0
2024,10,FL,Manatee County,1584,50,2,13,7
2024,10,WA,King County,5677,1,0,0,0
2024,10,MI,Montcalm County,315,0,0,0,0
2024,10,FL,Sarasota County,4573,73,17,36,8
2024,10,VA,Gloucester County,540,0,0,0,0
2024,10,NC,Scotland County,1395,0,0,0,0
2024,10,ND,Ramsey County,205,0,0,1,0
2024,10,IN,Madison County,658,0,0,0,0
2024,10,VA,Charlottesville city,55,0,0,0,0
2024,10,FL,Wakulla County,75,0,0,0,0
2024,11,AL,Autauga County,95,0,0,0,0
2024,11,GA,Forsyth County,1354,0,0,0,0
2024,11,KY,Woodford County,445,0,0,0,0
2024,11,LA,Natchitoches Parish,235,0,0,0,0
2024,11,MO,Adair County,1029,0,0,0,0
2024,11,PA,Adams County,358,4,5,5,0
2024,11,TX,Cherokee County,555,1,0,0,0
2024,11,IL,McLean County,825,0,0,0,0
2024,11,TN,Dickson County,395,0,0,0,0
2024,11,WI,Rock County,500,1,0,0,1
2024,11,KS,Miami County,410,0,0,0,0
2024,11,MI,Roscommon County,235,0,0,0,0
2024,11,SC,Newberry County,185,0,0,0,0
2024,11,MO,Franklin County,408,0,0,0,0
2024,11,VA,Gloucester County,570,0,0,0,0
2024,12,MO,St. Charles County,4772,26,6,5,0
2024,12,VA,Roanoke city,799,0,0,0,0
2024,12,CA,San Bernardino County,2830,3,1,2,0
2024,12,OH,Holmes County,60,0,0,0,0
2024,12,TX,Grayson County,377,17,7,25,3
2024,12,AR,Phillips County,245,0,0,0,0
2024,12,IA,Johnson County,1520,0,0,0,0
2024,12,MI,Oceana County,120,0,0,0,0
2024,12,WA,Chelan County,120,0,0,0,0
2024,12,CA,Tulare County,185,0,0,0,0
2024,12,GA,Meriwether County,120,0,0,0,0
2024,12,IL,LaSalle County,300,0,0,0,0
2024,12,VA,Washington County,1025,0,0,0,0
2024,12,OH,Lorain County,635,0,0,0,0
2025,1,LA,East Baton Rouge Parish,195,0,0,0,0
2025,1,OH,Richland County,341,0,0,0,0
2025,1,SC,Cherokee County,1715,0,0,0,0
2025,1,SC,Kershaw County,739,0,0,0,0
2025,1,MO,Stone County,205,0,0,0,0
2024,6,PA,Monroe County,140,0,0,0,0
2024,6,ME,Androscoggin County,770,0,0,0,0
2024,6,IL,Logan County,75,0,0,0,0
2024,6,FL,Bay County,115,0,0,0,0
2024,7,GA,Paulding County,730,0,0,0,0
2024,7,TX,Hardin County,352,0,0,0,0
2024,7,NC,Rockingham County,425,13,20,17,0
2024,8,TN,Davidson County,4004,7,0,7,0
2024,8,AL,Lee County,1954,0,0,0,0
2024,8,FL,Sarasota County,2869,21,14,8,6
2024,8,TN,Cumberland County,800,23,0,0,0
2024,8,VA,Colonial Heights city,1705,0,0,0,0
2024,8,TX,Falls County,150,0,0,0,0
2024,8,KS,Clay County,145,0,0,0,0
2024,8,WI,Washburn County,125,0,0,0,0
2024,8,IN,Jackson County,145,0,0,0,0
2024,9,TX,Brazoria County,535,0,0,0,2
2024,9,NC,Durham County,979,5,13,0,0
2024,9,OR,Lane County,800,0,0,0,0
2024,9,MO,Iron County,30,0,0,1,0
2024,9,GA,Rabun County,495,0,0,0,0
2024,9,TX,Rusk County,150,0,0,0,0
2024,9,GA,Madison County,30,0,0,0,0
2024,10,MN,Crow Wing County,627,0,0,0,0
2024,10,FL,Bay County,195,0,0,0,0
2024,10,NC,Durham County,1034,0,0,0,1
2024,10,TX,Brazos County,1082,0,0,0,0
2024,10,OH,Montgomery County,2690,2,3,8,2
2024,10,TN,Knox County,4064,0,0,0,0
2024,10,NC,Polk County,365,0,0,0,0
2024,10,VA,Amelia County,354,0,0,0,0
2024,10,VA,Louisa County,590,0,0,0,0
2024,10,NY,Schenectady County,200,0,0,0,0
2024,10,NE,Garden County,205,0,0,0,0
2024,11,NC,Iredell County,849,0,1,0,0
2024,11,MD,Frederick County,1552,0,0,0,0
2024,11,TX,Wilson County,335,0,0,0,0
2024,11,NY,Tioga County,260,0,0,0,0
2024,11,KS,McPherson County,230,0,0,0,0
2024,11,TX,Kaufman County,1364,2,4,2,1
2024,11,CT,Fairfield County,747,3,0,0,0
2024,11,OR,Curry County,72,0,0,0,0
2024,11,GA,Paulding County,455,0,0,0,0
2024,12,OH,Cuyahoga County,3706,4,0,0,0
2024,12,PA,Montgomery County,2796,8,6,1,0
2024,12,WI,Wood County,400,0,0,1,0
2024,12,AZ,Cochise County,640,0,0,0,0
2024,12,OK,Creek County,175,0,0,0,0
2024,12,SC,Pickens County,256,0,0,0,0
2024,12,SC,Sumter County,330,0,0,0,0
2024,12,WA,Pierce County,1228,5,5,8,1
2024,12,MO,St. Clair County,15,0,0,0,0
2024,12,NJ,Passaic County,70,0,0,0,0
2024,12,AL,Mobile County,420,0,0,0,0
2024,12,KY,Garrard County,110,0,0,0,0
2024,12,GA,Butts County,155,0,0,0,0
2024,12,TX,San Saba County,170,0,0,0,0
2024,12,OH,Geauga County,270,0,0,0,0
2024,12,AZ,Santa Cruz County,115,0,0,0,0
2025,1,OH,Greene County,1870,3,4,3,1
2025,1,TN,Knox County,4593,0,0,0,0
2025,1,TN,McMinn County,1196,2,3,4,0
2025,1,WI,Green Lake County,385,0,0,0,0
2025,1,OH,Trumbull County,1390,0,0,0,1
2025,1,NC,Durham County,985,0,0,0,0
2025,1,GA,Bartow County,1733,0,0,0,0
2025,1,IN,Clark County,455,0,0,0,0
2025,1,MI,Genesee County,1069,0,0,2,0
2025,1,MS,Rankin County,920,0,0,0,0
2025,1,AR,Washington County,925,0,0,0,0
2025,1,NY,Queens County,296,0,0,0,0
2025,1,OK,Canadian County,1286,0,0,0,0
2025,1,CT,New Haven County,483,0,0,0,0
2025,1,TX,Henderson County,744,1,1,2,1
2024,8,VA,Tazewell County,1265,0,0,0,0
2024,10,TN,Dickson County,410,0,0,0,0
2024,10,GA,Butts County,135,0,0,0,0
2024,11,IN,Delaware County,555,0,0,0,0
2024,11,ME,York County,320,0,0,0,0
2024,12,TX,Bell County,1241,0,0,0,0
2024,12,GA,DeKalb County,1466,6,1,19,1
2024,12,VT,Caledonia County,40,0,0,0,0
2025,1,LA,Rapides Parish,2588,1,0,0,0
2025,1,TN,Williamson County,4298,3,2,1,1
2024,8,IN,Madison County,476,5,3,5,7
2024,6,LA,West Baton Rouge Parish,50,0,0,0,0
2024,6,IL,Wayne County,100,0,0,0,0
2024,6,KY,Mason County,125,0,0,0,0
2024,6,PA,Westmoreland County,286,0,0,0,0
2024,6,SC,Newberry County,180,0,0,0,0
2024,6,WI,Jefferson County,195,0,0,0,0
2024,6,MI,Antrim County,190,2,1,2,1
2024,7,MA,Barnstable County,90,0,0,0,0
2024,7,AR,Union County,145,0,0,0,0
2024,7,IL,Pope County,35,0,0,0,0
2024,7,NY,Cortland County,135,0,0,0,0
2024,8,MN,Murray County,165,0,0,0,0
2024,8,MO,Cedar County,160,0,0,0,0
2024,9,SD,Hughes County,380,0,0,0,0
2024,9,MD,Talbot County,248,0,0,1,0
2024,9,MO,Polk County,100,0,0,0,0
2024,9,WI,Milwaukee County,285,0,0,0,0
2024,10,WV,Monongalia County,206,4,0,3,0
2024,10,MS,Harrison County,230,0,0,0,0
2024,10,OR,Lincoln County,300,0,0,0,0
2024,10,CA,San Benito County,260,0,0,0,0
2024,10,VA,Alexandria city,1152,0,0,0,1
2024,10,GA,Appling County,35,0,0,0,0
2024,10,AL,Russell County,355,12,11,6,19
2024,11,MO,Harrison County,140,0,0,0,0
2024,11,NY,Livingston County,260,0,0,0,0
2024,12,IN,Monroe County,46,0,0,0,0
2024,12,NH,Rockingham County,185,0,0,0,0
2024,12,MS,Lamar County,275,0,0,0,0
2024,12,IA,Washington County,200,0,0,0,0
2024,12,OR,Wasco County,80,0,0,0,0
2024,12,VA,Wythe County,80,0,0,0,0
2024,12,IN,Whitley County,150,0,0,0,0
2024,12,GA,Bibb County,166,0,0,0,0
2024,12,LA,Webster Parish,305,0,0,0,0
2024,12,SC,Clarendon County,70,0,0,0,0
2025,1,IN,Madison County,768,0,0,0,0
2025,1,GA,Muscogee County,1461,1,0,0,2
2025,1,LA,Webster Parish,235,0,0,0,0
2025,1,OH,Lorain County,675,0,0,0,0
2025,1,MO,Moniteau County,275,0,0,0,0
2025,1,NC,Randolph County,1190,0,0,0,0
2025,1,VA,Hopewell city,135,0,0,0,0
2025,1,MO,Livingston County,60,0,0,0,0
2025,1,SC,Beaufort County,683,9,24,7,7
2025,1,TX,Burnet County,716,2,9,7,5
2024,6,IL,Jersey County,55,0,0,0,0
2024,6,NH,Sullivan County,5,0,0,0,0
2024,6,IN,Noble County,31,1,1,1,0
2024,7,KY,Calloway County,239,0,0,0,0
2024,7,VA,Clarke County,190,0,0,0,0
2024,7,MS,Grenada County,15,0,0,0,0
2024,7,PA,Bucks County,100,0,0,0,0
2024,7,MI,Grand Traverse County,90,0,0,0,0
2024,8,OH,Jackson County,239,0,0,0,0
2024,8,MS,Scott County,155,0,0,0,0
2024,9,WI,Racine County,125,0,0,0,0
2024,10,LA,Jefferson Parish,165,0,0,0,0
2024,10,MS,Amite County,5,0,0,0,0
2024,12,ND,Stutsman County,75,0,0,5,0
2024,12,MI,Cheboygan County,20,0,0,0,0
2024,12,MI,Monroe County,25,0,0,0,0
2025,1,MS,Forrest County,270,0,0,0,0
2025,1,VA,Bristol city,360,0,0,0,0
2025,1,VA,Danville city,165,0,0,0,0
2025,1,TX,Callahan County,450,0,0,0,0
2025,1,VA,Portsmouth city,255,0,0,0,0
2025,1,MO,Ste. Genevieve County,140,0,0,0,0
2025,1,AL,Autauga County,75,0,0,0,0
2025,2,AL,Houston County,1918,114,49,202,18
2025,2,MS,Rankin County,780,0,0,0,0
2025,2,OK,Cleveland County,774,0,0,1,3
2025,2,TX,Galveston County,2111,12,4,5,4
2025,2,SC,Spartanburg County,5024,1,0,0,0
2025,2,OH,Hancock County,316,0,0,0,0
2025,2,FL,Volusia County,3717,7,8,2,3
2025,2,GA,Newton County,438,62,46,38,33
2025,2,MD,Calvert County,966,0,0,0,0
2025,2,OH,Columbiana County,140,0,0,0,0
2025,2,OH,Portage County,1810,0,0,0,0
2025,2,OH,Summit County,366,0,0,0,0
2025,2,SD,Pennington County,57,0,0,0,0
2025,2,TX,Wood County,285,0,0,0,0
2025,2,VA,Southampton County,265,0,0,0,0
2025,2,VA,Roanoke city,807,0,0,0,0
2025,2,FL,Pasco County,4544,27,1,1,0
2025,2,TX,Fannin County,1055,2,1,0,0
2024,6,AL,Dale County,60,0,0,0,0
2024,6,OH,Coshocton County,15,0,0,0,0
2024,6,ID,Nez Perce County,61,0,0,0,0
2024,6,AL,Blount County,65,0,1,0,0
2024,6,IN,Harrison County,140,0,0,0,0
2024,6,LA,Beauregard Parish,10,0,0,0,0
2024,6,VT,Windsor County,30,0,0,0,0
2024,7,MS,Franklin County,35,0,0,0,0
2024,7,NC,Avery County,150,0,0,0,0
2024,8,MN,Faribault County,47,1,0,0,0
2024,10,MI,Barry County,20,0,0,0,0
2024,10,CA,Santa Cruz County,145,0,0,0,0
2024,10,ID,Jerome County,210,0,0,0,0
2024,10,TX,Kendall County,225,0,0,0,0
2024,11,TN,DeKalb County,345,0,0,0,0
2024,11,TX,San Jacinto County,140,0,0,0,0
2024,12,TX,Cooke County,20,0,0,0,0
2025,1,WA,Pend Oreille County,15,0,0,0,0
2024,6,GA,Dade County,5,0,0,0,0
2024,6,KY,Owen County,5,0,0,0,0
2024,8,ID,Latah County,30,0,0,0,0
2024,9,LA,St. Martin Parish,75,0,0,0,0
2024,11,TX,Ector County,48,0,0,0,0
2024,11,TN,Lewis County,100,0,0,0,0
2024,12,OH,Huron County,25,0,0,0,0
2025,1,LA,Vermilion Parish,15,0,0,0,0
2025,1,AR,Arkansas County,35,0,0,0,0
2025,1,CT,New London County,315,0,0,0,0
2025,1,NE,Seward County,40,0,0,0,0
2025,2,CO,Arapahoe County,812,3,0,1,0
2025,2,KY,Hardin County,330,0,0,0,0
2025,2,KY,Harlan County,30,0,0,0,0
2025,2,GA,Columbia County,745,0,0,1,0
2025,2,IN,Madison County,677,0,0,0,0
2025,2,KS,Miami County,210,0,0,0,0
2025,2,ND,Ward County,170,0,0,0,0
2025,2,TN,Henderson County,320,0,0,0,0
2025,2,TX,Hays County,777,0,0,0,1
2025,2,GA,Dougherty County,831,0,0,0,0
2025,2,GA,Tift County,130,0,0,0,0
2025,2,IA,Cedar County,320,0,0,0,0
2025,2,TX,Comal County,1361,5,2,0,3
2025,2,GA,Elbert County,151,3,1,0,0
2025,2,IN,Jefferson County,5,0,0,0,0
2025,2,ID,Canyon County,264,5,0,0,0
2025,2,TN,Sequatchie County,270,0,0,0,0
2025,2,KY,Perry County,395,0,0,0,0
2025,2,GA,Chatham County,270,0,0,0,0
2025,3,CA,Stanislaus County,565,0,0,0,5
2025,3,FL,Orange County,1826,1,2,1,1
2025,3,KY,McCracken County,245,0,0,0,0
2025,3,LA,Jackson Parish,30,0,0,0,0
2025,3,OR,Lane County,140,3,0,0,0
2025,3,OH,Fairfield County,65,0,0,0,0
2025,3,WI,St. Croix County,15,0,0,0,0
2025,3,CO,Weld County,715,0,0,1,1
2025,3,KS,Pottawatomie County,25,0,0,0,0
2025,3,PA,Centre County,369,0,0,0,0
2025,3,AR,Faulkner County,100,0,0,0,0
2025,3,IN,Delaware County,130,0,0,0,0
2025,3,NY,Cortland County,50,0,0,0,0
2025,2,FL,Gadsden County,290,0,0,0,0
2025,2,WI,Ozaukee County,140,0,0,0,0
2024,7,IN,Monroe County,30,0,0,0,0
2024,8,NY,Saratoga County,35,0,0,0,0
2024,10,NY,Washington County,11,0,0,0,0
2024,10,AR,Arkansas County,10,0,0,0,0
2024,11,IN,Washington County,135,0,0,0,0
2024,12,NY,Tompkins County,195,0,0,0,0
2024,12,TX,Austin County,30,0,0,0,0
2025,1,VA,Henry County,40,0,0,0,0
2025,1,TX,Llano County,311,0,0,0,0
2025,3,NH,Hillsborough County,86,2,2,1,1
2025,3,VA,Westmoreland County,90,0,0,0,0
2025,3,NC,Robeson County,65,0,0,0,0
2025,3,WI,Eau Claire County,176,0,0,0,0
2025,2,TX,Potter County,245,0,0,0,0
2025,3,TX,Dallas County,1585,3,2,10,2
2025,3,TX,Anderson County,110,0,0,0,0
2024,7,IA,Tama County,165,0,0,0,0
2025,3,PA,Pike County,60,0,0,0,0
2024,8,KY,Trigg County,25,0,0,0,0
2025,1,MI,Shiawassee County,15,0,0,0,0
2024,7,IA,Marion County,142,10,13,11,5
2024,9,KY,Carlisle County,5,0,0,0,0
2024,10,MN,Isanti County,8,0,0,0,0
2024,12,IL,Menard County,40,0,0,0,0
2024,12,VT,Rutland County,35,0,0,3,0
2024,12,NY,Rockland County,60,0,0,0,0
2024,11,AL,Cullman County,10,0,0,0,0
2024,9,OH,Harrison County,10,0,0,0,0
2024,11,NM,Santa Fe County,100,0,0,0,0
2024,7,OH,Harrison County,5,0,0,0,0
2024,8,KY,Henry County,8,0,0,0,0
2024,9,GA,Lumpkin County,60,0,0,0,0
2024,10,KY,Livingston County,20,0,0,0,0
2024,7,MN,Carlton County,10,0,0,0,0
2024,8,NC,Lee County,20,0,0,0,0
2024,8,OK,Grady County,5,0,0,0,0
2024,6,IL,Kankakee County,20,0,0,0,1
2024,7,PA,Perry County,25,0,0,0,0
2024,9,WI,Fond du Lac County,20,0,0,0,0
2024,9,NY,Suffolk County,7,4,0,5,4
2024,10,LA,Beauregard Parish,15,0,0,0,0
2024,10,WV,Putnam County,20,0,0,0,0
2024,7,IL,Saline County,40,0,0,0,0
2024,9,WA,Pend Oreille County,10,0,0,0,0
2024,11,UT,Davis County,5,0,0,0,0
2024,12,TX,Nolan County,5,0,0,0,0
2025,2,WI,Iowa County,20,0,0,0,0
2025,2,VA,Lunenburg County,30,0,0,0,0
2025,3,MN,Mille Lacs County,15,0,0,0,0
2025,2,LA,Avoyelles Parish,140,0,0,0,0
2025,3,MI,Gogebic County,70,0,0,0,0
2025,3,MS,Marshall County,60,0,0,0,0
2025,3,AR,Sebastian County,114,0,0,0,0
2025,3,KS,Seward County,60,0,0,0,0
2024,9,FL,Franklin County,15,0,0,0,0
2025,2,AR,Miller County,35,0,0,0,0
2025,3,IL,Lee County,65,0,0,0,0
2025,3,SD,Day County,15,0,0,0,0
2025,3,TX,Kendall County,40,0,0,0,0
2025,2,MN,Carlton County,30,1,0,0,0
2025,2,NJ,Monmouth County,55,0,0,0,0
2025,3,MT,Blaine County,30,0,0,0,0
2025,3,MT,Lewis and Clark County,60,0,0,0,0
2024,10,MI,Cheboygan County,15,0,0,0,0
2024,12,TX,San Patricio County,15,0,0,0,0
2024,9,WA,Walla Walla County,6,0,0,0,0
2025,3,AR,Sharp County,30,0,0,0,0
2025,3,CO,Jefferson County,55,0,0,0,0
2025,3,TN,DeKalb County,25,0,0,0,0
2025,3,IL,Macon County,5,0,0,0,0
2025,3,NM,Santa Fe County,25,0,0,0,0
2025,3,NY,Bronx County,25,0,0,0,0
2024,10,GA,Peach County,5,0,0,0,0
2025,2,VA,Cumberland County,40,0,0,0,0
2024,8,NJ,Morris County,10,0,0,0,0
2024,10,WY,Natrona County,20,0,0,0,0
2024,10,GA,Oconee County,10,1,0,0,0
2025,2,GA,Clay County,5,0,0,0,0
2024,12,NC,Pamlico County,8,0,0,0,0
2025,3,NY,Ulster County,5,0,0,0,0
2025,3,MI,Antrim County,15,0,0,0,0
2025,2,NC,Orange County,10,0,0,0,0
2025,2,PA,Indiana County,50,0,0,0,0
2025,2,CO,Elbert County,10,0,0,0,0
2025,3,MS,Copiah County,10,0,0,0,0
2024,10,NJ,Warren County,5,0,0,0,0
2024,12,MS,Pearl River County,5,0,0,0,0
2025,3,OK,Muskogee County,12,0,0,0,0
2024,6,TX,Uvalde County,5,0,0,0,0
2024,12,TN,Fentress County,5,0,0,0,0
2025,3,TX,Fayette County,10,0,0,0,0
2024,6,LA,Orleans Parish,5,0,0,0,0
2024,7,TX,Jeff Davis County,5,0,0,0,0
2025,3,NH,Carroll County,10,0,0,0,0
2024,6,FL,Marion County,2686,0,0,1,0
2024,6,SC,Oconee County,780,0,0,0,0
2024,6,TX,Taylor County,23790,21,11,4,2
2024,6,WA,Clark County,1260,0,0,0,0
2024,6,LA,Ouachita Parish,2930,0,0,0,0
2024,6,KS,Osage County,465,0,0,0,0
2024,6,SC,Cherokee County,1634,0,0,0,0
2024,6,SC,Spartanburg County,6639,0,0,2,1
2024,6,TX,Guadalupe County,1896,0,0,0,0
2024,6,IA,Marshall County,301,1,0,0,0
2024,6,MN,Lake County,375,0,0,0,0
2024,6,FL,Liberty County,419,0,0,0,0
2024,6,GA,Meriwether County,130,0,0,0,0
2024,6,KS,Geary County,195,0,0,0,0
2024,6,MO,Gentry County,50,0,0,0,0
2024,6,ND,Burleigh County,785,0,0,0,0
2024,6,TX,Wood County,315,0,0,0,0
2024,6,KY,Shelby County,796,1,0,0,0
2024,6,SC,Fairfield County,335,0,0,0,0
2024,6,WA,Grays Harbor County,290,0,0,0,0
2024,6,CA,Humboldt County,130,1,0,0,0
2024,6,FL,Okaloosa County,794,9,14,10,3
2024,6,NC,Cumberland County,186,0,0,0,0
2024,6,VA,Culpeper County,375,16,11,9,0
2024,6,AL,Dallas County,270,0,0,0,0
2024,6,OH,Scioto County,143,0,0,0,0
2024,6,TN,Carroll County,470,0,0,0,0
2024,6,VA,Clarke County,145,0,0,0,0
2024,7,TN,Washington County,1265,0,0,0,0
2024,7,CT,New Haven County,373,0,0,0,0
2024,7,OH,Fairfield County,604,0,0,0,0
2024,7,MI,Ionia County,155,0,0,0,0
2024,7,OH,Licking County,377,3,15,0,0
2024,7,IA,Woodbury County,610,0,0,0,0
2024,7,TX,Fannin County,1190,0,0,0,0
2024,7,VA,Fredericksburg city,480,0,0,0,0
2024,7,VA,Hampton city,829,0,0,0,0
2024,7,GA,Barrow County,480,0,0,0,0
2024,7,GA,Murray County,275,0,0,0,0
2024,7,FL,St. Lucie County,290,0,0,0,0
2024,7,IN,Henry County,275,0,0,0,0
2024,7,OH,Geauga County,405,0,0,0,0
2024,7,MI,Newaygo County,260,0,0,0,0
2024,8,GA,Camden County,1450,0,0,0,0
2024,8,MI,Wexford County,205,0,0,0,0
2024,8,FL,Columbia County,345,0,0,0,0
2024,8,TX,Hood County,35,0,0,0,0
2024,8,VA,Fluvanna County,20,0,0,0,0
2024,8,MS,Rankin County,730,0,0,0,0
2024,8,TX,Wichita County,215,0,1,1,0
2024,8,GA,Barrow County,405,0,0,0,0
2024,8,KS,McPherson County,255,0,0,0,0
2024,8,AL,Tuscaloosa County,285,1,0,0,0
2024,8,AR,Jefferson County,105,0,0,0,0
2024,9,NJ,Ocean County,3360,2,0,0,0
2024,9,TX,Callahan County,675,0,0,0,0
2024,9,AR,Faulkner County,550,0,0,0,0
2024,9,WA,Chelan County,75,2,2,0,0
2024,9,IL,Clinton County,80,0,0,0,0
2024,10,MI,Kent County,3684,10,1,7,4
2024,10,TX,Lubbock County,1086,4,1,1,1
2024,10,GA,Chatham County,162,2,0,1,0
2024,12,MO,St. Francois County,875,0,0,0,0
2024,6,NC,Lincoln County,1335,0,0,2,1
2024,6,KS,Pottawatomie County,170,0,0,0,0
2024,6,AL,Geneva County,116,0,0,0,0
2024,6,AR,Garland County,715,0,0,0,0
2024,6,MO,Lincoln County,86,1,1,2,0
2024,6,AR,Ouachita County,250,0,0,0,0
2024,6,VA,Norfolk city,476,0,0,0,0
2024,7,FL,Marion County,2530,2,2,6,0
2024,7,IN,Hendricks County,2095,0,0,0,0
2024,7,OH,Trumbull County,1921,2,0,0,1
2024,7,TX,Bell County,1665,0,21,6,0
2024,7,MD,Baltimore County,395,0,0,0,0
2024,7,ID,Ada County,706,0,2,5,0
2024,7,NC,Alexander County,530,0,0,0,0
2024,7,VA,Culpeper County,364,0,0,0,0
2024,7,IA,Polk County,383,0,0,0,0
2024,7,MO,Caldwell County,465,0,0,0,0
2024,7,TX,Scurry County,180,0,0,0,0
2024,7,TX,Navarro County,170,1,2,0,0
2024,7,CO,Weld County,680,0,0,0,0
2024,7,TX,Hopkins County,70,0,0,0,0
2024,8,NC,Onslow County,387,0,0,0,0
2024,8,IN,Floyd County,570,0,0,0,0
2024,8,KY,Jessamine County,471,1,1,1,0
2024,8,MD,Calvert County,1065,0,0,0,0
2024,8,MA,Worcester County,835,0,0,0,0
2024,8,MI,Calhoun County,410,0,0,0,0
2024,8,NC,Randolph County,1005,0,0,0,0
2024,8,OH,Delaware County,1451,3,1,0,0
2024,8,PA,Carbon County,110,0,0,0,0
2024,8,VA,Campbell County,2340,2,2,2,2
2024,8,VA,Isle of Wight County,415,0,0,0,0
2024,8,VA,Prince George County,905,0,0,0,0
2024,8,VA,Carroll County,500,0,0,0,0
2024,8,VA,Frederick County,583,0,0,0,0
2024,8,VA,Prince Edward County,531,1,0,0,0
2024,8,MS,Wayne County,160,0,0,0,0
2024,8,PA,Dauphin County,1425,0,0,0,0
2024,8,MN,Carver County,780,0,0,0,0
2024,8,CT,New Haven County,417,0,0,0,0
2024,8,TN,Henry County,430,0,0,0,0
2024,9,OH,Montgomery County,2221,4,7,2,0
2024,9,WA,King County,5756,18,9,11,0
2024,9,NC,New Hanover County,1410,0,0,0,0
2024,9,IN,Howard County,580,0,0,0,0
2024,9,MD,Charles County,670,0,0,0,0
2024,9,SC,Dorchester County,868,0,0,0,0
2024,9,CT,Fairfield County,620,2,0,0,0
2024,9,OH,Fulton County,400,0,0,0,0
2024,9,VA,Hopewell city,170,0,0,0,0
2024,9,MO,Stone County,155,0,0,0,0
2024,9,GA,Forsyth County,1356,5,40,2,33
2024,9,VA,New Kent County,300,0,0,0,0
2024,10,GA,Jackson County,529,1,1,0,0
2024,9,KY,Larue County,210,0,0,0,0
2024,10,AL,Shelby County,3736,3,0,0,1
2024,10,FL,Osceola County,1910,9,2,7,12
2024,10,WA,Whatcom County,1570,2,0,0,0
2024,10,GA,Rockdale County,1030,1,0,0,0
2024,10,NH,Strafford County,155,0,0,0,0
2024,10,NJ,Ocean County,3595,1,0,0,0
2024,10,OR,Lane County,741,0,0,0,1
2024,10,TN,Overton County,340,0,0,0,0
2024,10,WA,Kittitas County,1618,5,0,0,0
2024,10,VA,Grayson County,270,0,0,0,0
2024,10,SC,Chesterfield County,610,0,0,0,0
2024,11,TX,Harris County,9631,23,2,6,5
2024,11,CO,Weld County,930,1,0,0,1
2024,11,KS,Shawnee County,5478,4,0,5,1
2024,11,OR,Yamhill County,500,0,0,0,0
2024,11,GA,Clayton County,910,0,0,0,0
2024,11,IN,Hamilton County,835,6,1,3,2
2024,11,MD,Wicomico County,300,0,0,0,0
2024,10,CA,El Dorado County,155,1,0,0,0
2024,11,NY,Monroe County,535,0,0,0,0
2024,12,WI,Green Lake County,360,0,0,0,0
2024,12,TX,Johnson County,1442,1,1,1,1
2024,12,SC,Saluda County,20,0,0,0,0
2024,12,MD,Queen Anne's County,205,0,0,0,0
2024,12,MN,Scott County,994,4,0,163,1
2024,12,OH,Allen County,425,0,0,0,0
2024,12,GA,Bryan County,90,0,0,0,0
2024,12,AL,Limestone County,260,0,0,0,0
2024,12,GA,Liberty County,155,0,0,0,0
2024,12,MI,Livingston County,120,0,0,0,0
2024,12,GA,Grady County,75,0,0,0,0
2025,1,SC,Chesterfield County,480,0,0,0,0
2025,1,SC,Spartanburg County,5553,0,0,0,0
2025,1,FL,Okaloosa County,714,0,0,0,3
2025,1,AL,Montgomery County,756,0,0,0,2
2025,1,OR,Multnomah County,965,2,0,1,0
2024,7,GA,Fulton County,4284,0,0,0,0
2024,7,NC,New Hanover County,1904,0,0,1,0
2024,7,GA,Camden County,1180,5,0,0,1
2024,7,NC,Durham County,1108,2,0,0,0
2024,7,LA,Franklin Parish,195,0,0,0,0
2024,7,IL,Logan County,50,0,0,0,0
2024,7,MD,Somerset County,655,0,0,22,4
2024,7,RI,Providence County,104,0,0,0,0
2024,7,MN,Otter Tail County,250,0,0,0,0
2024,7,VA,Albemarle County,385,0,0,0,0
2024,8,MI,Ingham County,360,0,0,0,0
2024,8,GA,Houston County,435,1,0,3,0
2024,8,OH,Mercer County,312,0,0,0,0
2024,8,VA,Fauquier County,171,0,0,0,0
2024,8,WI,Ozaukee County,150,0,0,0,0
2024,8,LA,Lafayette Parish,95,0,0,0,0
2024,9,CA,San Bernardino County,2808,0,0,0,0
2024,9,GA,Jackson County,745,0,0,0,0
2024,9,VA,Westmoreland County,435,0,0,0,0
2024,9,OR,Marion County,715,2,0,0,0
2024,9,SC,Marlboro County,255,0,0,0,0
2024,9,VA,Gloucester County,545,0,0,0,0
2024,9,OH,Lake County,930,1,0,0,1
2024,9,GA,Murray County,255,0,0,0,0
2024,9,KS,Hamilton County,145,0,0,0,0
2024,9,GA,Tift County,140,0,0,0,0
2024,9,KS,Miami County,760,8,8,7,7
2024,9,NJ,Camden County,492,0,0,0,1
2024,10,NM,Bernalillo County,5389,15,3,13,8
2024,10,MO,Ralls County,95,0,0,0,0
2024,10,PA,Dauphin County,1420,0,0,0,0
2024,10,MD,Montgomery County,1920,0,0,0,0
2024,10,MO,Dallas County,90,0,0,0,0
2024,10,TX,Haskell County,180,0,0,0,0
2024,10,NY,Oneida County,565,0,0,0,0
2024,10,NC,Harnett County,431,0,0,0,0
2024,11,CA,Alameda County,1172,5,3,3,0
2024,11,CA,Stanislaus County,2805,0,0,0,0
2024,11,IA,Johnson County,1530,1,5,19,0
2024,11,MN,Olmsted County,737,0,0,0,0
2024,11,MS,Hinds County,1149,0,0,0,0
2024,11,NY,Onondaga County,1302,3,0,0,1
2024,11,LA,Richland Parish,595,0,0,0,0
2024,11,VA,Henrico County,1585,0,0,7,0
2024,11,NY,Orange County,260,0,0,0,0
2024,11,DE,Sussex County,495,0,0,0,0
2024,11,FL,Columbia County,325,0,0,0,0
2024,11,GA,Bryan County,135,0,0,0,0
2024,11,NY,Broome County,146,0,0,0,0
2024,11,WI,St. Croix County,270,0,0,0,0
2024,12,IN,Marion County,2062,1,1,1,0
2024,12,TX,Dallas County,6944,28,17,19,3
2024,12,FL,Sumter County,1356,0,0,0,0
2024,12,GA,Gwinnett County,7611,39,9,26,14
2024,12,LA,Iberia Parish,201,1,1,0,0
2024,12,DE,New Castle County,975,1,0,0,0
2024,12,GA,Cherokee County,1650,0,0,0,0
2024,12,KY,Perry County,405,0,0,0,0
2024,12,MO,Dade County,180,0,0,0,0
2024,12,MI,Saginaw County,1225,0,1,0,0
2024,12,MD,Baltimore city,270,0,0,0,0
2024,12,VA,Halifax County,60,0,0,0,0
2024,12,TN,Lewis County,80,0,0,0,0
2024,12,TX,Kendall County,250,0,0,0,0
2024,12,TN,Rhea County,540,0,0,0,0
2025,1,IA,Cedar County,390,1,1,0,0
2025,1,MI,Oakland County,984,4,7,4,1
2025,1,NC,Iredell County,1030,7,0,2,4
2025,1,UT,Salt Lake County,661,21,16,21,10
2025,1,NY,Dutchess County,505,0,0,0,0
2025,1,VA,Page County,145,0,0,0,0
2024,8,CA,Santa Clara County,1890,3,2,0,2
2024,11,IN,Elkhart County,2268,1,0,1,0
2024,11,NC,Transylvania County,455,0,0,0,0
2024,12,OK,Bryan County,670,0,0,0,0
2025,1,FL,Escambia County,1050,0,0,0,0
2025,1,MS,Lauderdale County,420,0,0,0,0
2025,1,OH,Mercer County,310,0,0,0,0
2025,1,VA,Isle of Wight County,455,0,0,0,0
2025,1,OH,Allen County,515,0,0,0,0
2025,1,NV,Douglas County,93,0,0,0,0
2024,6,DE,Kent County,51,0,0,0,0
2024,6,IL,Saline County,106,0,0,0,0
2024,6,MI,Newaygo County,250,0,0,0,0
2024,6,MN,Big Stone County,90,0,0,0,0
2024,6,TX,Shelby County,220,0,0,0,0
2024,6,CO,Garfield County,90,0,0,0,0
2024,7,AR,Jefferson County,85,0,0,0,0
2024,7,CO,Garfield County,90,0,0,0,0
2024,7,KY,Washington County,95,0,0,0,0
2024,7,KS,Stanton County,168,0,0,0,0
2024,7,KY,Barren County,30,0,0,0,0
2024,7,IL,Ford County,140,0,0,0,0
2024,7,MI,Branch County,165,0,0,0,0
2024,8,KY,Hart County,240,0,0,0,0
2024,8,IL,White County,150,1,0,1,1
2024,8,AL,Geneva County,103,0,0,0,0
2024,8,SC,Chester County,150,0,0,0,0
2024,8,CO,Summit County,115,0,0,0,0
2024,9,VA,Staunton city,925,0,0,0,0
2024,9,WI,Waukesha County,585,0,0,0,0
2024,9,MO,Buchanan County,95,0,0,1,0
2024,9,MO,Perry County,90,0,0,0,0
2024,9,GA,Elbert County,145,0,0,0,0
2024,9,NY,Nassau County,445,0,0,0,0
2024,9,UT,Weber County,140,0,0,0,0
2024,9,KY,Johnson County,32,0,0,0,0
2024,9,OH,Champaign County,170,0,0,0,0
2024,10,TN,Morgan County,435,0,0,0,0
2024,10,IN,Grant County,324,1,0,0,0
2024,10,KY,Hancock County,180,0,0,0,0
2024,10,MD,Charles County,647,0,0,0,1
2024,10,CA,Mendocino County,71,0,0,0,0
2024,10,OK,Osage County,266,1,0,0,0
2024,10,NY,Yates County,130,0,0,0,0
2024,10,KY,Pulaski County,335,0,0,0,0
2024,10,NY,Lewis County,54,0,0,1,0
2024,10,MD,Howard County,620,0,0,0,0
2024,10,MO,Moniteau County,260,0,0,0,0
2024,10,OH,Ashland County,570,0,0,0,0
2024,10,TN,Lincoln County,140,0,0,0,0
2024,10,UT,Weber County,140,0,0,0,0
2024,10,CO,Garfield County,70,0,0,0,0
2024,10,TX,Walker County,175,0,0,0,0
2024,10,VT,Windsor County,50,0,0,0,0
2024,11,MO,Madison County,225,0,0,0,0
2024,11,OH,Scioto County,280,0,0,0,0
2024,11,MS,Marion County,115,0,0,0,0
2024,11,NY,Queens County,250,0,0,0,0
2024,11,IN,Randolph County,315,25,34,43,1
2024,11,SC,Fairfield County,315,0,0,0,0
2024,11,FL,Bradford County,145,0,0,0,0
2024,12,TX,Cherokee County,600,1,0,1,0
2024,12,KY,Shelby County,855,0,0,0,0
2024,12,OK,Stephens County,240,0,0,0,0
2024,12,KY,Hancock County,150,0,0,0,0
2024,12,NC,Craven County,60,0,0,0,0
2024,11,MN,Wright County,316,1,0,0,0
2024,6,MS,Lamar County,280,0,0,0,0
2024,6,TX,Archer County,10,0,0,0,0
2024,6,LA,Avoyelles Parish,100,0,0,0,0
2024,6,MS,Pearl River County,23,0,0,0,0
2024,6,OH,Tuscarawas County,186,1,0,1,0
2024,7,NC,Currituck County,170,0,0,0,0
2024,7,VA,Essex County,62,0,0,0,0
2024,7,KS,Crawford County,105,0,0,0,0
2024,8,OR,Coos County,15,0,0,0,0
2024,8,GA,Oconee County,28,0,0,0,0
2024,9,IL,Saline County,45,0,0,0,0
2024,9,LA,Red River Parish,10,0,0,0,0
2024,9,NY,Richmond County,75,0,0,0,0
2024,9,OH,Hancock County,344,5,0,0,0
2024,9,NE,Saunders County,10,0,0,2,0
2024,9,AL,Dallas County,110,0,0,0,0
2024,9,OK,Payne County,95,0,0,0,0
2024,10,AL,St. Clair County,60,0,0,0,0
2024,10,KY,Webster County,235,0,0,0,0
2024,10,MT,Broadwater County,55,0,0,0,0
2024,10,MO,Barton County,35,0,0,1,0
2024,11,GA,Appling County,62,0,0,0,0
2024,12,OH,Paulding County,90,0,0,0,0
2024,12,MO,Henry County,115,0,0,0,0
2024,12,ND,Grant County,10,0,0,0,0
2024,6,MS,Monroe County,52,0,0,0,0
2024,8,GA,Dooly County,10,0,0,0,0
2024,8,TX,Schleicher County,35,0,0,0,0
2024,8,TX,Atascosa County,45,0,0,0,0
2024,8,GA,Oglethorpe County,85,0,0,0,0
2024,8,KS,Brown County,35,0,0,0,0
2024,10,VA,Southampton County,200,0,0,0,0
2024,10,CT,New London County,120,0,0,0,0
2024,10,CO,Elbert County,15,0,0,0,0
2024,11,IL,White County,115,0,0,0,0
2024,11,MN,Murray County,115,0,0,0,0
2024,11,GA,Oconee County,95,0,0,0,0
2024,12,IL,Peoria County,108,0,0,0,0
2024,8,TX,Caldwell County,20,0,0,0,0
2024,10,KS,Finney County,195,0,0,0,0
2024,12,NY,Genesee County,36,0,0,0,2
2025,1,KS,Saline County,170,0,0,0,0
2025,1,NM,Santa Fe County,156,0,0,0,0
2025,1,MO,Webster County,815,0,0,0,0
2025,1,GA,Glynn County,526,0,0,0,0
2025,1,WI,Wood County,535,0,0,0,0
2025,1,MO,Madison County,235,0,0,0,0
2024,12,NC,Macon County,60,0,0,0,0
2025,1,KY,Graves County,140,0,0,0,0
2025,1,ME,Androscoggin County,835,0,0,0,0
2025,1,NE,Dixon County,105,0,0,0,0
2025,1,IL,Moultrie County,121,0,0,0,0
2025,1,OR,Lincoln County,405,0,0,0,0
2025,2,AL,Calhoun County,1015,0,0,0,0
2025,2,IN,Lake County,910,0,0,0,0
2025,2,NH,Merrimack County,425,0,0,0,0
2025,2,OH,Delaware County,1118,0,0,0,0
2025,2,TX,Tarrant County,14170,102,91,93,90
2025,2,ID,Jerome County,285,0,0,0,0
2025,2,MS,Pike County,160,0,0,0,0
2025,2,WA,King County,4999,1,1,0,0
2025,2,AL,Jefferson County,4882,0,0,0,0
2025,2,AR,Faulkner County,480,0,0,0,0
2025,2,FL,Osceola County,1075,2,2,15,0
2025,2,GA,Gordon County,190,0,0,0,0
2025,2,KS,Stanton County,70,0,0,0,0
2025,2,LA,St. Tammany Parish,610,0,0,0,0
2025,2,OK,Bryan County,510,0,0,0,0
2025,2,OK,Canadian County,1190,0,0,0,1
2025,2,VA,Chesterfield County,7911,0,0,0,1
2025,2,OK,Okmulgee County,815,1,0,0,0
2025,2,TX,Brazoria County,475,0,0,0,0
2025,2,AL,Chilton County,205,0,0,0,0
2025,2,AR,Phillips County,260,0,0,0,0
2025,2,IL,Fulton County,220,0,0,0,0
2025,2,NV,Clark County,215,0,0,0,0
2025,2,WA,Klickitat County,150,0,0,0,0
2025,2,NC,Currituck County,115,1,1,0,0
2025,2,MN,Aitkin County,195,0,0,0,0
2025,2,MO,Pike County,220,0,0,0,0
2025,2,PA,Beaver County,385,0,0,0,0
2025,2,TN,Washington County,915,0,0,0,0
2025,2,VA,Carroll County,430,0,0,0,0
2025,2,MD,Somerset County,568,0,0,0,8
2025,3,CA,San Diego County,469,1,0,0,0
2025,2,NC,Caswell County,144,0,1,0,0
2025,3,IL,Sangamon County,330,0,0,0,0
2025,3,KS,Johnson County,3173,2,0,0,0
2025,3,MD,Carroll County,70,0,0,0,0
2025,3,MN,Benton County,154,0,0,0,1
2025,3,TX,Kerr County,265,0,0,0,0
2025,3,VA,Pittsylvania County,326,0,0,0,0
2025,3,WI,Dane County,190,0,0,0,0
2025,3,CA,San Luis Obispo County,180,0,0,0,0
2025,3,TN,Bradley County,830,0,0,0,0
2025,3,NC,Sampson County,30,0,0,0,0
2025,3,VA,Frederick County,85,0,0,0,0
2025,3,MN,Washington County,123,2,0,2,0
2025,3,GA,Spalding County,60,0,0,0,0
2025,3,MS,Jackson County,120,0,0,0,0
2025,3,NY,New York County,50,0,0,0,0
2025,3,NC,Caldwell County,115,0,0,0,0
2025,2,MS,Lee County,280,0,0,0,0
2025,2,VA,Floyd County,60,0,0,0,0
2025,2,ID,Lemhi County,325,0,0,0,0
2024,6,IL,Macon County,20,0,0,0,0
2024,8,PA,Delaware County,85,3,3,2,1
2024,10,NC,Beaufort County,60,0,0,0,0
2024,10,OH,Seneca County,25,0,0,0,0
2025,1,FL,Bay County,70,0,0,0,0
2025,1,NC,Person County,115,0,0,0,0
2025,1,NJ,Bergen County,7,0,0,0,0
2025,1,MI,Isabella County,207,5,0,2,0
2025,1,MD,Baltimore County,381,0,0,0,0
2025,2,ME,Androscoggin County,655,0,0,0,0
2025,2,PA,Lycoming County,275,0,0,0,0
2025,2,IA,Union County,335,0,0,0,0
2025,3,KS,Riley County,50,0,0,0,0
2025,3,OH,Lorain County,135,0,0,0,0
2025,3,OK,Payne County,15,0,0,0,0
2025,3,TX,Coryell County,150,0,0,0,0
2025,3,SC,Pickens County,60,0,0,0,0
2025,3,WV,Preston County,10,0,0,0,0
2025,2,VA,Colonial Heights city,1510,0,0,0,0
2025,3,OK,Washington County,455,0,0,0,0
2025,3,MO,Texas County,25,0,0,0,0
2025,3,TN,Montgomery County,245,0,0,1,1
2024,9,MS,Calhoun County,30,0,0,0,0
2024,9,NJ,Hudson County,35,0,0,0,0
2024,7,CA,Santa Cruz County,200,0,0,0,0
2024,7,IL,Henderson County,10,0,0,0,0
2024,10,VA,Wythe County,105,0,0,0,0
2024,6,OH,Harrison County,10,0,0,0,0
2024,7,AZ,Mohave County,45,1,0,0,0
2024,12,KY,Christian County,45,0,0,0,0
2025,1,TN,Campbell County,15,0,0,0,0
2024,6,IL,Richland County,24,0,0,0,0
2024,8,TN,Van Buren County,15,0,0,0,0
2024,9,CA,Inyo County,25,0,0,0,0
2024,7,IL,Knox County,11,0,9,0,0
2024,9,NC,Columbus County,20,0,0,0,0
2025,1,MS,Calhoun County,35,0,0,0,0
2024,8,PA,Fulton County,200,0,0,0,0
2024,10,MN,Mille Lacs County,30,0,0,0,0
2024,10,KY,Mason County,15,1,1,1,1
2024,11,TX,Cooke County,15,0,0,0,0
2024,9,KS,Neosho County,18,0,0,0,0
2024,11,TX,Nolan County,10,0,0,0,0
2024,11,MI,Clinton County,5,0,0,0,0
2025,1,KS,Crawford County,80,0,0,0,0
2025,2,CT,Windham County,60,0,0,0,0
2025,3,AL,Mobile County,35,0,0,0,0
2025,3,NM,Doña Ana County,65,0,0,0,0
2025,3,IA,Marion County,20,0,0,0,0
2024,9,NY,Cayuga County,30,0,0,0,0
2025,2,NJ,Bergen County,28,0,0,0,0
2025,2,WV,Monongalia County,30,2,0,1,0
2025,3,KY,Kenton County,35,0,0,0,0
2025,3,CA,San Mateo County,50,0,0,0,0
2025,3,IA,Lyon County,15,0,0,0,0
2024,8,OR,Polk County,20,0,0,0,0
2024,8,VT,Chittenden County,5,0,0,0,0
2025,3,MO,Howell County,25,0,0,0,0
2024,8,NY,Lewis County,35,0,0,0,0
2024,10,PA,Venango County,5,0,0,0,0
2024,8,OR,Tillamook County,10,0,0,0,0
2024,8,AL,Jackson County,15,0,0,0,0
2025,3,LA,De Soto Parish,45,0,0,0,0
2025,3,CO,Summit County,30,0,0,0,0
2025,3,MI,Presque Isle County,35,0,0,0,0
2025,3,TN,Benton County,60,0,0,0,0
2025,2,OR,Coos County,9,0,0,0,0
2024,7,IL,Kankakee County,5,0,0,0,0
2024,11,TX,Brown County,5,0,0,0,0
2025,2,MA,Barnstable County,10,0,0,0,0
2024,10,GA,Coffee County,10,0,0,0,0
2024,11,NY,Ulster County,15,0,0,0,0
2025,1,KY,Barren County,40,0,0,0,0
2025,3,GA,Emanuel County,0,0,0,0,1
2025,2,IL,Macon County,10,0,0,0,0
2025,3,MN,Big Stone County,20,0,0,0,0
2025,3,NE,Hooker County,5,0,0,0,0
2024,11,TX,Upshur County,11,0,0,0,0
2024,12,NC,Moore County,5,0,0,0,0
2024,10,IA,Pocahontas County,10,0,0,0,0
2024,10,TN,Fentress County,5,0,0,0,0
2025,3,TN,Stewart County,5,0,0,0,0
2024,7,GA,Haralson County,15,0,0,0,0
2024,6,MO,Lawrence County,5,0,0,0,0
2024,7,MS,Hancock County,5,0,0,0,0
2024,11,NY,Albany County,5,0,0,0,0
2025,3,AL,Jackson County,5,0,0,0,0
2025,3,SD,Brown County,5,0,0,0,0
2024,6,KY,McCracken County,2244,0,0,0,0
2024,6,FL,Pasco County,6055,43,11,18,4
2024,6,OR,Clackamas County,3684,32,22,15,12
2024,6,SC,Lexington County,4650,4,0,5,0
2024,6,OH,Butler County,1685,0,0,0,0
2024,6,TN,Rutherford County,4795,3,0,0,2
2024,6,GA,Paulding County,740,0,0,0,0
2024,6,MD,Prince George's County,3346,10,6,7,1
2024,6,OH,Warren County,2696,0,0,1,1
2024,6,MI,Ionia County,160,0,0,0,0
2024,6,NC,Rowan County,1052,0,0,0,0
2024,6,VA,Hanover County,2146,6,1,1,0
2024,6,OR,Umatilla County,150,0,0,0,0
2024,6,FL,Pinellas County,2540,0,0,0,0
2024,6,OH,Lawrence County,380,0,0,0,0
2024,6,MD,St. Mary's County,220,1,0,0,1
2024,6,AR,Baxter County,970,0,0,0,0
2024,6,IN,Wells County,250,0,0,0,0
2024,6,MA,Worcester County,853,1,1,0,0
2024,6,MN,Crow Wing County,814,1,0,0,0
2024,6,MO,Jasper County,798,1,0,1,0
2024,6,LA,West Feliciana Parish,385,0,0,0,0
2024,6,DE,New Castle County,1209,1,1,1,1
2024,6,NY,Yates County,135,0,0,0,0
2024,6,SC,Saluda County,101,0,0,0,0
2024,6,GA,Effingham County,106,3,0,2,3
2024,7,OH,Lucas County,960,0,0,0,0
2024,7,VA,Alexandria city,610,0,0,0,0
2024,7,FL,Hernando County,1866,0,0,0,0
2024,7,KY,Jefferson County,3448,0,1,2,0
2024,7,NC,Buncombe County,1195,9,6,7,8
2024,7,KY,Warren County,1961,0,2,2,0
2024,7,SC,Lancaster County,1039,3,2,1,0
2024,7,TX,Nueces County,280,0,0,0,0
2024,7,NC,Caldwell County,711,2,0,0,0
2024,7,OH,Stark County,1125,0,0,0,0
2024,7,VA,Roanoke County,4708,10,9,513,0
2024,7,TX,Bee County,85,0,0,0,0
2024,7,MN,Hubbard County,180,0,0,0,0
2024,8,MI,Oakland County,1055,9,1,3,2
2024,8,GA,Gordon County,435,0,0,0,0
2024,8,GA,Hall County,582,0,0,0,0
2024,8,NC,Scotland County,941,0,0,0,0
2024,8,TN,Cheatham County,791,4,0,0,0
2024,8,VA,New Kent County,360,0,0,0,0
2024,8,SC,Charleston County,2473,0,0,0,1
2024,8,MI,Jackson County,1070,0,0,0,0
2024,8,PA,Schuylkill County,140,0,0,0,0
2024,8,TX,Cooke County,45,0,0,0,0
2024,8,VA,Northumberland County,270,0,0,0,0
2024,9,PA,Lackawanna County,340,0,0,0,0
2024,10,FL,Brevard County,2930,11,2,9,2
2024,10,MS,Pike County,215,0,0,0,0
2024,10,TN,Cheatham County,670,0,0,0,0
2024,10,WI,Oneida County,70,0,0,0,0
2024,10,PA,Centre County,1795,27,11,11,8
2024,11,MO,Greene County,2160,1,0,0,0
2024,12,FL,Clay County,1100,0,0,0,0
2024,12,AR,Saline County,920,0,0,0,0
2025,1,VA,Fairfax County,3509,5,1,17,1
2025,1,TX,Gregg County,365,0,0,0,0
2025,1,MN,Crow Wing County,575,0,0,0,0
2024,6,PA,Montgomery County,3371,0,0,0,0
2024,6,GA,Lee County,625,0,0,0,0
2024,6,MI,Van Buren County,560,0,0,0,0
2024,6,WI,Pierce County,355,0,0,0,0
2024,6,PA,Fulton County,225,0,0,0,0
2024,7,VA,Hanover County,2042,2,2,2,0
2024,7,SC,Spartanburg County,6583,13,2,17,0
2024,7,IN,Kosciusko County,2305,0,0,0,0
2024,7,NC,Mecklenburg County,5816,19,14,11,1
2024,7,FL,Highlands County,597,0,0,0,0
2024,7,CA,Kern County,337,0,0,0,0
2024,7,MO,Platte County,1256,3,1,2,1
2024,7,IN,Floyd County,710,0,0,0,0
2024,7,NY,Oneida County,735,0,0,0,0
2024,7,NY,Ontario County,140,0,0,0,0
2024,7,OH,Clermont County,669,1,1,1,0
2024,7,IL,Menard County,60,0,0,0,0
2024,7,LA,Catahoula Parish,120,0,0,0,0
2024,7,IA,Story County,560,0,0,0,0
2024,7,KY,Trigg County,0,0,0,2,0
2024,8,KY,Franklin County,395,0,0,0,0
2024,8,IN,Vanderburgh County,3955,1,0,0,0
2024,8,NM,Socorro County,55,0,0,0,0
2024,8,NC,Gaston County,1339,0,0,6,0
2024,8,OH,Lake County,1009,0,1,0,0
2024,8,TX,Fort Bend County,5543,9,5,3,1
2024,8,TX,Wilson County,385,0,0,0,0
2024,8,VA,Rockingham County,757,0,0,0,0
2024,8,IL,Kane County,1285,21,11,1,0
2024,8,IL,Morgan County,520,0,0,0,0
2024,8,MI,Macomb County,609,1,1,1,1
2024,8,VA,Botetourt County,1440,0,0,0,0
2024,8,WI,Bayfield County,250,0,0,0,0
2024,8,SC,Saluda County,75,0,0,0,0
2024,8,VA,Dinwiddie County,260,0,0,0,0
2024,9,CA,Los Angeles County,3810,43,17,14,20
2024,9,MT,Yellowstone County,590,0,0,0,0
2024,9,AR,Garland County,741,1,0,0,0
2024,9,AR,Poinsett County,85,0,0,0,0
2024,9,KS,Wabaunsee County,30,0,0,0,0
2024,9,KY,Harlan County,40,0,0,0,0
2024,9,MI,Washtenaw County,591,1,0,0,0
2024,9,TX,Donley County,88,0,0,0,0
2024,9,MS,Wayne County,140,0,0,0,0
2024,9,PA,Lancaster County,1267,1,0,0,1
2024,9,MI,Livingston County,175,0,0,0,0
2024,9,NJ,Monmouth County,140,0,0,0,0
2024,10,MD,Frederick County,1958,0,0,0,0
2024,10,WA,Lewis County,280,0,0,0,0
2024,10,CA,San Bernardino County,3144,1,0,0,0
2024,10,FL,Lake County,2780,4,6,5,3
2024,10,AL,Geneva County,105,0,0,0,0
2024,10,MI,St. Joseph County,606,0,0,0,0
2024,10,SC,Greenville County,3091,7,2,4,0
2024,10,TX,Wichita County,230,0,0,0,0
2024,10,HI,Honolulu County,1793,5,3,5,5
2024,10,PA,Adams County,383,0,0,0,0
2024,10,MI,Macomb County,571,0,0,0,0
2024,10,NC,Transylvania County,290,0,0,0,0
2024,10,PA,Lebanon County,500,0,0,0,0
2024,11,FL,Pasco County,5308,35,1,4,3
2024,11,VA,Franklin County,13741,21,11,15,10
2024,11,IN,Marion County,2114,0,0,0,1
2024,11,WI,Milwaukee County,320,0,0,0,0
2024,11,ID,Ada County,573,0,0,0,0
2024,11,MD,Somerset County,656,0,0,0,1
2024,11,WA,Lewis County,226,0,0,0,0
2024,11,IA,Woodbury County,565,0,0,0,0
2024,11,MI,St. Joseph County,574,1,0,0,0
2024,11,PA,Northampton County,99,7,0,6,2
2024,11,TN,Lincoln County,110,0,0,0,0
2024,11,NC,Madison County,60,0,0,0,0
2024,12,MN,Washington County,1114,0,0,1,0
2024,12,NC,Rowan County,950,0,0,0,0
2024,12,DE,Sussex County,540,0,0,0,0
2024,12,TX,Burnet County,610,3,13,1,0
2024,12,MO,McDonald County,35,0,0,0,0
2024,12,MS,Lee County,275,0,0,0,0
2024,12,PA,Lancaster County,1141,0,1,0,0
2024,12,TN,Loudon County,960,0,0,0,0
2024,12,VA,Grayson County,270,0,0,0,0
2024,12,PA,Bradford County,460,0,0,0,0
2024,12,NC,Onslow County,348,0,0,0,0
2024,12,TX,Coryell County,735,0,0,0,0
2025,1,CO,Otero County,105,0,0,0,0
2025,1,OH,Montgomery County,2735,17,9,42,0
2025,1,IN,Lake County,1150,0,0,0,0
2025,1,NY,Jefferson County,1692,2,2,2,0
2025,1,CT,Fairfield County,675,0,0,0,0
2025,1,IN,Randolph County,185,0,0,0,0
2025,1,GA,Oglethorpe County,60,0,0,0,0
2025,1,PA,Delaware County,75,7,2,3,1
2025,2,MO,Jackson County,5227,4,2,7,4
2025,2,TX,Guadalupe County,1410,1,0,0,0
2024,7,NC,Nash County,2270,0,0,0,0
2024,7,IA,Butler County,255,0,0,0,0
2024,7,FL,Indian River County,510,0,0,0,0
2024,8,NV,Clark County,671,0,2,0,0
2024,8,TX,Brazoria County,625,0,0,0,0
2024,8,CA,Kern County,328,13,707,88,56
2024,9,NC,Hoke County,180,1,0,1,0
2024,9,OH,Lorain County,555,0,0,0,0
2024,9,KY,Jessamine County,425,0,0,0,0
2024,9,MI,Wayne County,1093,1,6,1,0
2024,9,TX,Angelina County,100,0,0,0,0
2024,9,WA,Thurston County,542,4,5,0,0
2024,9,OK,Pottawatomie County,336,8,0,1,0
2024,9,TX,Castro County,1035,0,0,0,0
2024,9,FL,Okaloosa County,587,0,0,0,0
2024,10,CO,El Paso County,5478,26,17,29,8
2024,10,NV,Washoe County,2045,0,0,0,0
2024,10,IL,Lake County,1143,4,2,0,1
2024,10,MD,Harford County,1270,0,0,0,0
2024,10,SC,Horry County,2178,0,0,0,0
2024,10,TN,Robertson County,4346,1,0,1,0
2024,10,KY,Garrard County,259,0,0,0,0
2024,10,NC,Rowan County,981,0,0,0,0
2024,10,TN,Hawkins County,335,0,0,0,0
2024,11,CA,Fresno County,1437,0,0,0,0
2024,11,NC,Scotland County,915,0,0,0,0
2024,11,TN,Grainger County,220,0,0,0,0
2024,11,ND,Ward County,301,0,1,0,2
2024,11,SC,Greenwood County,80,0,0,0,0
2024,11,GA,Chattooga County,210,0,0,0,0
2024,11,MS,DeSoto County,1545,0,0,0,0
2024,10,FL,Liberty County,389,0,0,0,0
2024,11,OR,Lincoln County,365,0,0,0,0
2024,11,LA,Avoyelles Parish,95,0,0,0,0
2024,11,VA,Fauquier County,140,0,0,0,0
2024,12,VA,Patrick County,215,0,0,0,0
2024,12,WA,Cowlitz County,990,0,0,0,0
2024,12,FL,Seminole County,15943,27,22,31,22
2024,12,LA,Livingston Parish,1000,0,0,0,0
2024,12,VA,Fauquier County,359,7,7,7,7
2024,12,OH,Lake County,845,0,0,0,0
2024,12,FL,Baker County,339,0,0,0,0
2024,12,TX,Wise County,360,0,1,0,0
2024,12,AR,Washington County,1125,0,0,0,0
2024,12,IN,Delaware County,560,0,0,0,0
2024,11,MA,Essex County,380,1,0,0,0
2024,12,MI,Gogebic County,310,0,0,0,0
2024,12,OH,Mahoning County,225,0,0,0,0
2024,12,OH,Meigs County,980,0,0,0,0
2024,12,TX,Tom Green County,481,0,0,0,0
2024,12,AL,Tuscaloosa County,300,0,0,0,0
2025,1,AL,Elmore County,2337,0,0,0,0
2025,1,AR,Pulaski County,1363,4,1,3,2
2025,1,TN,Tipton County,1466,1,1,1,0
2025,1,TX,Comal County,1546,17,6,12,10
2025,1,NC,Union County,1448,1,0,0,0
2025,1,ME,Kennebec County,115,0,0,0,0
2025,1,IN,Johnson County,220,0,0,0,0
2025,1,LA,Lincoln Parish,480,0,0,0,0
2025,1,MO,St. Louis city,852,2,1,1,0
2025,1,NY,Cortland County,210,0,0,0,0
2025,1,ME,York County,390,0,0,0,0
2025,1,SD,Marshall County,60,0,0,0,0
2025,1,MD,Charles County,945,0,0,0,0
2025,1,NJ,Gloucester County,550,156,17,50,0
2025,2,OH,Hamilton County,2782,0,0,0,0
2025,2,GA,Fulton County,3506,1,1,0,1
2025,2,IL,Logan County,60,0,0,0,0
2025,2,IA,Winnebago County,65,0,0,0,0
2025,2,IL,Lake County,945,11,0,3,0
2025,2,MI,Jackson County,800,0,0,0,0
2025,2,CO,Mesa County,540,0,0,0,0
2024,9,PA,Franklin County,595,0,0,0,0
2024,10,FL,Lee County,5332,22,4,11,5
2024,10,OH,Fairfield County,620,0,0,0,0
2024,12,MI,Berrien County,555,0,0,0,0
2024,12,LA,Tensas Parish,425,0,0,0,0
2024,11,MI,Livingston County,85,0,0,0,0
2024,12,SC,Berkeley County,1254,0,0,0,0
2024,6,MN,Clay County,55,0,0,0,0
2024,6,IN,DeKalb County,355,0,0,0,0
2024,6,LA,Lafayette Parish,120,0,0,0,0
2024,6,OH,Defiance County,195,0,0,0,0
2024,6,KY,Grant County,11,0,0,0,0
2024,6,ME,Piscataquis County,150,0,0,0,0
2024,6,SD,Hughes County,550,0,0,0,0
2024,6,AL,Lauderdale County,209,0,0,0,0
2024,6,AL,Chambers County,45,0,0,0,0
2024,7,MD,Garrett County,15,0,0,0,0
2024,7,CA,San Benito County,405,0,0,0,0
2024,7,KS,Hamilton County,125,0,0,0,0
2024,7,KY,Pike County,215,0,0,0,0
2024,7,PA,Fulton County,270,0,0,0,0
2024,8,HI,Hawaii County,320,0,0,0,0
2024,8,KY,Hancock County,215,0,0,0,0
2024,9,IL,Ford County,160,0,0,0,0
2024,9,IA,Marshall County,265,3,0,6,0
2024,9,NV,Douglas County,109,0,0,0,0
2024,9,MS,Leflore County,150,2,0,0,0
2024,9,MI,Ingham County,433,0,0,0,0
2024,9,NC,Mitchell County,90,0,0,0,0
2024,9,MI,Eaton County,103,2,2,0,0
2024,9,VA,Amherst County,250,0,0,0,0
2024,10,CA,Solano County,135,0,0,0,0
2024,10,MO,Cass County,2078,0,2,0,1
2024,10,NE,Otoe County,350,2,2,0,0
2024,10,OK,Creek County,133,0,0,0,0
2024,10,TX,Nueces County,205,0,0,0,0
2024,10,CA,Inyo County,35,0,0,0,0
2024,10,MO,Franklin County,285,0,0,0,0
2024,10,NY,Tioga County,335,0,0,0,0
2024,10,MN,Goodhue County,140,2,0,0,0
2024,10,PA,Clinton County,180,0,0,0,0
2024,10,MN,Blue Earth County,18,0,0,0,0
2024,11,NC,Edgecombe County,350,0,0,0,0
2024,11,NH,Hillsborough County,381,0,4,0,0
2024,11,NY,Dutchess County,485,0,0,0,0
2024,11,IA,Cedar County,350,2,2,1,0
2024,11,VA,Brunswick County,45,0,0,0,0
2024,12,GA,Jackson County,775,0,0,0,0
2024,12,TX,Bee County,125,0,0,0,0
2024,12,MN,Lake County,200,0,0,0,0
2024,12,GA,Oglethorpe County,115,0,0,0,0
2024,12,GA,Worth County,190,0,0,0,0
2024,12,MS,Pike County,140,0,0,0,0
2024,12,NM,Sandoval County,135,0,0,0,0
2025,1,IL,Scott County,265,0,0,0,0
2025,1,PA,Somerset County,70,0,0,0,0
2024,11,OH,Wyandot County,290,0,0,0,0
2024,7,CA,Sonoma County,55,0,0,0,0
2024,7,HI,Maui County,31,0,4,0,0
2024,8,IN,Jennings County,155,0,0,0,0
2024,10,PA,Erie County,20,0,0,0,0
2024,10,NY,Bronx County,125,0,1,1,0
2024,10,NY,Wyoming County,25,0,0,0,0
2024,10,OH,Ottawa County,50,0,0,0,0
2024,10,WA,Kitsap County,60,0,0,0,0
2024,10,VA,Northumberland County,190,0,0,0,0
2024,10,AL,Pike County,120,0,0,0,0
2024,11,GA,Walker County,191,0,0,0,0
2024,11,MS,Copiah County,110,0,0,0,0
2024,11,NJ,Middlesex County,40,0,0,0,0
2024,11,NE,Platte County,45,0,0,0,0
2024,11,OH,Huron County,10,0,0,0,0
2024,11,FL,DeSoto County,50,0,0,0,0
2024,11,NM,Sandoval County,95,0,0,0,0
2024,12,LA,Vermilion Parish,70,0,0,0,0
2024,12,AL,Etowah County,130,0,0,0,0
2024,12,MO,Miller County,10,0,0,0,0
2025,1,KY,Washington County,85,0,0,0,0
2025,1,KY,Oldham County,220,0,0,0,0
2025,1,KY,Ohio County,125,0,0,0,0
2025,1,KY,Garrard County,180,0,0,0,0
2024,10,KY,Caldwell County,30,0,0,0,0
2024,10,NC,Pasquotank County,110,0,0,0,0
2024,10,GA,Rabun County,440,0,0,0,0
2024,10,MS,Marshall County,250,0,0,0,0
2024,11,SD,Grant County,77,0,0,0,0
2024,11,SC,Saluda County,20,0,0,0,0
2024,11,FL,Monroe County,25,0,0,0,0
2024,11,ID,Latah County,15,0,0,0,0
2024,12,NE,Seward County,65,0,0,0,0
2025,1,KS,Pottawatomie County,67,0,0,0,0
2025,1,MS,Jones County,25,0,0,0,0
2024,6,GA,Stephens County,10,0,0,0,0
2024,9,WI,Shawano County,20,0,0,0,0
2024,10,NC,Ashe County,85,0,0,0,0
2024,11,WI,Iowa County,10,0,0,0,0
2025,1,VT,Addison County,32,1,1,1,1
2025,2,NC,Guilford County,1651,1,0,0,0
2025,2,GA,Floyd County,3137,3,1,1,1
2025,2,MO,St. Francois County,571,0,0,0,0
2025,2,TX,Jefferson County,552,4,3,2,3
2025,2,FL,Clay County,1270,0,0,0,0
2025,2,LA,Ascension Parish,353,0,0,0,1
2025,2,NE,Lincoln County,135,0,0,0,0
2025,2,GA,Carroll County,146,0,0,0,0
2025,2,NC,Chatham County,720,0,0,0,0
2025,2,ND,Mercer County,145,0,0,0,0
2025,2,OH,Marion County,1725,0,0,10,0
2025,2,VA,Prince Edward County,515,0,0,0,0
2025,2,FL,Taylor County,10,0,0,0,0
2024,11,MI,Tuscola County,60,9,0,0,0
2024,7,MO,Lincoln County,35,0,0,0,0
2024,9,AL,Chambers County,45,0,0,0,0
2024,10,MO,St. Clair County,40,0,0,0,0
2024,10,MI,Gladwin County,255,0,0,0,0
2024,10,VA,Richmond city,30,0,0,0,0
2024,10,MN,Sibley County,15,5,0,2,6
2024,12,KS,Greenwood County,45,0,0,0,0
2025,1,UT,Utah County,15,0,0,0,0
2024,7,KS,Thomas County,15,0,0,0,0
2024,8,TX,Kimble County,10,0,0,0,0
2024,9,LA,East Feliciana Parish,5,0,0,0,0
2024,10,NY,Steuben County,5,0,0,0,0
2025,1,OH,Jackson County,10,0,0,0,0
2024,12,NC,Camden County,70,0,0,0,0
2025,2,NE,Platte County,155,0,0,0,0
2025,2,IN,LaPorte County,61,0,0,0,0
2025,2,GA,Hall County,802,0,0,0,0
2025,2,IA,Appanoose County,130,0,0,0,0
2025,2,MD,Anne Arundel County,453,1,1,3,0
2025,2,MS,Tippah County,85,0,0,0,0
2025,2,MO,Lafayette County,330,0,0,0,0
2025,2,NC,Macon County,10,0,0,0,0
2025,2,OR,Yamhill County,445,0,0,1,0
2025,2,TX,Bastrop County,1160,0,0,0,0
2025,2,TX,Panola County,210,0,0,0,0
2025,2,VA,Tazewell County,955,0,0,0,0
2025,2,MO,Texas County,131,0,0,0,0
2025,2,NC,Yancey County,390,0,0,0,0
2025,2,AL,Coffee County,384,7,0,7,1
2025,2,CA,Kings County,263,0,0,0,0
2025,2,FL,Alachua County,888,1,2,0,0
2025,2,IL,Ford County,155,0,0,0,0
2025,2,FL,Hardee County,240,0,0,0,0
2025,2,MO,Carroll County,90,0,0,0,0
2025,3,MO,St. Louis city,165,0,0,0,0
2025,3,NC,Davidson County,155,0,0,0,0
2025,3,OR,Deschutes County,125,0,0,0,0
2025,3,OH,Stark County,200,0,0,0,0
2025,3,PA,Montgomery County,465,0,0,0,0
2025,3,KY,Warren County,270,0,0,0,0
2025,3,OK,Canadian County,240,0,0,0,0
2025,3,TN,Coffee County,163,0,0,0,0
2025,3,CT,Tolland County,15,0,0,0,0
2025,3,OH,Wood County,145,0,1,0,0
2025,3,FL,St. Lucie County,306,0,0,0,0
2025,3,IN,Hancock County,195,0,0,0,0
2025,3,ME,Cumberland County,65,0,0,0,0
2025,3,MI,Van Buren County,105,0,0,0,0
2025,3,OH,Greene County,360,0,0,0,0
2025,3,VA,Bedford County,445,0,0,0,0
2025,2,IN,Clay County,140,0,0,0,0
2025,2,NJ,Passaic County,135,0,0,0,0
2025,2,VA,Fauquier County,145,0,0,1,0
2024,7,FL,Franklin County,15,0,0,0,0
2024,7,AL,Dale County,80,0,0,0,0
2024,7,MO,Madison County,6,0,0,0,0
2024,8,MS,Bolivar County,10,0,0,0,0
2024,10,MO,Lincoln County,40,0,0,0,0
2024,10,LA,St. Mary Parish,7,2,1,0,0
2024,11,IN,Marshall County,30,0,0,0,0
2024,12,WA,Pend Oreille County,10,0,0,0,0
2025,1,IA,Winnebago County,70,0,0,0,0
2025,2,IN,Tipton County,40,0,0,0,0
2025,2,NY,Broome County,185,0,0,0,0
2025,2,MO,Livingston County,55,0,0,0,0
2025,2,TX,Rockwall County,80,0,0,0,0
2025,2,MN,McLeod County,165,0,0,0,0
2025,3,NE,Dixon County,10,0,0,0,0
2025,3,AL,Houston County,326,1,1,1,1
2025,3,LA,Webster Parish,55,0,0,0,0
2025,3,TX,Young County,90,0,0,0,0
2025,3,VA,Amherst County,40,0,0,0,0
2025,3,VA,Prince George County,150,0,0,0,0
2025,3,GA,Morgan County,25,0,0,0,0
2025,3,OH,Medina County,115,0,0,0,0
2024,6,TX,Gillespie County,10,0,0,0,0
2024,7,NV,White Pine County,25,0,0,0,0
2024,9,KY,Estill County,10,0,0,0,0
2024,11,IN,Tipton County,15,0,0,0,0
2024,11,IL,Jackson County,5,0,0,0,0
2024,6,IN,Lawrence County,5,0,0,0,0
2024,6,GA,Coffee County,15,0,0,0,0
2025,1,ID,Cassia County,25,0,0,0,0
2025,2,MN,Nicollet County,85,0,0,0,0
2025,2,NE,Kearney County,58,0,0,0,0
2024,9,TN,Macon County,60,0,0,0,0
2024,12,MI,Shiawassee County,10,0,0,0,0
2024,8,IL,Coles County,20,2,0,0,0
2024,8,KY,Carlisle County,15,0,0,0,0
2024,6,IL,Jefferson County,10,0,0,0,0
2025,2,MN,Kandiyohi County,30,0,0,0,0
2025,2,KY,Hancock County,85,0,0,0,0
2025,2,NE,Howard County,5,1,0,1,1
2025,2,CA,Santa Barbara County,231,0,0,0,0
2025,3,CA,El Dorado County,50,0,0,0,0
2025,3,MA,Hampden County,5,0,0,0,0
2025,3,SC,Chesterfield County,100,0,0,0,0
2024,7,KY,Lewis County,5,0,0,0,0
2025,2,TN,Wayne County,60,0,0,0,0
2025,2,SC,Georgetown County,190,0,0,0,0
2025,3,WA,Grant County,35,0,0,0,0
2024,6,FL,Franklin County,5,0,0,0,0
2024,7,IL,Kendall County,10,0,0,0,0
2024,7,GA,Marion County,28,0,0,0,0
2024,9,NE,Burt County,10,0,0,0,0
2025,1,CO,Broomfield County,17,0,0,0,0
2024,6,VA,Rappahannock County,139,6,23,4,36
2024,8,KS,Wabaunsee County,5,0,0,0,0
2024,12,KS,Neosho County,6,0,0,0,0
2025,1,OH,Harrison County,25,0,0,0,0
2025,1,TX,Hale County,325,0,0,0,1
2025,2,WA,Grays Harbor County,60,0,0,0,0
2025,3,IA,Pottawattamie County,20,0,0,0,0
2025,3,MI,Wayne County,120,0,0,0,0
2025,3,NC,Wilkes County,40,0,0,0,0
2024,9,WV,Kanawha County,1,0,0,0,0
2025,2,CA,Sutter County,1,0,0,0,0
2025,3,GA,Worth County,30,0,0,0,0
2025,3,PA,Northampton County,15,0,0,0,0
2025,1,VT,Caledonia County,10,0,0,0,0
2024,9,NV,Lyon County,5,1,0,0,0
2024,10,VA,Henry County,5,0,0,0,0
2025,2,NY,Ulster County,30,0,0,0,0
2024,10,PA,Huntingdon County,5,0,0,0,0
2025,2,VA,Madison County,70,0,0,0,0
2024,8,IA,Delaware County,5,0,0,0,0
2025,1,TN,Lake County,10,0,0,0,0
2024,6,GA,Peach County,5,0,0,0,0
2024,7,MN,Wilkin County,5,0,0,0,0
2025,3,KY,Caldwell County,10,0,0,0,0
2025,2,VA,King William County,5,0,0,0,0
2025,2,GA,Coffee County,15,0,0,1,0
2025,2,KY,Mason County,25,0,0,0,0
2025,2,WI,Jefferson County,15,0,0,0,0
2025,3,MO,Cedar County,30,0,0,0,0
2024,7,GA,Madison County,10,0,0,0,0
2024,7,NC,Watauga County,5,0,0,0,0
2024,8,LA,Beauregard Parish,5,0,0,0,0
2024,11,IA,Wapello County,5,0,0,0,0
2024,12,NY,Madison County,5,0,0,0,0
2025,3,OR,Curry County,5,0,0,0,0
2025,3,OH,Holmes County,15,0,0,0,0
2024,9,AR,Conway County,10,0,0,0,0
2025,1,MS,Bolivar County,15,0,0,0,0
2024,6,NY,Oswego County,5,0,0,0,0
2024,10,IL,Mercer County,5,0,0,0,0
2025,3,TX,Moore County,5,0,0,0,0
2025,3,KS,Jefferson County,5,0,0,0,0
2025,3,VA,Buckingham County,5,0,0,0,0
2025,3,GA,Madison County,5,0,0,0,0
2024,8,AL,Marion County,5,0,0,0,0
2024,6,FL,Brevard County,2392,4,1,0,1
2024,6,MD,Baltimore city,405,0,0,0,0
2024,6,FL,Sarasota County,2181,0,0,0,0
2024,6,GA,Gwinnett County,8291,167,51,32,76
2024,6,GA,Henry County,1465,0,0,0,0
2024,6,MI,St. Joseph County,536,0,0,0,0
2024,6,NC,Pender County,930,0,0,0,0
2024,6,OK,Tulsa County,3031,20,3,3,2
2024,6,VA,Fluvanna County,115,0,0,0,0
2024,6,VA,Franklin County,15242,9,3,16,1
2024,6,ME,York County,327,0,0,0,0
2024,6,MS,DeSoto County,2001,0,0,0,0
2024,6,MO,Jefferson County,1060,0,0,0,0
2024,6,OK,Pittsburg County,3170,11,8,7,8
2024,6,SC,Laurens County,1040,3,0,0,0
2024,6,WI,Milwaukee County,445,0,0,0,0
2024,6,NY,Nassau County,715,0,0,0,0
2024,6,TX,Cherokee County,921,0,0,0,0
2024,6,TX,Randall County,235,0,0,0,0
2024,6,KS,Greenwood County,150,6,1,5,2
2024,6,MO,Scott County,410,0,0,0,0
2024,6,GA,Walker County,345,0,0,1,0
2024,6,TN,Jefferson County,317,0,0,0,0
2024,6,OK,Payne County,126,0,0,0,0
2024,6,PA,Union County,305,0,0,0,0
2024,6,ND,Ramsey County,460,0,0,0,0
2024,7,MI,Otsego County,255,0,0,0,0
2024,7,MS,Madison County,2684,0,0,0,0
2024,7,TX,Ellis County,2357,2,0,0,0
2024,7,FL,Orange County,10440,64,8,46,2
2024,7,AL,Marshall County,2646,0,0,0,0
2024,7,IL,Macoupin County,1660,0,0,0,0
2024,7,ME,Piscataquis County,135,0,0,0,0
2024,7,MN,Crow Wing County,859,0,0,0,0
2024,7,OK,Washington County,3321,0,0,0,0
2024,7,TX,Guadalupe County,2327,0,0,0,0
2024,7,AL,Chilton County,380,0,0,0,0
2024,7,MD,St. Mary's County,235,0,0,1,0
2024,7,OH,Wood County,195,0,1,11,2
2024,7,ME,Penobscot County,270,0,0,0,0
2024,7,WI,Grant County,595,0,0,0,0
2024,8,TX,Henderson County,808,0,0,0,0
2024,8,IN,St. Joseph County,925,0,0,0,0
2024,8,MD,Charles County,1140,0,0,0,0
2024,8,TN,Benton County,320,0,0,0,0
2024,8,TN,White County,712,3,1,3,0
2024,8,NC,Davidson County,1044,0,0,0,0
2024,8,WA,Benton County,240,0,0,0,0
2024,9,GA,Coweta County,1615,0,0,0,0
2024,9,GA,Colquitt County,215,0,0,0,0
2024,9,IN,LaPorte County,250,0,0,0,0
2024,9,GA,Newton County,653,10,13,13,8
2024,9,TX,Burnet County,648,5,1,14,4
2024,10,NC,Lincoln County,985,0,0,0,0
2024,10,CO,Mesa County,531,0,0,0,0
2024,10,NC,Union County,1305,1,3,2,0
2024,10,OH,Columbiana County,155,0,0,0,0
2024,10,TX,Parker County,251,0,0,0,0
2024,10,TX,Cameron County,115,0,0,0,0
2024,11,FL,Palm Beach County,424,6,3,3,0
2024,12,IN,LaPorte County,225,0,0,0,0
2025,1,IL,Macoupin County,1540,0,0,0,0
2025,1,MD,Howard County,695,0,0,0,0
2024,6,OH,Mercer County,295,0,0,0,0
2024,6,OK,Cleveland County,1724,3,0,0,0
2024,6,CA,San Diego County,4686,5,32,43,20
2024,6,OH,Madison County,153,0,0,0,0
2024,6,MO,Polk County,115,0,0,0,0
2024,6,WI,Iron County,235,0,0,0,0
2024,6,NY,Bronx County,222,0,0,0,0
2024,6,MD,Howard County,435,0,0,0,0
2024,6,WA,Chelan County,107,1,1,1,1
2024,6,AL,Walker County,250,1,0,0,0
2024,6,NY,Kings County,396,34,0,8,14
2024,7,IN,Pike County,135,0,0,0,0
2024,7,SC,Greenville County,3904,1,0,0,1
2024,7,TN,Cheatham County,675,2,0,0,0
2024,7,TN,Sumner County,5986,2,0,0,0
2024,7,OH,Delaware County,1759,1,0,1,0
2024,7,NE,Sarpy County,160,0,0,0,0
2024,7,WI,Wood County,491,7,2,2,1
2024,7,KY,Boone County,1388,0,0,0,0
2024,7,TX,Erath County,185,0,0,0,0
2024,7,AR,Garland County,799,0,0,0,0
2024,7,IA,Pottawattamie County,170,0,0,0,0
2024,7,OK,McClain County,627,0,0,0,0
2024,7,UT,Cache County,400,0,0,0,0
2024,7,KS,Pottawatomie County,238,0,0,0,0
2024,8,TN,Knox County,5208,9,1,1,1
2024,8,TX,Montgomery County,5938,6,6,16,5
2024,8,IN,Wells County,315,0,0,0,0
2024,8,MO,Johnson County,330,0,0,0,0
2024,8,TX,Collin County,8033,7,1,9,1
2024,8,IL,Scott County,250,0,0,0,0
2024,8,OK,Greer County,135,0,0,0,0
2024,8,KY,Perry County,400,0,0,0,0
2024,8,TX,Hill County,341,0,0,0,1
2024,8,MO,St. Louis city,400,0,0,0,1
2024,8,MI,Kalamazoo County,1559,5,0,1,0
2024,8,MO,Dade County,309,0,0,0,0
2024,8,VA,Albemarle County,365,0,0,0,0
2024,9,TN,Tipton County,1505,0,0,0,0
2024,9,CO,Phillips County,80,0,0,0,0
2024,9,MO,Clay County,1816,0,0,0,0
2024,9,TX,Montgomery County,4560,1,0,0,0
2024,9,IN,Vigo County,168,0,0,0,0
2024,9,NY,Onondaga County,1140,0,0,0,0
2024,9,WI,Iowa County,35,0,0,0,0
2024,9,WI,Outagamie County,643,1,0,0,0
2024,9,WA,Grays Harbor County,225,2,0,0,0
2024,9,IL,Rock Island County,541,0,0,0,0
2024,9,MN,Cass County,469,0,0,0,0
2024,9,MI,Antrim County,247,0,0,0,0
2024,9,KY,Boyle County,425,0,0,0,0
2024,9,MN,Benton County,12,0,0,0,0
2024,9,PA,Luzerne County,240,0,0,0,0
2024,10,AL,Lee County,1901,2,1,0,0
2024,10,AL,Marshall County,2104,0,1,0,0
2024,10,IN,Elkhart County,3049,3,0,0,0
2024,10,NC,Robeson County,400,0,0,0,0
2024,10,TN,Putnam County,1570,0,0,0,0
2024,10,MS,Prentiss County,432,1,0,2,0
2024,10,VA,James City County,280,0,0,5,0
2024,10,WV,Berkeley County,1182,0,0,0,0
2024,10,KY,Shelby County,620,0,0,0,0
2024,11,WV,Berkeley County,1048,0,0,0,0
2024,11,IA,Sioux County,1070,0,0,0,0
2024,11,TN,Benton County,250,0,0,0,0
2024,11,WI,Taylor County,90,0,0,0,0
2024,11,GA,Muscogee County,1234,2,0,0,0
2024,11,IL,Peoria County,125,0,0,0,0
2024,11,KS,Saline County,65,0,0,0,0
2024,11,MD,St. Mary's County,258,7,4,6,4
2024,11,NC,Wilson County,125,0,0,0,0
2024,11,TX,Brazos County,1231,0,0,0,0
2024,11,TX,Lubbock County,939,0,0,0,0
2024,11,HI,Hawaii County,285,0,0,0,0
2024,11,GA,Newton County,625,25,21,16,21
2024,11,MO,Pike County,280,0,0,0,0
2024,12,KS,Shawnee County,5660,2,0,6,4
2024,12,TX,Martin County,150,0,0,0,0
2024,12,FL,Okaloosa County,855,2,0,0,0
2024,12,TX,Wilson County,350,0,0,0,0
2024,12,MO,Howard County,55,0,0,0,0
2024,12,MT,Stillwater County,130,0,0,0,0
2024,12,UT,Weber County,155,0,0,0,0
2024,12,GA,Hall County,710,0,0,0,0
2024,12,MD,Dorchester County,165,0,0,0,0
2024,6,OH,Fairfield County,645,0,0,0,0
2024,6,NY,Schenectady County,200,0,0,0,0
2024,6,TX,Atascosa County,100,0,0,0,0
2024,7,TX,Dallas County,8049,18,2,21,4
2024,7,IN,Grant County,316,1,0,0,1
2024,7,TX,Harrison County,935,0,0,0,0
2024,7,MI,Berrien County,833,1,0,1,0
2024,7,PA,Washington County,610,0,0,0,0
2024,7,NY,Orange County,255,0,0,0,0
2024,7,MD,Howard County,535,0,0,0,0
2024,8,VA,Fairfax County,2758,1,0,2,1
2024,8,IN,DeKalb County,473,0,1,0,0
2024,8,LA,Richland Parish,540,0,0,0,0
2024,8,OH,Warren County,2833,1,0,0,0
2024,8,NH,Strafford County,175,0,0,0,0
2024,8,VA,Caroline County,315,0,0,0,0
2024,8,NC,Granville County,465,0,0,0,0
2024,8,IA,Marion County,115,3,0,3,0
2024,8,VA,Clarke County,151,0,0,0,0
2024,9,AR,Benton County,1951,2,0,3,0
2024,9,LA,Bossier Parish,1899,14,0,0,0
2024,9,SC,Richland County,2989,55,53,23,11
2024,9,TN,Robertson County,4617,0,0,0,1
2024,9,NC,Rockingham County,319,4,2,1,2
2024,9,TN,Maury County,1558,1,0,0,0
2024,9,NE,Dawson County,115,0,0,0,0
2024,9,MI,Clare County,5,0,0,0,0
2024,9,WI,Marathon County,205,0,0,0,0
2024,10,VA,Campbell County,2525,1,2,0,0
2024,10,KY,Warren County,1345,0,0,0,0
2024,10,OK,Payne County,120,0,0,0,0
2024,10,TN,Claiborne County,1085,0,0,0,0
2024,10,CA,Kings County,552,0,0,0,0
2024,10,MI,Oceana County,150,0,0,0,0
2024,10,TN,Rhea County,654,0,0,0,0
2024,10,GA,Walker County,255,0,0,0,0
2024,10,PA,Armstrong County,142,0,0,0,0
2024,10,OH,Richland County,530,0,0,0,0
2024,10,NY,Nassau County,475,0,0,0,0
2024,10,TN,Marshall County,449,0,0,0,0
2024,11,NC,Rutherford County,1317,0,0,0,0
2024,11,ID,Jerome County,235,0,0,0,0
2024,11,OH,Cuyahoga County,3438,0,0,0,0
2024,11,GA,Henry County,1409,0,0,0,0
2024,11,LA,Rapides Parish,2602,0,0,0,1
2024,11,IN,Wells County,255,0,0,0,0
2024,11,MI,Allegan County,136,0,0,0,0
2024,11,MI,Calhoun County,390,0,0,0,0
2024,11,VA,Wythe County,80,0,0,0,0
2024,11,TN,Coffee County,666,4,0,1,0
2024,11,KY,Larue County,195,0,0,0,0
2024,11,GA,Thomas County,385,0,0,0,0
2024,11,FL,Collier County,555,0,0,0,0
2024,11,IN,Boone County,270,0,0,0,0
2024,11,MI,Branch County,175,0,0,0,0
2024,11,WI,Vilas County,135,0,0,0,0
2024,12,MD,Anne Arundel County,460,0,0,0,0
2024,12,NY,Herkimer County,130,0,0,0,0
2024,12,NC,Halifax County,150,0,0,0,0
2024,12,OH,Columbiana County,160,0,0,0,0
2024,12,OK,Rogers County,155,0,0,0,0
2024,12,PA,Mifflin County,535,0,3,12,0
2024,12,TN,Cheatham County,700,0,2,0,0
2024,12,TN,Chester County,130,0,0,0,0
2024,12,CA,Stanislaus County,2883,3,2,3,0
2024,12,ND,Ramsey County,175,0,0,0,0
2024,12,TN,Monroe County,695,0,0,0,0
2024,12,IN,Henry County,305,0,0,0,0
2024,12,PA,Centre County,2087,2,0,0,0
2024,12,FL,Jefferson County,150,0,0,0,0
2024,12,NM,Chaves County,355,0,0,0,0
2024,12,OR,Josephine County,193,0,0,0,0
2024,12,TX,Randall County,301,0,0,0,0
2024,12,OK,Osage County,140,0,0,0,0
2024,12,MS,Prentiss County,285,0,0,0,0
2025,1,TN,Dyer County,470,0,0,0,0
2025,1,NC,Guilford County,2117,11,8,3,1
2025,1,AL,Coffee County,479,0,0,0,0
2024,7,OH,Lake County,1196,2,1,0,0
2024,9,OH,Ashland County,525,0,0,0,0
2024,10,TX,Moore County,45,1,0,0,1
2024,11,IL,Will County,3132,5,3,0,0
2024,11,OH,Clermont County,881,2,0,0,0
2024,11,FL,Hamilton County,135,0,0,0,0
2024,12,KY,Boone County,485,0,0,0,0
2024,12,NY,Dutchess County,465,0,0,0,0
2025,1,FL,Taylor County,59,0,0,0,0
2025,1,FL,Lee County,5215,5,1,2,2
2025,1,IL,Rock Island County,455,0,0,0,0
2024,6,MI,Gladwin County,390,0,0,0,0
2024,6,GA,Pierce County,140,0,0,0,0
2024,6,TX,Angelina County,90,0,0,0,0
2024,7,OK,Mayes County,100,0,0,0,0
2024,7,CA,Sacramento County,368,2,1,2,1
2024,7,TX,Lampasas County,135,0,0,0,0
2024,7,KS,Washington County,75,0,0,0,0
2024,7,PA,Schuylkill County,193,0,0,0,0
2024,7,AL,Limestone County,250,0,0,0,0
2024,7,LA,Jefferson Parish,253,1,1,1,2
2024,8,PA,Clinton County,325,0,0,0,0
2024,8,TX,Midland County,625,0,0,0,0
2024,8,WI,Racine County,125,0,0,0,0
2024,8,CA,Siskiyou County,220,0,0,0,0
2024,8,PA,Union County,310,0,0,0,0
2024,8,MA,Barnstable County,40,0,0,0,0
2024,8,WA,Klickitat County,175,0,0,0,0
2024,9,NC,Transylvania County,320,0,0,0,0
2024,9,TN,Houston County,7,0,0,0,0
2024,9,TX,Hardin County,264,0,0,0,0
2024,9,MI,Tuscola County,40,0,0,0,0
2024,9,VA,Isle of Wight County,330,0,0,0,0
2024,9,NC,Halifax County,125,0,0,0,0
2024,10,IN,Randolph County,210,0,0,0,0
2024,10,FL,Columbia County,350,0,0,0,0
2024,10,TN,Franklin County,150,0,0,0,0
2024,10,TX,Hidalgo County,25,0,0,0,0
2024,10,WI,Kenosha County,170,0,0,0,0
2024,10,NM,Santa Fe County,80,0,0,0,0
2024,10,LA,St. Martin Parish,75,0,0,0,0
2024,11,PA,Delaware County,149,0,0,0,0
2024,11,IA,Polk County,234,1,0,0,0
2024,11,OR,Marion County,745,0,0,0,0
2024,11,GA,Cook County,105,0,0,0,0
2024,11,KY,Knox County,50,0,0,0,0
2024,12,MI,Antrim County,205,0,0,0,0
2024,12,MI,Bay County,200,0,0,0,0
2024,12,VA,Alexandria city,330,0,0,0,0
2024,12,MN,Big Stone County,105,0,0,0,0
2024,12,ND,Hettinger County,20,0,0,0,0
2025,1,CA,Alameda County,950,0,0,0,0
2025,1,CA,Solano County,80,0,0,0,0
2025,1,TN,Carroll County,705,0,0,0,0
2025,1,FL,Alachua County,915,0,0,0,0
2025,1,MD,Wicomico County,525,0,0,0,0
2025,1,MI,Kalamazoo County,1027,0,0,0,0
2025,1,PA,Pike County,290,0,0,0,0
2024,10,TX,Wood County,300,0,0,0,0
2025,1,OH,Meigs County,870,0,0,0,0
2024,6,NJ,Passaic County,70,0,0,0,0
2024,6,WA,Grant County,275,0,0,0,0
2024,6,IN,Jennings County,130,0,0,0,0
2024,7,TX,Wise County,335,5,4,2,3
2024,7,TN,Bledsoe County,25,0,0,0,0
2024,7,KY,Trimble County,160,0,0,0,0
2024,7,VA,Cumberland County,40,0,0,0,0
2024,8,AR,Phillips County,330,0,0,0,0
2024,8,TN,Cannon County,20,0,0,0,0
2024,9,MN,Big Stone County,100,0,0,0,0
2024,10,GA,Lumpkin County,45,0,0,0,0
2024,10,GA,Worth County,110,0,0,0,0
2024,11,GA,Stephens County,20,0,0,0,0
2024,11,OK,Le Flore County,135,0,0,0,0
2024,12,MI,Barry County,10,0,0,0,0
2024,12,SD,Lincoln County,110,0,0,0,0
2024,12,NM,Socorro County,55,0,0,0,0
2024,12,MO,Ste. Genevieve County,175,0,0,0,0
2024,12,VA,Cumberland County,35,0,0,0,0
2025,1,OH,Clark County,220,0,0,0,0
2025,1,OK,Cleveland County,810,0,1,0,0
2025,1,VA,Clarke County,185,0,0,0,0
2025,1,VA,Roanoke County,3435,0,0,0,1
2025,1,NM,Sandoval County,145,0,0,0,0
2025,1,WI,Chippewa County,115,0,0,0,0
2025,1,ND,Dickey County,475,2,0,0,0
2025,1,TN,Warren County,390,0,0,0,0
2025,1,CA,San Benito County,230,1,0,0,0
2025,1,NE,Hall County,167,0,0,0,0
2025,1,KY,Daviess County,865,0,0,0,0
2024,6,WV,Morgan County,60,0,0,0,0
2024,6,TX,Austin County,125,0,0,0,0
2024,6,TX,Matagorda County,10,0,0,0,0
2024,7,WI,Iowa County,40,0,0,0,0
2024,8,UT,Utah County,15,0,0,0,0
2024,9,MO,Livingston County,15,0,0,0,0
2024,8,NH,Carroll County,40,0,0,0,0
2024,10,MN,Faribault County,110,0,0,0,0
2024,11,NE,York County,30,0,0,0,0
2024,11,NV,Douglas County,30,0,0,0,0
2024,11,KS,Pottawatomie County,190,0,0,0,0
2024,11,MO,Newton County,95,0,0,0,0
2024,11,PA,Tioga County,100,0,0,0,0
2024,12,OK,Texas County,5,0,0,0,0
2024,12,VA,Norton city,20,0,0,0,0
2024,12,MO,Johnson County,195,0,0,0,0
2024,12,MS,Marion County,330,0,0,0,0
2024,6,VT,Caledonia County,35,0,0,0,0
2024,9,GA,Richmond County,20,0,0,0,0
2024,10,IL,Clark County,25,0,0,1,0
2024,12,WI,Vilas County,115,0,0,0,0
2025,1,NC,Currituck County,95,0,0,0,0
2025,1,OH,Huron County,25,0,0,0,0
2025,1,ND,McKenzie County,120,0,0,0,0
2025,1,OH,Columbiana County,155,0,0,0,0
2025,1,LA,Tangipahoa Parish,65,0,0,0,0
2025,1,PA,Indiana County,95,0,0,0,0
2025,2,TX,Williamson County,12915,12,13,1,1
2025,2,VA,Augusta County,2231,0,0,0,0
2025,2,OH,Lake County,890,0,0,0,0
2025,2,OH,Mahoning County,160,0,0,0,0
2025,2,TX,Bexar County,4783,2,0,1,1
2025,2,AL,Coosa County,165,0,0,0,0
2025,2,IN,Gibson County,475,0,0,0,0
2025,2,KY,Logan County,115,0,0,0,0
2025,2,NY,Jefferson County,1305,0,0,0,0
2025,2,NV,Washoe County,1730,0,0,0,0
2025,2,SC,Lancaster County,767,0,0,0,0
2025,2,TN,Gibson County,2114,0,1,0,0
2025,2,VA,Washington County,777,0,0,0,0
2025,2,IN,St. Joseph County,695,0,0,0,0
2025,2,KS,Sedgwick County,770,0,0,0,0
2025,2,TN,Roane County,25,0,0,0,0
2025,2,AL,Etowah County,75,0,0,0,0
2025,2,AZ,Pima County,581,0,0,0,0
2025,2,FL,Baker County,311,0,0,0,1
2025,2,KY,Bullitt County,376,0,0,0,0
2025,2,KY,Woodford County,447,0,0,0,0
2025,2,TX,Austin County,151,2,3,5,0
2025,2,VA,Wise County,50,0,0,0,0
2025,2,WI,Racine County,150,0,0,0,0
2025,2,MN,Lake County,160,0,0,0,0
2025,2,TX,Walker County,80,0,0,0,0
2025,3,CA,Orange County,560,0,0,0,0
2025,3,NC,Cabarrus County,220,0,0,0,0
2025,3,NC,Pender County,180,0,0,0,0
2025,3,OH,Summit County,75,0,0,0,0
2025,3,SC,Aiken County,1913,3,0,1,0
2025,3,CO,Broomfield County,30,2,4,0,0
2025,3,OH,Delaware County,190,0,0,0,0
2025,3,PA,Cumberland County,345,0,0,0,0
2025,3,GA,Polk County,117,0,0,0,0
2025,3,NC,New Hanover County,310,0,0,1,0
2025,3,LA,Livingston Parish,155,0,0,0,0
2025,3,IA,Johnson County,245,0,0,0,0
2025,3,MD,Dorchester County,25,0,0,0,0
2025,3,MD,Somerset County,105,0,0,0,3
2025,3,MN,McLeod County,45,0,0,0,0
2025,3,SC,Marlboro County,60,0,0,0,0
2025,3,TN,Bledsoe County,5,0,0,0,0
2025,3,TN,Chester County,30,0,0,0,0
2025,3,TN,Hamblen County,60,0,0,0,0
2025,3,VA,Southampton County,55,0,0,0,0
2025,2,NJ,Gloucester County,387,0,0,0,0
2025,2,TN,Henry County,475,0,0,0,0
2025,2,KY,Livingston County,65,0,0,0,0
2025,2,MI,Allegan County,65,0,0,0,0
2024,10,CA,Contra Costa County,86,1,0,0,0
2024,10,CA,Tehama County,32,0,0,0,0
2024,10,TN,Cannon County,60,0,0,0,0
2024,10,TX,Hopkins County,75,0,0,0,0
2024,12,KY,Carlisle County,20,0,0,0,0
2024,12,SC,Bamberg County,195,0,0,0,0
2024,12,WA,Kitsap County,70,1,2,1,0
2025,1,NC,Lenoir County,30,0,0,0,0
2025,2,NC,Sampson County,135,0,0,0,0
2025,2,PA,Carbon County,110,0,0,0,0
2025,2,PA,Schuylkill County,105,0,0,0,0
2025,2,KY,Bourbon County,15,0,0,0,0
2025,2,IL,Livingston County,115,0,0,0,0
2025,2,AL,Limestone County,215,0,0,0,0
2025,2,AR,Poinsett County,75,0,0,0,0
2025,2,TX,Bee County,15,0,0,0,0
2025,3,MO,Caldwell County,40,0,0,0,0
2025,3,VA,Hopewell city,20,0,0,0,0
2025,3,MI,Wexford County,40,0,0,0,0
2025,3,ID,Kootenai County,61,0,0,0,0
2024,8,SC,Union County,143,0,0,0,0
2024,7,LA,St. Martin Parish,85,0,0,0,0
2024,8,OH,Wayne County,35,0,0,0,0
2024,10,NY,Cayuga County,25,0,0,0,0
2024,11,VA,Lunenburg County,45,0,0,0,0
2024,12,MO,Pulaski County,105,0,0,0,0
2024,12,OR,Polk County,38,0,0,0,1
2024,12,PA,Indiana County,73,0,0,0,0
2024,8,WY,Laramie County,15,0,0,0,0
2024,12,CA,Santa Cruz County,135,0,0,0,0
2024,6,GA,Haralson County,5,0,0,0,0
2024,7,NJ,Middlesex County,10,0,0,0,0
2024,8,WY,Campbell County,5,0,0,0,0
2024,6,MI,Clinton County,15,0,0,0,0
2024,6,NJ,Middlesex County,10,0,0,0,0
2024,12,VA,Buckingham County,20,0,0,0,0
2024,10,NY,Tompkins County,205,0,0,0,0
2025,1,MI,Ionia County,150,0,0,0,0
2025,1,NJ,Passaic County,65,0,0,0,0
2024,10,GA,Madison County,15,0,0,0,0
2024,6,OK,Woodward County,15,0,0,0,0
2024,8,KY,Mason County,25,0,0,0,0
2024,8,NE,Saunders County,10,0,0,0,0
2024,9,UT,Davis County,15,0,0,0,0
2025,2,CO,Morgan County,21,0,0,0,0
2025,3,PA,Warren County,60,0,0,0,0
2024,11,WA,Mason County,6,0,0,0,0
2024,11,PA,Perry County,15,0,0,0,0
2025,3,NJ,Burlington County,45,0,0,0,0
2025,3,OK,McClain County,119,0,0,0,0
2025,3,WI,Manitowoc County,20,0,0,0,0
2025,1,KS,Harvey County,20,0,0,0,0
2025,2,NC,Moore County,20,0,0,0,0
2025,2,IN,Wayne County,50,0,0,0,0
2025,2,TX,San Patricio County,5,0,0,0,0
2025,2,TX,Lamar County,10,0,0,0,0
2025,2,OR,Curry County,10,0,0,0,0
2025,3,KS,Finney County,30,0,0,0,0
2025,3,SC,Sumter County,50,0,0,0,0
2025,2,IN,Rush County,20,0,0,0,0
2024,7,KS,Sumner County,15,0,0,0,0
2024,7,NC,Moore County,5,0,0,0,0
2024,8,NC,Orange County,5,0,0,0,0
2024,10,KY,Clark County,5,0,0,0,0
2024,11,KY,Lawrence County,5,0,0,0,0
2025,2,WA,Kitsap County,35,0,0,0,0
2025,3,CA,Lassen County,10,0,0,0,0
2025,1,TX,Archer County,40,0,0,0,0
2025,3,MS,Union County,15,0,0,0,0
2024,7,IN,Wayne County,5,0,0,0,0
2024,7,NC,Warren County,10,0,0,0,0
2025,3,KY,Ohio County,30,0,0,0,0
2025,2,LA,Vermilion Parish,10,0,0,0,0
2025,2,AK,Fairbanks North Star Borough,15,0,0,0,0
2025,2,MO,Butler County,5,0,0,0,0
2025,2,IA,Fremont County,5,0,0,0,0
2025,3,WV,Hancock County,30,0,0,0,0
2025,3,MI,Huron County,15,0,0,0,0
2024,9,AR,Calhoun County,5,0,0,0,0
2024,12,MI,Huron County,5,0,0,0,0
2025,1,IN,Montgomery County,9,0,0,0,0
2025,3,MI,Oceana County,15,0,0,0,0
2025,3,NY,Lewis County,10,0,0,0,0
2024,12,SD,Lawrence County,5,0,0,0,0
2024,6,TX,Gray County,5,0,0,0,0
2024,11,ND,Grand Forks County,5,0,0,0,0
2024,12,ID,Gem County,5,0,0,0,0
2024,8,WI,Fond du Lac County,5,0,0,0,0
2025,3,TX,Gray County,5,0,0,0,0
2025,2,WI,Oneida County,10,0,0,0,0
2025,2,KY,Owen County,15,0,0,0,0
2024,9,GA,Union County,5,0,0,0,0
2024,9,WA,Franklin County,5,0,0,0,0
2024,6,FL,Volusia County,5245,2,1,2,0
2024,6,IN,Elkhart County,3597,17,6,18,2
2024,6,KY,Boone County,993,2,4,0,0
2024,6,KY,Henderson County,675,0,0,0,0
2024,6,MI,Gogebic County,345,0,0,0,0
2024,6,MO,Jackson County,6955,19,3,7,10
2024,6,NC,Davie County,695,0,0,0,0
2024,6,MO,St. Francois County,265,0,0,0,0
2024,6,PA,Bradford County,455,0,0,0,0
2024,6,IA,Tama County,135,0,0,0,0
2024,6,TX,Lampasas County,137,0,0,0,0
2024,6,CA,San Bernardino County,3043,1,0,3,1
2024,6,OH,Hamilton County,3445,22,1,11,4
2024,6,PA,Lehigh County,205,0,0,0,0
2024,6,VA,Northumberland County,260,0,0,0,0
2024,6,VA,Southampton County,235,0,0,0,0
2024,6,WI,Sheboygan County,1822,0,0,0,0
2024,6,TX,Jones County,620,0,0,0,0
2024,6,OH,Erie County,140,0,0,0,0
2024,6,MN,Carver County,1000,0,0,0,0
2024,6,NC,Columbus County,140,1,0,0,1
2024,6,NC,Pitt County,777,1,6,3,3
2024,6,TX,Wichita County,173,0,0,0,0
2024,6,PA,Washington County,600,0,0,0,0
2024,6,CA,Kern County,331,1,0,1,0
2024,7,CA,Orange County,2051,1,0,0,0
2024,7,TX,Young County,425,11,0,13,9
2024,7,FL,Volusia County,5352,0,0,4,0
2024,6,MO,Carroll County,140,0,0,0,0
2024,7,GA,Hall County,505,0,0,0,0
2024,7,KS,Leavenworth County,1749,8,2,2,2
2024,7,MA,Bristol County,1808,21,16,25,24
2024,7,OK,Stephens County,395,0,0,0,0
2024,7,OR,Multnomah County,720,33,1,29,5
2024,7,PA,Chester County,1384,5,5,3,2
2024,7,TN,DeKalb County,415,0,0,0,0
2024,7,TX,Hays County,848,1,0,0,0
2024,7,MI,Isabella County,276,2,0,11,0
2024,7,MN,Itasca County,240,0,0,0,0
2024,7,GA,Polk County,901,3,3,2,0
2024,7,NY,Chemung County,155,0,0,0,0
2024,7,VA,Frederick County,681,0,0,0,0
2024,8,AL,Marshall County,2421,1,1,0,1
2024,8,CO,Pueblo County,870,0,0,0,0
2024,8,FL,Orange County,9581,42,19,17,14
2024,8,TX,Gray County,10,0,0,0,0
2024,8,MO,Clay County,2126,0,0,1,0
2024,8,AR,Craighead County,654,0,0,0,0
2024,8,IN,Delaware County,565,0,0,0,0
2024,8,VA,Gloucester County,620,0,0,0,0
2024,8,VA,Stafford County,523,0,0,0,0
2024,9,MN,Crow Wing County,648,0,0,0,0
2024,9,SC,Anderson County,465,0,1,0,0
2024,9,MI,Calhoun County,332,0,0,0,0
2024,9,WI,Chippewa County,100,0,0,0,0
2024,10,KY,Jefferson County,2883,4,1,2,3
2024,10,IL,Winnebago County,2492,74,45,32,8
2024,10,VA,Fredericksburg city,420,0,0,0,0
2024,10,IN,Morgan County,435,0,0,0,0
2024,11,FL,Broward County,1455,4,4,4,4
2024,11,FL,Citrus County,1888,0,0,0,24
2024,11,PA,Mifflin County,515,0,0,0,0
2024,12,OH,Ashtabula County,872,0,0,0,0
2024,6,PA,Mifflin County,730,0,0,0,0
2024,6,SC,Orangeburg County,425,0,0,0,0
2024,6,TX,Moore County,85,0,0,0,0
2024,6,CA,Santa Barbara County,165,0,0,0,0
2024,7,IL,Rock Island County,485,0,0,1,0
2024,7,MO,Cedar County,120,0,0,0,0
2024,7,MO,Warren County,25,0,0,0,0
2024,7,MT,Missoula County,130,0,0,0,0
2024,7,NY,Chenango County,125,0,0,0,0
2024,7,OK,Comanche County,315,0,0,0,0
2024,7,TX,Howard County,480,0,0,0,0
2024,7,CO,Pueblo County,905,0,0,0,0
2024,7,MN,Scott County,1446,0,0,0,0
2024,7,NC,Chatham County,780,0,0,0,0
2024,7,FL,Escambia County,593,0,0,0,0
2024,7,IN,Delaware County,590,0,0,0,0
2024,7,VA,Fauquier County,181,0,0,0,0
2024,7,IN,Franklin County,245,0,0,0,0
2024,7,KS,Clay County,120,0,0,0,0
2024,7,MI,Midland County,140,0,0,0,0
2024,7,NY,Yates County,135,0,0,0,0
2024,7,WI,Brown County,53,0,0,0,0
2024,8,GA,Floyd County,3753,2,1,1,1
2024,8,OH,Ashland County,700,0,0,0,0
2024,8,OK,Tulsa County,4058,24,2,9,2
2024,8,VA,Chesapeake city,2382,5,0,1,0
2024,8,IL,Lake County,1140,1,10,0,0
2024,8,OH,Butler County,1920,6,0,32,2
2024,8,OH,Trumbull County,1826,0,1,0,1
2024,8,GA,Monroe County,262,0,0,0,0
2024,8,TN,Hardeman County,585,0,0,0,0
2024,8,TN,Monroe County,990,0,0,0,0
2024,8,MS,Pike County,215,0,0,0,0
2024,8,NH,Hillsborough County,440,0,0,0,0
2024,8,TN,Henderson County,575,0,0,0,0
2024,8,VA,Alexandria city,475,0,0,0,0
2024,9,FL,Polk County,3399,0,0,0,0
2024,9,WA,Snohomish County,1203,4,2,3,4
2024,9,AL,Mobile County,420,0,0,0,0
2024,9,IA,Appanoose County,140,0,0,0,0
2024,9,MD,Howard County,590,0,0,0,0
2024,9,VA,Prince Edward County,559,1,0,0,0
2024,9,VA,Salem city,1330,0,0,1,0
2024,9,AZ,Mohave County,250,0,0,0,0
2024,9,KY,Rockcastle County,1776,13,7,3,1
2024,9,TN,Hardeman County,560,0,0,0,0
2024,9,AL,Coffee County,549,0,0,1,0
2024,9,IN,Grant County,254,4,0,0,0
2024,9,IN,Kosciusko County,1947,0,0,0,0
2024,9,MI,Genesee County,890,3,0,0,0
2024,9,TX,Orange County,1520,0,0,0,0
2024,9,VA,Patrick County,265,0,0,0,0
2024,9,IL,Moultrie County,130,0,0,0,0
2024,9,KS,Geary County,290,0,0,0,0
2024,9,VA,Washington County,1055,0,0,0,0
2024,9,FL,Indian River County,575,7,4,1,1
2024,9,GA,Effingham County,95,0,0,0,0
2024,9,IL,De Witt County,25,1,0,0,0
2024,10,IN,Allen County,4233,10,2,3,4
2024,10,NC,Gaston County,1266,0,0,11,0
2024,10,OK,Cleveland County,1258,3,0,0,0
2024,10,PA,Luzerne County,225,0,0,0,0
2024,10,TX,Grayson County,876,50,39,43,14
2024,10,MO,Texas County,367,2,2,3,2
2024,10,OK,Comanche County,370,0,0,0,0
2024,10,WV,Cabell County,30,1,0,0,0
2024,10,UT,Salt Lake County,155,0,0,0,0
2024,11,MO,Jasper County,930,0,0,0,0
2024,11,NC,Robeson County,370,0,0,0,0
2024,11,IN,St. Joseph County,724,0,0,0,0
2024,11,KY,Jefferson County,2468,0,0,0,0
2024,11,OH,Union County,858,0,0,0,0
2024,11,MD,Prince George's County,1671,3,0,0,0
2024,11,OH,Miami County,1141,6,52,2,3
2024,11,TN,Smith County,140,0,0,0,0
2024,11,GA,Habersham County,120,0,0,0,0
2024,11,MO,Ste. Genevieve County,417,5,365,0,0
2024,11,WI,Waukesha County,605,0,0,0,0
2024,11,LA,Catahoula Parish,150,0,0,0,0
2024,12,AL,Elmore County,2210,7,10,16,0
2024,12,LA,Rapides Parish,2838,1,0,0,0
2024,12,TX,Travis County,12523,79,78,35,23
2024,12,FL,Manatee County,982,6,3,0,0
2024,12,GA,Troup County,980,1,0,0,0
2024,12,IA,Appanoose County,125,0,0,0,0
2024,12,IL,Moultrie County,120,0,0,0,0
2024,12,GA,Monroe County,280,0,0,0,0
2024,12,TX,Gregg County,441,0,0,0,0
2024,12,AL,Dallas County,122,0,1,0,0
2025,1,TX,Johnson County,1482,0,0,0,0
2025,1,CA,Placer County,981,0,0,0,0
2025,1,GA,Forsyth County,1573,0,0,0,0
2024,8,FL,Hillsborough County,16019,16,14,12,1
2024,8,AL,Elmore County,2504,8,0,7,3
2024,8,IN,Harrison County,155,0,0,0,0
2024,8,NC,Chatham County,700,0,0,0,0
2024,8,MS,Prentiss County,376,1,0,3,0
2024,8,NY,Cortland County,115,0,0,0,0
2024,8,OH,Scioto County,490,0,0,0,0
2024,9,AL,Elmore County,2183,3,0,1,3
2024,9,KY,Franklin County,370,0,0,0,0
2024,9,MO,Newton County,85,0,0,0,0
2024,9,NY,Dutchess County,520,0,0,0,0
2024,9,IN,DeKalb County,465,0,0,0,0
2024,9,OK,Bryan County,685,0,0,0,0
2024,9,VA,Dinwiddie County,225,0,0,0,0
2024,9,OK,Kay County,720,0,0,0,0
2024,9,CA,El Dorado County,200,1,1,0,0
2024,9,FL,Nassau County,255,0,0,0,0
2024,9,IN,Wells County,295,0,0,1,0
2024,10,HI,Hawaii County,250,0,0,0,0
2024,10,KY,Rockcastle County,1562,6,0,0,0
2024,10,TN,Wilson County,3336,10,1,4,2
2024,10,VA,Franklin County,13853,79,58,380,62
2024,10,WA,Pierce County,1769,11,1,0,0
2024,10,OH,Greene County,1488,2,1,0,0
2024,10,TN,Lewis County,95,0,0,0,0
2024,10,GA,Thomas County,410,0,0,0,0
2024,10,IN,Porter County,338,1,0,3,1
2024,10,TX,Shelby County,220,0,0,0,0
2024,10,MD,Calvert County,1035,0,0,2,0
2024,10,AL,Monroe County,5,0,0,0,0
2024,11,AZ,Cochise County,751,0,0,0,0
2024,11,OH,Fairfield County,488,0,0,0,0
2024,11,NC,Rowan County,950,0,0,0,0
2024,11,IA,Buchanan County,55,0,0,0,0
2024,11,OH,Geauga County,261,0,0,0,0
2024,11,IN,Morgan County,342,20,27,41,20
2024,11,MI,Charlevoix County,215,0,0,0,0
2024,11,MS,Lee County,220,0,0,0,0
2024,11,IA,Appanoose County,140,0,0,0,0
2024,11,LA,East Baton Rouge Parish,190,0,0,0,0
2024,11,AL,Etowah County,100,0,0,0,0
2024,11,TN,Moore County,125,0,0,0,0
2024,11,KY,Pulaski County,260,0,0,0,0
2024,12,FL,Lee County,5144,0,0,2,0
2024,12,FL,St. Johns County,4297,1,0,0,0
2024,12,FL,Volusia County,4298,12,10,6,3
2024,12,KS,Jackson County,310,0,0,0,0
2024,12,KY,Bullitt County,488,5,3,5,5
2024,12,MI,Oakland County,982,2,1,1,1
2024,12,NC,New Hanover County,1389,0,0,0,0
2024,12,AR,Ouachita County,275,0,0,0,0
2024,12,MS,Hinds County,1310,0,0,0,0
2024,12,MS,Union County,145,0,0,0,0
2024,12,NE,Garden County,120,0,0,0,0
2024,12,PA,Cumberland County,1720,0,0,0,0
2024,12,MO,Newton County,65,0,0,0,0
2024,12,NC,Yancey County,415,0,0,0,0
2024,12,PA,Union County,315,0,0,0,0
2024,12,ND,Burleigh County,320,0,0,0,0
2024,12,TX,Angelina County,141,0,0,0,0
2024,12,VA,Nelson County,280,0,0,0,0
2024,12,WA,Benton County,345,0,0,0,0
2024,12,NC,Pitt County,635,0,0,0,0
2024,12,KY,Graves County,155,0,0,0,0
2024,12,NE,Hall County,60,0,0,0,0
2025,1,IL,McHenry County,1101,1,1,1,1
2025,1,TN,Madison County,2158,0,0,0,0
2025,1,SC,Richland County,2277,7,0,2,0
2025,1,NV,Washoe County,2178,0,0,0,0
2024,9,TX,Galveston County,2602,4,1,6,1
2024,11,MS,Prentiss County,293,0,0,0,0
2024,11,IN,Bartholomew County,598,0,0,0,0
2024,12,PA,Armstrong County,425,0,0,0,0
2024,12,TN,Sullivan County,1715,0,0,0,0
2024,12,TX,Collin County,7934,8,9,10,0
2024,12,VA,Prince Edward County,494,0,0,0,0
2024,12,GA,Spalding County,325,0,0,0,0
2024,12,PA,Pike County,285,0,0,0,0
2024,12,NC,Currituck County,95,0,0,0,0
2025,1,FL,Wakulla County,197,0,0,0,0
2024,7,IA,Warren County,135,0,0,0,0
2024,7,OK,Muskogee County,140,0,0,0,1
2024,8,IA,Warren County,50,0,0,0,0
2024,8,WI,Marathon County,256,0,0,0,0
2024,8,AR,Independence County,170,0,0,0,0
2024,8,ID,Payette County,155,0,0,0,0
2024,8,KS,Linn County,340,0,0,0,0
2024,8,PA,Butler County,100,0,0,0,0
2024,8,VA,Manassas city,300,0,0,0,0
2024,8,ID,Jerome County,225,0,0,0,0
2024,8,VA,Bristol city,390,0,0,0,0
2024,9,GA,Cook County,105,0,0,0,0
2024,9,PA,Schuylkill County,120,0,0,0,0
2024,9,ID,Kootenai County,320,0,0,0,0
2024,10,GA,Tift County,160,0,0,0,0
2024,10,TN,Dyer County,335,0,0,0,0
2024,10,MT,Custer County,125,0,0,0,0
2024,10,OR,Linn County,247,1,1,0,0
2024,10,WA,Grant County,270,0,0,0,0
2024,10,CT,Hartford County,210,21,0,35,0
2024,10,TX,Victoria County,50,0,0,0,0
2024,11,MO,Buchanan County,145,0,0,0,0
2024,11,KY,Trimble County,160,0,0,0,0
2024,11,TX,El Paso County,285,0,0,1,0
2024,11,GA,Carroll County,180,0,0,0,0
2024,11,TN,Pickett County,90,0,0,0,0
2024,11,MI,Ionia County,165,0,0,0,0
2024,12,AL,St. Clair County,50,0,0,0,0
2024,12,NE,Dawson County,125,0,0,0,0
2024,12,KS,Stanton County,170,0,0,0,0
2024,12,KY,Campbell County,335,0,0,0,0
2024,12,VA,Charlottesville city,60,0,0,0,0
2025,1,PA,Centre County,2149,2,0,1,0
2025,1,VA,Greene County,75,0,0,0,0
2025,1,GA,Catoosa County,1325,0,0,0,0
2025,1,LA,Allen Parish,155,0,0,0,0
2025,1,NY,St. Lawrence County,756,0,0,0,0
2025,1,OH,Ashland County,601,0,0,0,0
2025,1,SC,Marlboro County,300,0,0,0,0
2025,1,TN,Sullivan County,1851,0,0,0,0
2025,1,GA,Meriwether County,115,0,0,0,0
2025,1,MO,Boone County,766,2,3,0,1
2025,1,OH,Paulding County,120,0,0,0,0
2025,1,WI,Kenosha County,190,0,0,0,0
2025,1,LA,Sabine Parish,700,0,0,2,0
2025,1,MD,Carroll County,460,0,0,0,0
2025,1,VA,Fluvanna County,215,0,0,0,0
2025,1,OK,McClain County,409,0,0,0,0
2025,1,OH,Medina County,670,0,1,1,0
2025,1,GA,Effingham County,140,0,0,0,0
2025,1,PA,Lycoming County,225,0,0,0,0
2025,1,CA,Sacramento County,193,0,0,0,0
2025,2,CT,Hartford County,210,2,1,2,0
2025,2,GA,Jasper County,225,0,0,0,0
2024,9,FL,Bradford County,125,0,0,0,0
2024,6,KY,Ohio County,90,0,0,0,0
2024,6,TX,Ward County,140,0,0,0,0
2024,7,VA,Rappahannock County,361,4,32,1,11
2024,7,AK,Juneau City and Borough,1,0,0,0,0
2024,8,IA,Butler County,260,0,0,0,0
2024,8,WV,Cabell County,50,0,0,0,0
2024,8,IL,Fulton County,260,0,0,0,0
2024,9,TX,Hunt County,386,0,0,0,0
2024,9,WI,Polk County,105,0,0,0,0
2024,9,IL,Montgomery County,185,0,0,0,0
2024,10,KS,Brown County,40,0,0,0,0
2024,10,KS,Clay County,150,0,0,0,0
2024,11,OK,Lincoln County,25,0,0,0,0
2024,11,MI,Oceana County,124,0,0,0,0
2024,12,MI,Allegan County,104,0,0,0,0
2024,12,KY,Hart County,235,0,0,0,0
2024,12,VT,Bennington County,165,0,0,0,0
2025,1,NE,Garden County,115,0,0,0,0
2025,1,OR,Linn County,286,0,0,0,0
2025,1,TX,Falls County,145,0,0,0,0
2025,1,CA,El Dorado County,250,1,0,1,0
2024,6,PA,Lebanon County,175,0,0,2,0
2024,8,IL,Franklin County,20,0,0,0,0
2024,8,MO,Livingston County,40,0,0,0,0
2024,8,GA,Coffee County,20,0,0,0,0
2024,8,VA,Cumberland County,35,0,0,0,0
2024,8,IL,Clark County,55,0,0,0,0
2024,9,PA,Perry County,30,0,0,0,0
2024,10,VT,Bennington County,195,0,0,0,0
2024,11,MS,Itawamba County,145,0,0,0,0
2024,11,ND,Mercer County,150,0,0,0,0
2024,11,VT,Windsor County,30,0,0,0,0
2024,12,OR,Jefferson County,60,0,0,0,0
2024,6,MO,St. Clair County,30,0,0,0,0
2024,7,GA,Telfair County,7,0,0,0,0
2024,10,AZ,Yuma County,65,0,0,0,0
2024,11,IL,Logan County,50,0,0,0,0
2024,12,NJ,Monmouth County,110,0,0,0,0
2024,12,IA,Union County,210,0,0,0,0
2024,12,KS,Lyon County,90,0,0,0,0
2025,1,WV,Logan County,100,0,0,0,0
2024,10,AZ,Coconino County,25,0,0,0,0
2024,11,VA,Fluvanna County,130,0,0,0,0
2024,11,RI,Kent County,25,0,0,0,0
2025,1,TX,Hunt County,280,0,0,0,0
2025,2,IA,Story County,830,0,0,0,0
2025,2,OK,Texas County,260,0,0,0,0
2025,2,AR,Baxter County,895,0,0,0,0
2025,2,GA,Douglas County,1757,1,0,0,0
2025,2,NC,Franklin County,1082,0,0,0,0
2025,2,VA,Alexandria city,3286,0,0,0,0
2025,2,AZ,Yavapai County,355,0,0,0,0
2025,2,CA,Santa Clara County,1895,0,0,0,0
2025,2,LA,Natchitoches Parish,150,0,0,0,0
2025,2,MD,Howard County,635,0,0,0,0
2025,2,MO,Taney County,666,0,0,0,0
2025,2,SC,Greenville County,3184,0,0,1,0
2025,2,TX,Fisher County,165,0,0,0,0
2025,2,WI,Lincoln County,1139,0,0,0,1
2025,2,TN,Overton County,385,0,0,0,0
2025,2,TX,Lubbock County,945,0,0,0,0
2025,2,FL,Nassau County,370,0,0,0,0
2025,2,KY,Boyd County,170,0,0,0,0
2025,2,MN,Wright County,448,2,1,3,2
2025,2,CT,New Haven County,405,0,0,3,0
2025,2,IN,Howard County,530,0,0,0,0
2025,2,MD,Prince George's County,1740,0,0,1,0
2025,2,NE,Hall County,195,0,0,0,0
2025,2,NY,Monroe County,470,0,0,0,0
2025,2,NY,Orange County,290,0,0,0,0
2025,2,NC,Madison County,50,0,0,0,0
2025,2,NC,Onslow County,378,0,0,0,0
2025,2,PA,Tioga County,130,0,0,0,0
2025,2,MI,Charlevoix County,250,0,0,0,0
2025,2,OH,Fairfield County,301,0,0,0,0
2025,2,PA,Warren County,270,0,0,0,0
2025,2,CA,Santa Cruz County,240,0,0,0,0
2025,3,TN,Robertson County,755,0,0,0,0
2025,3,TX,Guadalupe County,285,0,0,0,0
2025,3,TX,Williamson County,2806,1,0,1,1
2025,3,AL,Calhoun County,260,0,0,0,0
2025,3,NJ,Middlesex County,20,0,0,0,0
2025,3,TX,Collin County,1659,2,2,0,3
2025,3,TX,Henderson County,150,0,0,1,0
2025,3,TX,Fannin County,195,0,0,0,0
2025,3,MI,Genesee County,180,0,0,0,0
2025,3,VA,York County,623,3,9,1,0
2025,3,AR,Garland County,139,0,0,0,0
2025,3,KS,Linn County,50,0,0,0,0
2025,3,MD,Anne Arundel County,94,0,0,0,0
2025,3,MI,Bay County,205,0,0,1,0
2025,3,MS,DeSoto County,305,0,0,0,0
2025,3,MO,Greene County,360,0,0,0,0
2025,3,NC,Hertford County,60,0,0,0,0
2025,3,TN,Rutherford County,860,0,0,0,1
2025,3,TX,Chambers County,70,0,0,0,0
2025,3,VA,Augusta County,370,0,0,0,0
2025,3,VA,Portsmouth city,50,0,0,0,0
2025,2,TN,Smith County,100,0,0,0,0
2025,2,NC,Henderson County,280,0,0,0,0
2024,6,IL,Menard County,40,0,0,0,0
2024,8,GA,Clay County,5,0,0,0,0
2024,9,KY,Christian County,25,0,0,0,0
2024,9,CA,Tehama County,25,0,0,0,0
2024,11,WI,Douglas County,10,0,0,0,0
2024,11,IA,Black Hawk County,10,0,0,0,0
2024,12,NJ,Middlesex County,5,0,0,0,0
2024,12,CT,Middlesex County,36,0,0,0,0
2025,1,AL,Pike County,150,0,0,0,0
2025,1,SD,Lincoln County,110,0,0,0,0
2025,2,NH,Strafford County,135,0,0,0,0
2025,2,MO,Caldwell County,185,0,0,0,0
2025,2,MO,Howell County,85,0,0,0,0
2025,2,NY,Cortland County,136,0,0,0,0
2025,2,OH,Putnam County,105,0,0,0,0
2025,2,VA,Caroline County,190,0,0,0,0
2025,2,MI,Mecosta County,125,0,0,0,0
2025,2,MI,Saginaw County,1155,0,0,3,0
2025,3,KY,Hart County,30,0,0,0,0
2025,3,WA,Clark County,205,1,0,0,0
2025,3,FL,Gadsden County,60,0,0,0,0
2025,3,MO,Christian County,181,0,0,0,0
2025,3,MO,Henry County,30,0,0,0,0
2025,3,OH,Mercer County,60,0,0,0,0
2025,3,TN,Henry County,70,0,0,0,0
2025,3,OH,Lucas County,340,0,0,0,0
2025,3,KY,Webster County,45,0,0,0,0
2024,8,VT,Windsor County,45,0,0,0,0
2024,10,WI,Iowa County,50,0,0,0,0
2024,11,MO,Warren County,10,0,0,0,0
2025,1,MI,Delta County,26,0,0,0,0
2025,1,NE,York County,5,0,0,0,0
2025,1,TN,Stewart County,20,0,0,0,0
2024,7,TX,San Patricio County,20,0,0,0,0
2024,9,VA,Brunswick County,5,0,0,0,0
2024,9,NY,Lewis County,20,0,0,0,0
2024,10,LA,Vermilion Parish,30,0,0,0,0
2024,12,NC,Lenoir County,40,0,0,0,0
2025,1,MO,Howell County,105,0,0,0,0
2024,7,KY,Clark County,30,0,0,0,0
2024,7,NC,Yadkin County,5,0,0,0,0
2024,7,IL,Franklin County,25,0,0,0,0
2024,7,ND,Stutsman County,16,0,0,0,0
2024,10,ND,Wells County,5,0,0,0,0
2025,1,NC,Camden County,40,0,0,0,0
2024,6,IL,De Witt County,16,3,3,3,1
2024,12,MS,Warren County,20,0,0,0,0
2025,1,WV,Jefferson County,5,0,0,0,0
2024,6,PA,Susquehanna County,15,0,0,0,0
2024,7,AL,Covington County,11,0,0,0,0
2024,12,CA,Solano County,55,0,0,0,0
2024,12,KS,Wabaunsee County,5,0,0,0,0
2024,12,MO,Lincoln County,75,0,0,0,0
2025,1,ND,Benson County,60,0,0,0,0
2024,9,AL,Perry County,5,0,0,0,0
2024,10,MO,Livingston County,15,0,0,0,0
2024,6,KY,Taylor County,5,0,0,0,0
2024,6,WA,Pend Oreille County,10,0,0,0,0
2024,8,KY,Bourbon County,20,0,0,0,0
2024,11,WI,Washington County,10,0,0,0,0
2025,1,KY,Meade County,10,0,0,0,0
2025,1,WI,Washington County,31,1,0,3,1
2025,2,CA,San Benito County,250,0,0,0,0
2025,3,TN,Fayette County,179,0,0,0,0
2025,3,SC,Saluda County,5,0,0,0,0
2024,7,NC,Ashe County,30,0,0,0,0
2024,9,MT,Park County,30,0,0,0,0
2025,1,VA,Rappahannock County,129,4,0,8,0
2025,1,NY,Lewis County,30,0,0,0,0
2025,1,WA,Franklin County,40,0,0,0,0
2025,2,WI,Barron County,205,0,0,0,0
2025,2,LA,West Baton Rouge Parish,45,0,0,0,0
2025,3,NC,Lenoir County,10,0,0,0,0
2025,3,TX,Parker County,55,0,0,0,0
2025,3,TN,Warren County,85,0,0,0,0
2025,3,MT,Custer County,25,0,0,0,0
2025,3,TX,Falls County,35,0,0,0,0
2025,3,IN,LaGrange County,15,0,0,0,0
2025,3,OR,Douglas County,65,0,0,0,0
2024,7,TN,Van Buren County,5,0,0,0,0
2024,9,MN,Isanti County,3,0,0,0,1
2024,10,MI,Tuscola County,45,0,0,0,0
2025,1,MS,Marion County,60,0,0,0,0
2025,2,TN,Marion County,55,0,0,0,0
2025,3,CA,Humboldt County,20,0,0,0,0
2025,2,OH,Huron County,15,0,0,0,0
2024,8,NY,Steuben County,5,0,0,0,0
2024,9,NJ,Salem County,5,0,0,0,0
2025,2,CT,Tolland County,95,0,0,0,0
2025,3,VA,Northumberland County,25,0,0,0,0
2024,8,LA,St. Martin Parish,35,0,0,0,0
2024,12,TN,Marion County,10,0,0,0,0
2025,1,IA,Monona County,15,0,0,0,0
2025,2,PA,Bucks County,30,0,0,0,0
2024,6,OK,Garfield County,5,0,0,0,0
2024,7,KY,Christian County,30,0,0,0,0
2024,7,IN,Marshall County,25,0,0,0,0
2024,7,WV,Lincoln County,5,0,0,0,0
2024,9,OK,Grady County,5,0,0,0,0
2025,2,NV,Douglas County,42,0,0,0,0
2025,2,KS,Morris County,5,0,0,0,0
2024,7,WI,Richland County,1,0,0,0,0
2025,1,IA,Pocahontas County,10,0,0,0,0
2025,3,FL,Bay County,30,0,0,0,0
2025,3,KS,Butler County,10,0,0,0,0
2025,1,MI,Barry County,10,0,0,0,0
2024,12,MO,Iron County,5,0,0,0,0
2025,3,GA,Grady County,25,0,0,0,0
2025,1,GA,Clay County,5,0,0,0,0
2025,3,TN,Lawrence County,10,0,0,0,0
2025,3,KY,Mason County,5,0,0,0,0
2025,3,AL,Walker County,5,0,0,0,1
2024,11,PA,Susquehanna County,5,0,0,0,0
2024,10,NJ,Middlesex County,5,0,0,0,0
2024,10,GA,Charlton County,5,0,0,0,0
2025,3,TX,Howard County,20,0,0,0,0
2024,12,IN,Parke County,5,0,0,0,0
2025,1,OH,Fayette County,10,0,0,0,0
2024,6,CO,El Paso County,4943,20,14,27,4
2024,6,KS,Johnson County,18037,40,51,46,17
2024,6,KY,Nelson County,1505,12,0,6,2
2024,6,MO,Adair County,1030,0,0,0,0
2024,6,NY,Monroe County,859,2,0,0,3
2024,6,KS,Leavenworth County,1247,37,3,17,7
2024,6,FL,Flagler County,525,0,0,0,0
2024,6,NC,Caldwell County,705,9,0,1,0
2024,6,VA,Henrico County,1740,0,0,0,0
2024,6,CO,Pueblo County,1166,1,0,0,0
2024,6,NV,Washoe County,2188,30,80,47,30
2024,6,NC,Henderson County,705,1,0,0,0
2024,6,SD,Davison County,375,0,3,0,0
2024,6,CO,Arapahoe County,477,0,0,0,0
2024,6,TN,Warren County,375,0,0,0,0
2024,6,TN,Wilson County,1659,2,3,3,1
2024,6,MS,Leflore County,120,0,0,0,0
2024,6,TN,Hardin County,285,0,0,0,0
2024,6,SD,Minnehaha County,180,0,0,1,0
2024,6,MI,Calhoun County,365,0,0,0,0
2024,7,NJ,Ocean County,3810,21,31,15,1
2024,7,OH,Cuyahoga County,4816,7,1,4,0
2024,7,VA,Chesapeake city,2424,1,1,0,0
2024,7,CA,Napa County,915,0,0,0,0
2024,7,PA,Montgomery County,3506,12,4,5,4
2024,7,CO,Douglas County,812,5,2,0,0
2024,7,MS,Forrest County,215,0,0,0,0
2024,7,MS,Harrison County,245,1,0,0,0
2024,7,NC,Brunswick County,1654,6,4,0,1
2024,7,PA,Clinton County,285,0,0,0,0
2024,7,WI,Dane County,745,0,0,0,2
2024,7,OH,Fayette County,185,0,0,0,0
2024,7,SC,Colleton County,145,0,0,0,0
2024,7,AR,Ouachita County,225,0,0,0,0
2024,7,CA,Santa Barbara County,164,14,0,0,0
2024,7,IL,Scott County,230,0,0,0,0
2024,7,TX,Smith County,593,0,0,0,1
2024,7,TX,Walker County,130,0,0,0,0
2024,7,OH,Medina County,976,0,0,0,0
2024,7,OH,Fulton County,474,4,1,14,0
2024,7,WI,Taylor County,125,1,0,0,0
2024,8,FL,Marion County,2455,23,10,5,18
2024,8,VT,Bennington County,225,0,0,0,0
2024,8,MI,Van Buren County,630,0,0,0,0
2024,8,IL,Stephenson County,790,0,0,0,0
2024,8,TN,DeKalb County,220,0,0,0,0
2024,8,MA,Plymouth County,445,0,0,0,0
2024,8,CA,Marin County,120,0,0,0,0
2024,8,VA,Powhatan County,892,0,2,74,0
2024,9,NV,Washoe County,1886,11,8,6,7
2024,9,NC,Union County,1440,1,0,2,0
2024,9,OH,Cuyahoga County,3990,18,8,2,0
2024,9,OK,Okmulgee County,810,0,0,0,0
2024,9,MN,St. Louis County,210,0,0,0,0
2024,10,VA,Prince William County,3248,0,1,0,0
2024,10,CA,Orange County,2083,0,1,0,2
2024,10,LA,Caddo Parish,1539,0,0,0,0
2024,11,AR,Pulaski County,1260,0,0,0,0
2024,11,PA,Lehigh County,185,0,0,0,0
2024,11,GA,Oglethorpe County,100,0,0,0,0
2024,11,NJ,Passaic County,65,0,0,0,0
2024,12,MO,Christian County,1122,0,0,0,0
2025,1,NC,Franklin County,1430,0,0,4,0
2024,6,VA,Manassas city,385,0,0,0,0
2024,6,WI,Kenosha County,310,0,0,0,0
2024,6,NY,Niagara County,395,0,0,0,0
2024,6,WV,Wayne County,40,0,0,0,0
2024,6,GA,Lumpkin County,91,0,0,0,0
2024,7,NC,Catawba County,7376,17,11,8,7
2024,7,OH,Columbiana County,195,0,0,0,0
2024,7,OK,Pittsburg County,2330,8,1,1,3
2024,7,TX,Chambers County,475,0,0,0,0
2024,7,NH,Coos County,370,0,0,0,0
2024,7,LA,Bossier Parish,2025,0,0,0,0
2024,7,KS,Jackson County,420,0,0,0,0
2024,7,NC,Iredell County,869,0,0,0,0
2024,7,OH,Summit County,460,0,0,0,0
2024,7,NC,Edgecombe County,380,0,0,0,0
2024,7,OH,Hancock County,155,0,0,0,0
2024,7,TN,Haywood County,10,0,0,0,0
2024,7,NC,Hertford County,465,0,0,0,0
2024,7,SC,Chester County,135,0,0,0,0
2024,7,LA,East Baton Rouge Parish,220,0,0,0,0
2024,8,TN,McMinn County,1250,0,0,0,0
2024,8,TX,Bexar County,6372,22,15,13,11
2024,8,TN,Obion County,710,0,0,0,0
2024,8,VA,Virginia Beach city,6054,1,0,1,1
2024,8,GA,Polk County,843,0,0,0,0
2024,8,FL,Citrus County,1978,4,4,0,0
2024,8,TN,Coffee County,704,4,0,1,0
2024,8,TX,Burnet County,782,20,35,20,15
2024,8,GA,Jackson County,547,0,0,0,0
2024,8,LA,Tensas Parish,335,0,0,0,0
2024,8,NC,Stokes County,420,0,0,0,0
2024,8,OH,Meigs County,980,0,0,0,0
2024,8,MO,Moniteau County,270,0,0,0,0
2024,8,OH,Defiance County,180,0,0,0,0
2024,8,OH,Shelby County,220,0,0,0,0
2024,9,FL,Duval County,6179,17,3,4,6
2024,9,IA,Scott County,688,2,4,1,2
2024,9,KS,Shawnee County,5854,0,0,0,0
2024,9,MO,St. Louis County,3112,8,9,29,7
2024,9,KS,Butler County,285,0,0,0,0
2024,9,NY,St. Lawrence County,545,0,0,0,0
2024,9,OK,Wagoner County,560,0,0,0,0
2024,9,MN,Olmsted County,490,0,0,0,0
2024,9,FL,Escambia County,515,0,0,0,0
2024,9,KS,Pottawatomie County,150,0,0,0,0
2024,9,KY,Garrard County,247,0,0,0,0
2024,9,KY,Hart County,260,0,0,0,0
2024,9,OH,Clermont County,984,1,0,4,0
2024,9,PA,Cumberland County,1538,0,0,0,0
2024,9,TX,Franklin County,35,0,0,0,0
2024,9,NE,Buffalo County,225,0,0,0,0
2024,9,MI,Wexford County,185,0,0,0,0
2024,10,LA,Livingston Parish,1256,0,1,0,0
2024,10,MO,Dade County,235,0,0,0,0
2024,10,LA,Lincoln Parish,440,0,0,0,0
2024,10,MI,Charlevoix County,195,0,0,0,0
2024,10,TX,Collin County,7616,30,8,11,14
2024,10,IN,Wells County,290,0,0,0,0
2024,10,AL,Henry County,135,0,0,0,0
2024,10,FL,Sumter County,1484,0,0,0,0
2024,10,KS,Saline County,120,0,0,0,0
2024,10,TX,Bastrop County,1275,0,0,0,0
2024,10,GA,Liberty County,170,0,0,0,0
2024,10,MS,Forrest County,240,0,0,0,0
2024,10,WI,Milwaukee County,312,2,0,0,0
2024,10,UT,Cache County,373,0,0,0,0
2024,10,KS,Montgomery County,295,0,0,0,0
2024,10,WY,Laramie County,85,0,0,0,0
2024,10,GA,Gordon County,505,0,0,0,0
2024,11,IN,LaPorte County,200,0,0,0,0
2024,11,TN,Rhea County,612,0,0,0,0
2024,11,MD,Queen Anne's County,180,0,0,0,0
2024,11,NY,Bronx County,125,0,0,0,0
2024,12,AL,Walker County,215,0,0,0,0
2024,12,FL,Columbia County,305,0,0,0,0
2024,12,GA,Henry County,1465,1,0,0,0
2024,12,NM,Bernalillo County,5346,0,0,0,0
2024,12,NC,Rockingham County,345,0,0,0,0
2024,12,OH,Lucas County,1380,0,1,0,0
2024,12,VA,Staunton city,725,0,0,0,0
2024,12,WI,Ozaukee County,150,0,0,0,0
2024,12,KY,Mercer County,335,0,0,0,0
2024,12,TN,Jefferson County,205,0,0,0,0
2024,12,GA,Glynn County,510,0,0,0,0
2025,1,UT,Cache County,435,0,0,0,0
2025,1,OK,Oklahoma County,2943,0,1,7,1
2025,1,GA,Rockdale County,1095,0,0,0,0
2025,1,MO,Jasper County,926,0,0,0,0
2024,7,NE,Douglas County,1820,13,0,8,0
2024,7,MI,Tuscola County,85,0,0,0,0
2024,8,KS,Hamilton County,140,3,0,0,0
2024,8,NC,Richmond County,670,0,0,0,0
2024,8,PA,Clearfield County,645,0,0,0,0
2024,8,AR,Benton County,2471,8,3,32,4
2024,8,GA,Elbert County,140,0,0,0,0
2024,8,IA,Linn County,150,0,0,0,0
2024,8,NY,Niagara County,450,0,0,0,0
2024,8,TX,Gregg County,393,1,1,1,0
2024,8,AL,Pike County,165,0,0,0,0
2024,8,OK,Kay County,780,0,0,0,0
2024,9,NC,Brunswick County,1554,4,1,4,1
2024,9,VA,Hanover County,1227,0,0,2,1
2024,9,SC,Clarendon County,40,0,0,0,0
2024,9,IN,Porter County,262,0,0,0,0
2024,9,TX,Falls County,145,0,0,0,0
2024,10,FL,Hillsborough County,13920,57,26,16,8
2024,10,NY,Onondaga County,1100,0,0,0,0
2024,10,OK,Oklahoma County,3083,1,1,0,1
2024,10,TX,Williamson County,15362,288,139,153,25
2024,10,VA,Chesterfield County,9810,3,1,1,0
2024,10,AL,Mobile County,470,0,0,0,0
2024,10,TX,Dallas County,6929,79,46,61,45
2024,10,NY,Dutchess County,495,0,0,0,0
2024,10,TX,Wilson County,320,0,0,0,0
2024,10,FL,Walton County,260,0,0,0,0
2024,10,NC,Pitt County,613,0,0,10,0
2024,10,AZ,Mohave County,163,2,0,1,0
2024,10,AR,Benton County,2049,0,0,0,0
2024,10,NE,Seward County,55,0,0,0,0
2024,11,FL,Lake County,2499,2,0,0,1
2024,11,TN,Marshall County,386,0,2,2,3
2024,11,TX,Tarrant County,15733,101,89,95,92
2024,11,MI,Saginaw County,864,0,0,0,0
2024,11,SC,Richland County,2369,4,2,2,4
2024,11,AR,Craighead County,695,0,0,0,0
2024,11,GA,Hall County,749,1,0,3,0
2024,11,KS,Montgomery County,275,0,0,0,0
2024,11,KY,Jessamine County,330,0,0,0,0
2024,11,MS,Marshall County,285,0,0,0,0
2024,11,NC,Gaston County,1012,0,0,1,0
2024,11,OH,Marion County,1717,1,0,2,2
2024,11,VA,Staunton city,715,0,0,0,0
2024,11,MD,Harford County,1252,15,0,3,0
2024,11,ND,Stutsman County,100,1,0,0,1
2024,11,TX,Ellis County,2136,11,0,1,0
2024,11,KS,Douglas County,391,0,0,0,0
2024,11,VA,Alexandria city,335,0,0,0,0
2024,11,AR,Lonoke County,1145,0,0,0,0
2024,11,OR,Multnomah County,875,1,0,0,0
2024,11,CA,Kern County,307,1,0,0,0
2024,11,IA,Story County,445,0,0,0,0
2024,11,VA,Bristol city,405,0,0,0,0
2024,12,MO,Texas County,165,0,0,0,0
2024,12,TN,Blount County,1346,0,0,0,0
2024,12,VA,Chesterfield County,10268,8,5,2,2
2024,12,MN,Olmsted County,491,0,0,0,0
2024,12,TX,Fannin County,1075,0,0,0,0
2024,12,TX,Falls County,160,0,0,0,0
2024,12,NC,Buncombe County,813,21,5,19,18
2024,12,MN,Goodhue County,120,0,0,0,0
2024,12,NE,Lincoln County,145,0,0,0,0
2024,12,PA,Washington County,310,0,0,0,0
2024,12,TN,Grainger County,210,0,0,0,0
2024,12,TX,Midland County,575,0,0,0,0
2024,12,MS,Marshall County,300,0,0,0,0
2024,12,PA,Cambria County,90,0,0,0,0
2025,1,CA,Stanislaus County,2840,1,1,2,1
2025,1,ME,Waldo County,230,0,0,0,0
2025,1,TX,Travis County,13005,98,94,97,71
2025,1,IN,Wells County,315,0,0,0,0
2025,1,MD,Washington County,411,0,0,0,0
2025,1,MS,Union County,150,0,0,0,0
2025,1,NC,Pitt County,695,0,0,0,0
2025,1,PA,Adams County,552,0,0,0,0
2025,1,VA,Appomattox County,2659,1,0,2,0
2024,9,TX,Hill County,340,0,0,0,0
2024,9,CO,Arapahoe County,331,27,38,2,0
2024,11,MI,Kalamazoo County,1080,0,0,0,0
2024,11,CA,El Dorado County,175,0,0,0,0
2024,12,IL,Madison County,834,0,0,0,0
2024,12,TN,Hawkins County,290,0,0,0,0
2024,12,OR,Lane County,660,0,0,0,0
2025,1,VA,Prince George County,850,0,0,0,0
2024,6,AR,Pope County,50,0,0,0,0
2024,6,GA,Murray County,235,0,0,0,0
2024,6,GA,Irwin County,355,0,0,0,0
2024,6,NV,Douglas County,143,1,1,1,1
2024,6,NC,Orange County,55,1,1,0,1
2024,7,WV,Logan County,270,0,0,0,0
2024,7,MS,Marshall County,250,0,0,0,0
2024,7,MI,Barry County,30,0,0,0,0
2024,8,TN,Chester County,150,0,0,0,0
2024,8,TX,Houston County,45,0,0,0,0
2024,8,LA,St. Tammany Parish,662,0,0,0,1
2024,8,PA,Westmoreland County,260,0,0,0,0
2024,8,SD,Lincoln County,125,0,0,0,0
2024,8,AL,Limestone County,260,0,0,0,0
2024,8,VA,Patrick County,240,0,0,0,0
2024,8,ID,Nez Perce County,40,0,0,0,0
2024,9,VA,Buena Vista city,56,4,1,1,2
2024,9,IN,Franklin County,105,0,0,0,0
2024,9,MN,Kandiyohi County,90,0,0,0,0
2024,9,NC,Person County,100,0,0,0,0
2024,9,PA,Westmoreland County,380,0,0,0,0
2024,10,MO,Pulaski County,270,1,1,1,0
2024,10,GA,Clay County,5,0,0,0,0
2024,11,VA,Clarke County,150,0,0,0,0
2024,11,AR,Conway County,117,53,67,58,15
2024,11,TX,Hardin County,270,0,0,0,0
2024,12,TN,Morgan County,450,0,0,0,0
2024,12,TN,Henry County,437,1,0,0,0
2024,12,FL,DeSoto County,55,0,0,0,0
2025,1,AR,Ashley County,315,0,0,0,0
2025,1,CA,San Luis Obispo County,810,0,0,0,0
2025,1,MI,Jackson County,945,0,0,0,0
2025,1,NC,Alexander County,211,0,0,0,0
2025,1,OH,Belmont County,195,0,0,0,0
2025,1,OH,Crawford County,295,0,0,0,0
2025,1,AL,Chilton County,215,0,0,0,0
2025,1,GA,Paulding County,581,0,0,0,0
2025,1,IA,Story County,1108,17,3,3,0
2025,1,TX,Chambers County,445,0,0,0,0
2025,1,WI,Ozaukee County,150,0,0,0,0
2025,1,GA,Irwin County,275,0,0,0,0
2025,1,IN,Henry County,330,2,0,0,0
2025,1,OR,Lane County,676,0,0,0,0
2025,1,SC,Fairfield County,415,0,0,0,0
2025,2,KY,Franklin County,365,0,0,0,0
2025,2,TN,Hamilton County,3753,5,0,4,0
2025,2,TN,Shelby County,7854,3,4,14,0
2025,2,VA,Franklin County,11852,0,0,6,0
2025,2,AL,Lee County,2049,0,0,0,0
2024,10,MO,Perry County,125,0,0,0,0
2025,1,LA,West Feliciana Parish,375,0,0,0,0
2025,1,VA,Lynchburg city,1250,0,0,0,0
2025,1,NC,Davie County,560,0,0,0,0
2024,6,OK,Craig County,110,0,0,0,0
2024,6,VT,Bennington County,245,0,0,0,0
2024,6,KS,Jefferson County,110,0,0,0,0
2024,6,TX,Robertson County,155,0,0,0,0
2024,6,MO,Laclede County,265,3,1,0,0
2024,6,KY,Carroll County,120,0,0,0,0
2024,6,ND,Walsh County,20,10,0,0,0
2024,7,WV,Nicholas County,15,0,0,0,0
2024,8,GA,Madison County,25,0,0,0,0
2024,8,MO,St. Clair County,55,0,0,0,0
2024,8,NC,Moore County,20,0,1,0,0
2024,9,IA,Dallas County,70,0,0,0,0
2024,10,AR,Pope County,55,0,0,0,0
2024,10,WI,Racine County,130,5,0,1,1
2024,10,IL,Jersey County,10,0,0,0,0
2024,10,MI,Shiawassee County,20,0,0,0,0
2024,11,NC,Cumberland County,27,0,0,0,0
2024,11,GA,Tift County,150,0,0,0,0
2024,12,MA,Middlesex County,280,0,0,0,0
2024,12,AR,Conway County,27,0,0,28,0
2024,12,IL,Franklin County,30,0,0,0,0
2024,12,MN,Clay County,25,0,0,0,0
2024,12,IA,Marshall County,170,0,0,0,0
2024,12,WI,Brown County,25,0,0,0,0
2025,1,MO,Callaway County,185,0,0,0,0
2024,6,TX,Schleicher County,125,0,0,0,0
2024,6,CT,New Haven County,349,0,0,0,0
2024,6,LA,Franklin Parish,175,0,0,0,0
2024,7,MN,Kandiyohi County,107,0,0,0,0
2024,8,IL,Cumberland County,56,2,1,0,0
2024,10,NH,Carroll County,45,0,0,0,0
2024,11,MN,Chisago County,63,29,2,5,0
2024,12,OH,Clinton County,90,0,0,0,0
2024,12,MD,Allegany County,15,0,0,0,0
2024,12,VA,Brunswick County,45,0,0,0,0
2025,1,OK,Comanche County,380,0,0,0,0
2025,1,CO,Garfield County,90,0,0,0,0
2025,2,CO,Adams County,5712,154,118,104,50
2025,2,IN,Allen County,3621,0,0,0,0
2025,2,OH,Clark County,180,0,0,0,0
2025,2,OH,Wood County,717,0,0,8,0
2025,2,TN,Davidson County,3398,8,1,7,1
2025,2,MO,Clay County,1553,2,0,1,1
2025,2,NC,Robeson County,235,0,0,0,0
2025,2,OH,Trumbull County,1208,4,0,0,4
2025,2,PA,Lancaster County,1007,0,0,0,3
2025,2,TN,Anderson County,490,0,0,0,0
2025,2,IA,Butler County,175,0,0,0,0
2025,2,PA,Allegheny County,1656,1,1,2,0
2025,2,ME,Cumberland County,265,0,0,0,0
2025,2,NY,Erie County,956,0,0,0,0
2025,2,AR,Sharp County,115,0,0,0,0
2025,2,VA,Lynchburg city,1300,0,0,0,0
2025,2,HI,Honolulu County,1983,51,31,10,5
2025,2,WA,Lewis County,140,0,0,0,0
2025,3,OK,Cleveland County,165,0,0,0,0
2025,3,TN,Wilson County,475,0,0,0,0
2025,3,VA,Shenandoah County,40,0,0,0,0
2025,3,CA,San Francisco County,5,0,0,0,0
2025,3,NC,Chatham County,155,0,0,0,0
2025,3,AL,Shelby County,673,0,1,0,0
2025,3,FL,Clay County,160,0,0,0,0
2025,3,FL,Nassau County,65,0,0,0,0
2025,3,FL,Palm Beach County,99,5,2,0,0
2025,3,GA,Brooks County,60,0,0,0,0
2025,3,IL,Tazewell County,65,0,0,0,0
2025,3,TN,Hickman County,40,0,0,0,0
2025,3,TN,Sullivan County,315,0,0,0,0
2025,3,TN,White County,105,0,0,0,0
2025,3,TX,Hays County,165,0,0,0,0
2025,3,TX,Hopkins County,10,0,0,0,0
2025,3,VA,Carroll County,100,0,0,0,0
2025,2,MI,St. Joseph County,458,0,0,0,0
2025,2,NC,Stokes County,300,0,0,0,0
2025,2,IN,Henry County,260,0,0,0,0
2025,2,AL,Blount County,248,7,1,1,1
2024,8,ND,Benson County,105,0,0,0,0
2024,9,PA,Northampton County,110,0,1,4,0
2024,9,IL,Pope County,60,0,0,0,0
2024,10,IL,Moultrie County,115,0,0,0,0
2024,10,MO,Henry County,160,0,0,0,0
2024,10,IA,Warren County,75,0,0,0,0
2024,10,PA,Blair County,60,0,0,0,0
2024,10,VA,Floyd County,75,0,0,0,0
2024,11,SD,Douglas County,95,0,0,0,0
2024,11,AL,St. Clair County,55,0,0,0,0
2024,12,KS,Atchison County,5,0,0,0,0
2025,1,NC,Duplin County,140,0,0,0,0
2025,1,VA,Charlottesville city,96,1,1,1,1
2025,1,WI,Racine County,195,0,0,0,0
2025,1,OH,Madison County,271,0,0,0,0
2025,1,IL,Logan County,40,0,0,0,0
2025,2,OK,Logan County,25,0,0,0,0
2025,2,VA,Wythe County,75,0,0,0,0
2025,2,MN,Blue Earth County,125,0,0,0,0
2025,3,AL,Russell County,55,0,0,0,0
2025,3,PA,Blair County,61,0,4,2,0
2025,3,GA,Floyd County,720,1,0,0,0
2025,2,MN,Sherburne County,289,0,0,0,0
2024,8,GA,Columbia County,280,0,0,0,0
2025,2,VA,Charlottesville city,65,0,0,0,0
2025,2,NE,Johnson County,80,0,0,0,0
2024,6,MI,Eaton County,88,0,0,0,0
2024,7,VA,Floyd County,50,0,0,0,0
2024,8,LA,Grant Parish,6,0,0,0,0
2024,9,MS,Bolivar County,15,0,0,0,0
2024,9,VA,Richmond city,35,0,0,0,0
2024,12,CT,Windham County,45,0,0,0,0
2024,8,NY,Wyoming County,5,0,0,0,0
2024,11,IL,Macon County,20,0,0,0,0
2024,11,IL,Clinton County,40,0,0,0,0
2025,1,AZ,Coconino County,30,0,0,0,0
2025,1,AR,Crittenden County,85,0,0,0,0
2024,8,AR,Miller County,65,0,0,0,0
2024,9,MO,Cape Girardeau County,18,0,0,0,0
2024,12,IA,Buchanan County,10,0,0,0,0
2024,6,IL,Randolph County,6,0,0,0,0
2024,8,PA,Cameron County,5,0,0,0,0
2024,10,CT,Windham County,35,0,0,0,0
2024,11,TX,Atascosa County,10,0,0,0,0
2024,9,KY,Marion County,30,0,0,0,0
2024,11,VT,Washington County,50,0,0,0,0
2024,6,NJ,Cumberland County,5,0,0,0,0
2024,9,CO,Elbert County,15,0,0,0,0
2024,9,TN,Marion County,10,0,0,0,0
2024,11,OR,Columbia County,20,0,0,0,0
2024,8,CA,Yolo County,5,0,0,0,0
2024,10,UT,Utah County,5,0,0,0,0
2024,12,NV,Storey County,15,0,0,0,0
2025,1,OR,Tillamook County,10,0,0,0,0
2025,1,TN,Lewis County,55,0,0,0,0
2025,1,NY,Rockland County,60,0,0,0,0
2025,3,LA,Natchitoches Parish,35,0,0,0,0
2025,3,NC,Rockingham County,63,0,0,0,0
2024,6,PA,Cameron County,5,0,0,0,0
2024,6,KS,Ellis County,20,0,0,0,0
2025,3,WI,Walworth County,76,0,0,0,0
2025,3,CA,Napa County,105,0,0,0,0
2024,6,KS,Rooks County,15,0,0,0,0
2024,10,NC,Watauga County,15,0,0,0,0
2025,3,WI,Winnebago County,25,0,0,0,0
2025,3,IL,Monroe County,10,0,0,0,0
2025,3,TX,Callahan County,95,0,0,0,0
2024,10,MD,Caroline County,5,0,0,0,0
2024,12,NC,Ashe County,25,0,0,0,0
2025,2,TX,DeWitt County,54,0,0,0,0
2024,11,OK,Carter County,5,0,0,0,0
2024,12,OK,Carter County,15,0,0,0,0
2025,2,TX,Gillespie County,20,0,0,0,0
2025,2,VA,Orange County,35,0,0,0,0
2025,3,MN,Sherburne County,70,0,0,0,0
2024,6,IL,Jackson County,10,0,0,0,0
2024,6,KY,Meade County,45,0,0,0,0
2025,1,AZ,Mohave County,5,1,0,1,0
2025,3,PA,Tioga County,30,0,0,0,0
2025,3,NY,Suffolk County,2,1,2,3,2
2025,2,MO,Miller County,5,0,0,0,0
2025,3,MI,Barry County,5,0,0,0,0
2024,6,MN,Nobles County,1,0,0,0,0
2024,9,WV,Barbour County,5,0,0,0,0
2025,3,NC,Avery County,30,0,0,0,0
2025,1,IA,Delaware County,5,0,0,0,0
2024,6,WV,Roane County,5,0,0,0,0
2024,12,GA,Bacon County,5,0,0,0,0
2025,1,LA,Morehouse Parish,5,0,0,0,0
2024,6,GA,Harris County,755,0,0,0,0
2024,6,IL,DuPage County,1318,0,0,0,0
2024,6,IL,Will County,3643,8,3,5,2
2024,6,MD,Carroll County,635,0,0,0,0
2024,6,NC,Burke County,1487,1,0,0,0
2024,6,GA,Tift County,190,0,0,0,0
2024,6,MI,Gratiot County,1852,0,0,0,0
2024,6,NC,Mecklenburg County,5474,14,10,9,1
2024,6,OH,Hancock County,145,0,0,0,0
2024,6,TN,Grainger County,379,1,1,3,0
2024,6,TX,McLennan County,972,1,0,2,0
2024,6,AR,Pulaski County,1485,7,3,0,0
2024,6,IN,LaGrange County,159,6,1,1,2
2024,6,IN,Porter County,444,1,3,1,1
2024,6,NE,Hall County,115,0,0,0,0
2024,6,OH,Logan County,1291,0,0,0,0
2024,6,LA,St. Martin Parish,40,0,0,0,0
2024,6,TN,Rhea County,1523,38,0,0,0
2024,6,KS,Coffey County,85,0,0,0,0
2024,6,MS,Lee County,670,0,0,0,0
2024,6,MS,Scott County,150,0,0,0,0
2024,6,AR,Ashley County,310,0,0,0,0
2024,6,IL,Scott County,220,0,0,0,0
2024,6,NC,Yancey County,430,0,0,0,0
2024,6,OH,Medina County,859,1,0,0,0
2024,6,TX,Hamilton County,140,0,0,0,0
2024,6,KY,Pulaski County,315,0,0,0,0
2024,7,AK,Anchorage Municipality,2072,3,0,0,0
2024,7,GA,Worth County,165,0,0,0,0
2024,7,TX,Callahan County,740,0,0,0,0
2024,7,OH,Knox County,300,0,0,0,0
2024,7,SC,Beaufort County,585,0,0,0,0
2024,7,IN,Vigo County,175,0,0,0,0
2024,7,ND,Mercer County,155,0,0,0,0
2024,7,NE,Lincoln County,226,1,1,1,1
2024,7,NJ,Camden County,471,0,0,0,0
2024,7,MN,Clay County,25,0,2,0,0
2024,7,OR,Jackson County,250,0,0,0,0
2024,8,GA,Cherokee County,1856,0,0,0,0
2024,8,MI,Allegan County,75,0,0,0,0
2024,8,NY,Jefferson County,2249,0,0,0,0
2024,8,VA,Essex County,90,0,0,0,0
2024,8,ND,Mercer County,150,0,0,0,0
2024,8,VA,Culpeper County,261,2,3,2,7
2024,9,ME,Androscoggin County,600,0,0,0,0
2024,9,MN,Wright County,345,0,0,0,0
2024,9,MO,Cass County,2200,3,0,0,2
2024,9,AL,Montgomery County,1126,0,0,0,0
2024,9,FL,Pasco County,5073,35,7,0,8
2024,9,FL,Martin County,661,2,0,1,1
2024,9,IN,Gibson County,485,0,0,0,0
2024,9,TX,McLennan County,886,0,0,0,0
2024,9,WI,Wood County,721,1,3,2,0
2024,9,AZ,Pima County,612,0,0,0,0
2024,9,OH,Belmont County,179,3,0,4,0
2024,9,CA,Santa Cruz County,155,0,0,0,0
2024,10,MO,Scott County,300,0,0,0,0
2024,10,TX,Tyler County,250,0,0,0,0
2024,11,VT,Bennington County,185,0,0,0,0
2024,12,CO,Pueblo County,685,0,0,0,0
2025,1,LA,Ouachita Parish,2655,0,1,1,0
2025,1,MD,Calvert County,1130,0,0,0,0
2024,6,IA,Johnson County,1868,1,0,0,0
2024,6,VA,New Kent County,330,0,0,0,0
2024,6,OH,Allen County,288,4,2,4,1
2024,6,VA,Floyd County,65,0,0,0,0
2024,6,AR,Poinsett County,85,0,0,0,0
2024,6,TX,Callahan County,912,0,0,3,1
2024,6,TX,Hale County,60,0,0,0,0
2024,6,TX,Mitchell County,15,0,0,0,0
2024,7,NC,Scotland County,911,0,0,0,0
2024,7,AR,White County,205,0,0,0,0
2024,7,GA,Dougherty County,950,0,0,0,0
2024,7,KY,McCracken County,2289,11,7,3,2
2024,7,MN,Steele County,85,0,0,0,0
2024,7,VA,Wise County,95,0,0,0,0
2024,7,GA,Gordon County,520,0,0,0,0
2024,7,NC,Davie County,760,0,0,0,0
2024,7,VA,Caroline County,290,0,0,0,0
2024,7,MO,Pulaski County,44,0,0,0,0
2024,8,MS,Lauderdale County,675,0,0,0,0
2024,8,SC,Laurens County,945,0,0,0,0
2024,8,GA,Troup County,1173,0,0,0,0
2024,8,CT,Hartford County,297,42,19,21,2
2024,8,KY,Trimble County,200,0,0,0,0
2024,8,PA,Indiana County,100,0,0,0,0
2024,8,LA,Vernon Parish,605,0,0,0,0
2024,9,AR,Saline County,973,3,0,3,1
2024,9,IL,Winnebago County,2195,66,55,32,0
2024,9,MS,Rankin County,645,0,0,0,0
2024,9,TX,Dallas County,6937,8,1,13,0
2024,8,IN,Warrick County,1930,0,0,0,0
2024,9,MO,Scott County,320,0,0,0,0
2024,9,NY,New York County,150,0,0,0,0
2024,9,TN,Cocke County,315,0,0,0,0
2024,9,MD,Harford County,1630,0,0,0,0
2024,9,IA,Tama County,125,0,0,0,0
2024,9,FL,Columbia County,290,0,0,0,0
2024,9,VA,Nelson County,330,0,0,0,0
2024,9,NY,Yates County,125,0,0,0,0
2024,9,IN,Clay County,165,0,0,0,0
2024,9,VA,Halifax County,60,0,0,0,0
2024,10,CT,Fairfield County,686,0,0,0,0
2024,10,OH,Union County,804,0,0,0,0
2024,10,WA,Clark County,1139,12,18,10,5
2024,10,KY,Knox County,65,0,0,0,0
2024,10,MA,Bristol County,1731,25,11,22,29
2024,10,OH,Clark County,165,0,0,0,0
2024,10,TX,Orange County,1540,0,0,0,0
2024,10,VA,Bristol city,375,0,0,0,0
2024,10,OH,Scioto County,280,0,0,0,0
2024,11,IL,Rock Island County,481,3,3,0,0
2024,11,NC,Caldwell County,679,3,2,2,0
2024,11,NC,Burke County,1215,0,0,0,0
2024,11,AL,Pike County,95,0,0,0,0
2024,11,FL,Leon County,3332,7,3,5,3
2024,11,NC,Johnston County,735,0,0,0,0
2024,11,PA,Franklin County,687,3,2,2,1
2024,11,SC,Florence County,376,0,0,0,0
2024,11,VA,Poquoson city,329,1,1,1,1
2024,11,NE,Madison County,155,1,0,0,1
2024,11,PA,Mercer County,305,3,3,0,0
2024,11,IA,Linn County,320,0,0,0,0
2024,11,MS,Alcorn County,160,0,0,0,0
2024,11,TN,Humphreys County,391,0,1,0,2
2024,11,WI,Walworth County,366,0,0,0,0
2024,12,AL,Houston County,1490,0,0,0,0
2024,12,FL,Orange County,8859,3,4,3,2
2024,12,IL,Rock Island County,532,1,1,0,1
2024,12,TX,Shelby County,250,1,0,0,0
2024,12,AR,Independence County,160,0,0,0,0
2024,12,AK,Matanuska-Susitna Borough,80,0,0,0,0
2024,12,WA,Lewis County,140,0,0,0,0
2024,12,TX,Archer County,60,0,0,0,0
2025,1,OK,Kay County,1116,1,0,1,0
2025,1,IL,Will County,3544,7,7,6,3
2025,1,FL,Broward County,2328,29,25,17,12
2025,1,IL,Winnebago County,2052,17,15,32,0
2025,1,PA,Dauphin County,1200,0,0,0,0
2025,1,OR,Yamhill County,524,0,0,0,0
2025,1,NE,Madison County,5040,15,6,5,11
2025,1,NC,Bertie County,125,0,0,0,0
2025,1,GA,Bryan County,125,0,0,0,0
2025,2,VA,Spotsylvania County,2470,0,0,0,0
2025,2,GA,Jackson County,601,12,3,4,3
2025,2,KY,Daviess County,770,0,0,0,0
2025,2,TX,Fort Bend County,4561,3,5,3,5
2025,2,MN,Dodge County,105,0,0,0,0
2025,2,VA,Botetourt County,1040,0,0,0,0
2024,6,VA,Greene County,130,0,0,0,0
2024,6,TX,Hopkins County,65,0,0,0,0
2024,8,OH,Medina County,812,5,2,0,0
2024,8,WA,Franklin County,10,0,0,0,0
2024,8,AR,Washington County,1305,0,0,0,0
2024,8,PA,Cumberland County,1775,2,0,0,0
2024,8,VA,Montgomery County,830,0,0,0,2
2024,9,VA,Bedford County,1658,0,0,0,0
2024,9,TN,Madison County,1771,0,0,0,0
2024,9,TX,Nueces County,205,0,0,0,0
2024,9,KS,Riley County,260,0,0,4,0
2024,10,TN,Hamilton County,4800,1,0,1,0
2024,10,TX,Harris County,9674,11,12,25,14
2024,10,FL,Hernando County,1260,2,0,0,0
2024,10,NE,Douglas County,1631,0,0,2,0
2024,10,MI,Otsego County,185,0,0,0,0
2024,10,WI,Bayfield County,165,0,0,0,0
2024,10,AR,White County,160,0,0,0,0
2024,10,KY,Woodford County,490,0,0,1,1
2024,10,IN,Delaware County,560,0,0,0,0
2024,10,TX,Donley County,90,0,0,0,0
2024,11,MO,St. Charles County,4680,16,7,5,5
2024,11,MD,Washington County,375,0,0,0,0
2024,11,MI,Wexford County,190,0,0,0,0
2024,11,TX,Smith County,584,0,0,0,0
2024,11,VA,Loudoun County,2157,0,0,0,0
2024,11,CA,Sacramento County,237,2,2,0,0
2024,11,CO,Denver County,530,0,0,0,0
2024,11,NC,Davidson County,705,0,0,0,0
2024,11,PA,Armstrong County,426,0,0,0,0
2024,11,MO,Boone County,739,0,0,0,0
2024,11,NC,Avery County,145,0,0,0,0
2024,11,KS,Stanton County,115,0,0,0,0
2024,11,SC,Pickens County,281,0,0,0,1
2024,11,TX,Burleson County,155,0,0,0,0
2024,11,NY,Ontario County,125,0,0,0,0
2024,12,AZ,Maricopa County,4490,4,3,3,1
2024,12,MI,Charlevoix County,225,0,0,0,0
2024,12,PA,Somerset County,90,0,0,0,0
2024,12,TN,Greene County,703,0,0,0,0
2024,12,MS,Rankin County,730,0,0,0,0
2024,12,MO,Cass County,1954,0,0,0,0
2024,12,MS,Scott County,160,0,0,0,0
2024,12,VA,Northumberland County,265,0,0,0,0
2024,12,OK,Payne County,112,2,1,1,0
2024,12,TX,Young County,395,1,1,0,1
2024,12,IN,DeKalb County,525,0,0,0,0
2025,1,OK,Okmulgee County,1000,0,0,0,0
2025,1,TX,Taylor County,13279,2,0,0,4
2025,1,TX,Ellis County,2567,10,11,6,3
2025,1,OR,Clackamas County,3406,21,1,5,2
2025,1,GA,Walton County,2460,23,35,7,9
2025,1,AL,Calhoun County,1190,0,0,0,0
2025,1,IN,Grant County,544,0,0,0,0
2025,1,NC,Richmond County,610,0,0,0,0
2025,1,NC,Robeson County,345,0,0,0,0
2025,1,SC,Oconee County,635,0,0,0,0
2025,1,VA,Gloucester County,595,0,0,0,0
2025,1,VA,Harrisonburg city,180,0,0,0,0
2025,1,LA,Calcasieu Parish,165,0,0,0,0
2025,1,TN,Bedford County,1149,2,1,4,1
2025,1,TN,Claiborne County,855,0,0,0,0
2025,1,LA,Livingston Parish,980,1,1,1,0
2025,1,CO,Summit County,110,0,0,0,0
2025,1,NC,Hoke County,195,1,0,0,0
2025,1,TX,Nueces County,190,0,0,0,0
2025,1,TN,Henry County,425,0,0,0,0
2025,1,IA,Scott County,726,5,11,3,0
2025,2,TX,Travis County,11513,65,55,64,59
2025,2,KS,Leavenworth County,1350,21,11,34,1
2025,2,MA,Bristol County,1431,33,14,26,30
2025,2,WI,Green County,5,0,0,0,0
2025,2,IN,Delaware County,525,0,0,0,0
2025,2,TX,Montgomery County,4465,0,0,0,0
2025,2,MO,Adair County,960,0,0,0,0
2025,2,OR,Wasco County,75,0,0,0,1
2024,9,MS,Prentiss County,446,18,6,1,0
2024,9,VA,York County,3557,4,1,1,0
2024,10,VA,Botetourt County,1330,0,0,0,0
2024,11,LA,West Baton Rouge Parish,15,0,0,0,0
2024,12,MN,Martin County,58,4,5,4,0
2025,1,MO,Howard County,70,0,0,0,0
2025,1,MS,Alcorn County,160,0,0,0,0
2025,1,IN,Washington County,70,0,0,0,0
2024,10,CA,San Diego County,3648,0,0,0,0
2024,12,VA,Hopewell city,115,0,0,0,0
2025,2,NC,Rowan County,871,4,0,2,1
2024,6,CO,Elbert County,35,0,0,0,0
2024,6,PA,Schuylkill County,150,0,0,0,0
2024,6,MT,Custer County,110,0,0,0,0
2024,6,AR,Union County,140,0,0,0,0
2024,6,TX,Hutchinson County,575,0,0,0,0
2024,7,GA,Meriwether County,135,0,0,0,0
2024,7,GA,Bryan County,75,0,0,0,0
2024,6,GA,Cook County,100,0,0,0,0
2024,7,KY,Kenton County,186,4,1,0,0
2024,8,KS,Stanton County,160,0,0,0,0
2024,8,TX,Llano County,105,0,0,0,0
2024,8,FL,Bradford County,95,0,0,0,0
2024,8,IA,Dubuque County,23,1,0,1,1
2024,8,MO,Howell County,155,0,0,0,0
2024,8,NC,Mitchell County,115,0,0,0,0
2024,8,MS,Calhoun County,40,0,0,0,0
2024,8,MO,Callaway County,110,0,0,0,0
2024,8,CO,Garfield County,105,0,0,0,0
2024,9,MI,Osceola County,181,0,0,0,0
2024,9,GA,Pierce County,95,0,0,0,0
2024,9,PA,Adams County,380,0,0,0,0
2024,9,LA,Tangipahoa Parish,75,0,0,0,0
2024,9,PA,Blair County,120,0,0,0,0
2024,10,VA,Cumberland County,60,0,0,0,0
2024,10,ME,Androscoggin County,515,0,0,0,0
2024,10,IL,LaSalle County,235,0,0,0,0
2024,10,TN,Smith County,185,0,0,0,0
2024,10,MN,Aitkin County,180,0,0,0,0
2024,11,SD,Day County,181,0,0,0,0
2024,11,OK,Muskogee County,15,0,0,0,0
2024,11,PA,Butler County,71,0,0,0,0
2024,11,KS,Geary County,360,0,0,0,0
2024,11,MI,Grand Traverse County,65,0,0,0,0
2024,11,TX,Haskell County,125,0,0,0,0
2024,11,KY,Barren County,115,0,0,0,0
2024,11,WI,Winnebago County,85,0,0,0,0
2024,12,TX,Howard County,230,0,0,0,0
2024,12,TX,Hutchinson County,530,0,0,0,0
2024,12,CT,New Haven County,477,0,0,0,0
2024,12,AR,Drew County,105,0,0,0,0
2024,12,ID,Lemhi County,285,0,0,0,0
2024,12,VA,Danville city,185,0,0,0,0
2025,1,KY,Logan County,210,0,0,0,0
2025,1,TX,Wood County,300,0,0,0,0
2025,1,WA,Thurston County,635,0,1,0,0
2025,1,MO,Carroll County,45,0,0,0,0
2025,1,IN,Boone County,520,0,0,0,0
2025,1,PA,Monroe County,155,0,0,0,0
2025,1,KY,Hart County,250,0,0,0,0
2025,1,NE,Frontier County,10,0,0,0,0
2025,1,OH,Champaign County,120,0,0,0,0
2025,1,VA,Floyd County,45,0,0,0,0
2025,2,MA,Essex County,545,0,0,0,0
2024,7,NY,Westchester County,108,0,0,0,0
2024,8,NJ,Warren County,24,0,0,0,0
2024,11,VA,Charlottesville city,50,0,0,0,0
2024,6,KY,Scott County,85,0,0,0,0
2024,6,IN,Rush County,5,0,0,0,0
2024,8,NC,Columbus County,45,0,0,0,0
2024,8,TX,Runnels County,20,0,0,0,0
2024,8,ME,Piscataquis County,135,0,0,0,0
2024,9,MN,Martin County,40,0,0,0,0
2024,9,GA,McIntosh County,15,0,0,0,0
2024,9,WI,Winnebago County,150,0,0,0,0
2024,9,NC,Warren County,10,0,0,0,0
2024,9,NJ,Middlesex County,20,0,0,0,0
2024,9,ID,Lemhi County,145,0,0,0,0
2024,10,VA,Orange County,75,0,0,0,0
2024,10,TX,Runnels County,16,0,0,0,0
2024,11,MT,Sweet Grass County,47,0,0,0,0
2024,11,GA,Fannin County,10,0,0,0,0
2024,12,MI,Mecosta County,95,0,0,0,0
2025,1,KS,Stanton County,90,0,0,0,0
2025,1,KY,Boyle County,565,0,0,0,0
2025,1,ID,Kootenai County,416,0,0,0,0
2025,1,TX,Eastland County,35,0,0,0,0
2025,2,SD,Hughes County,370,0,0,0,0
2025,2,TX,Kerr County,1068,0,0,0,0
2025,2,NY,Nassau County,395,0,0,0,0
2025,2,TN,Sullivan County,1535,0,0,0,0
2025,2,VT,Bennington County,207,0,0,0,0
2025,2,VA,Charlotte County,950,0,0,0,0
2025,2,WI,Marathon County,160,0,0,0,0
2025,2,NE,Dixon County,90,0,0,0,0
2025,2,NE,Burt County,181,1,1,0,0
2025,2,MI,Presque Isle County,140,0,0,0,0
2025,2,MS,Jackson County,540,0,0,0,1
2025,2,AL,DeKalb County,340,0,0,0,0
2025,1,KY,Calloway County,185,0,0,0,0
2025,2,IN,Clark County,290,0,0,0,0
2025,2,MO,Newton County,20,0,0,0,0
2025,2,PA,Berks County,742,5,0,0,0
2025,3,FL,Charlotte County,920,0,0,0,0
2025,3,FL,St. Johns County,901,0,0,1,0
2025,3,FL,Seminole County,2690,2,0,2,1
2025,3,GA,Walton County,556,1,0,0,0
2025,3,KY,Boyle County,85,0,0,0,0
2025,3,LA,Bossier Parish,400,0,0,0,0
2025,3,LA,Vernon Parish,90,0,0,0,0
2025,3,MO,Webster County,190,0,0,0,0
2025,3,NC,Catawba County,1305,132,46,123,25
2025,3,TN,Sumner County,1050,0,0,0,0
2025,3,TX,Tom Green County,95,0,0,0,0
2025,3,VA,Henrico County,820,0,0,0,0
2025,3,NE,Stanton County,80,0,0,0,0
2025,3,PA,Dauphin County,211,0,0,0,0
2025,3,NY,Yates County,15,0,0,0,0
2025,3,FL,Holmes County,5,0,0,0,0
2025,3,IL,Saline County,5,0,0,0,0
2025,3,IN,Hendricks County,255,0,0,0,0
2025,3,MI,Kalamazoo County,230,0,0,0,0
2025,3,MO,Pike County,40,0,0,0,0
2025,3,OH,Crawford County,60,0,0,0,0
2025,3,TX,Smith County,110,0,0,0,0
2025,3,WV,Berkeley County,181,0,0,0,0
2025,3,WI,Ozaukee County,30,0,0,0,0
2024,7,WI,Green County,65,0,0,0,0
2024,7,SC,Sumter County,335,0,0,0,0
2024,7,TX,Hidalgo County,25,0,0,0,0
2024,8,MO,Pike County,210,0,0,0,0
2024,8,TX,Titus County,25,0,0,0,0
2024,9,VA,Fauquier County,165,0,0,0,0
2024,11,KS,Ottawa County,20,0,0,0,0
2024,11,IA,Butler County,240,0,0,0,0
2024,11,MO,St. Clair County,45,0,0,0,0
2024,11,LA,Tangipahoa Parish,75,0,0,0,0
2024,12,PA,Blair County,55,0,0,0,0
2025,1,IL,Monroe County,100,0,0,0,0
2025,2,OH,Paulding County,80,0,0,0,0
2025,2,WA,Chelan County,90,0,0,0,0
2025,2,SD,Lawrence County,24,0,0,0,0
2025,2,OR,Klamath County,100,0,0,0,0
2025,2,ME,Penobscot County,260,0,0,0,0
2025,3,TN,Cocke County,30,0,0,0,0
2025,3,VA,Newport News city,250,0,0,0,0
2025,3,MI,Washtenaw County,136,0,0,0,0
2025,3,NE,Hall County,45,0,0,0,0
2024,7,TN,Campbell County,90,0,0,0,0
2024,6,NY,Ulster County,45,0,20,0,0
2024,9,OK,Seminole County,35,0,0,0,0
2024,9,NC,Carteret County,15,0,0,0,0
2024,10,NY,Madison County,5,0,0,0,0
2024,11,KS,Wilson County,145,0,0,0,0
2025,2,NC,Carteret County,3,0,0,0,0
2025,2,NE,Knox County,110,0,0,0,0
2024,7,IL,Massac County,15,0,0,0,0
2024,7,TX,Gillespie County,5,0,0,0,0
2024,7,VA,King William County,10,0,0,0,0
2024,7,TN,Franklin County,90,0,3,0,0
2024,8,TX,El Paso County,210,0,0,0,0
2025,1,IL,Iroquois County,30,0,0,0,0
2024,7,OH,Coshocton County,20,0,0,0,0
2024,8,WY,Natrona County,15,0,0,0,0
2024,8,CA,Tehama County,25,0,0,0,0
2024,10,IN,LaGrange County,40,0,0,0,0
2025,1,WA,Okanogan County,65,0,0,0,0
2024,6,HI,Maui County,10,0,0,0,0
2024,6,GA,Baldwin County,15,0,0,0,0
2024,6,TX,Fayette County,130,0,0,0,0
2024,6,IN,Greene County,5,0,0,0,0
2024,7,NY,Genesee County,20,0,0,0,0
2024,7,NY,Tompkins County,120,0,0,0,0
2024,7,MO,Audrain County,40,0,0,0,0
2024,7,TX,Titus County,20,0,0,0,0
2024,9,WV,Cabell County,10,0,0,0,0
2024,11,NC,Orange County,10,0,0,0,0
2024,12,VA,Buena Vista city,35,0,0,0,0
2025,1,GA,Greene County,10,3,0,0,1
2025,2,GA,Habersham County,130,0,0,0,0
2025,2,TX,Schleicher County,65,0,0,0,0
2024,7,ID,Nez Perce County,60,0,0,0,0
2024,9,OK,Texas County,15,0,0,0,0
2024,11,IA,Guthrie County,15,0,0,0,0
2024,7,OK,Logan County,20,3,0,15,0
2024,10,ND,Richland County,25,0,0,0,0
2024,12,OK,Greer County,50,0,0,0,0
2025,2,AZ,Mohave County,30,0,0,0,0
2025,2,MO,Ripley County,30,0,0,0,0
2024,6,PA,Snyder County,7,3,0,0,0
2024,6,TX,Terry County,10,0,0,0,0
2024,8,MO,Audrain County,40,0,0,0,0
2024,10,WI,Waupaca County,20,0,0,0,0
2024,12,VA,Henry County,34,0,0,0,0
2024,6,ME,Sagadahoc County,45,0,0,0,0
2024,11,TX,Austin County,30,0,0,0,0
2025,1,NJ,Middlesex County,30,0,0,0,0
2024,10,MO,Warren County,10,0,0,0,0
2024,8,IL,Jasper County,10,0,0,0,0
2024,9,OK,Kingfisher County,35,0,0,0,0
2024,11,CA,Sutter County,40,0,0,0,0
2024,6,IL,Coles County,16,0,0,0,0
2024,9,LA,West Baton Rouge Parish,35,0,0,0,0
2025,1,NC,Warren County,10,0,0,0,0
2025,3,CA,Placer County,190,0,0,0,0
2025,3,OH,Coshocton County,35,0,0,0,0
2025,3,MN,Lake County,55,0,0,0,0
2025,3,MS,Marion County,5,0,0,0,0
2024,10,NC,Mitchell County,5,0,0,0,0
2024,11,SC,Edgefield County,10,0,0,0,0
2025,2,NY,Richmond County,20,0,0,0,0
2025,3,OH,Vinton County,15,0,0,0,0
2025,3,IA,Butler County,30,0,0,0,0
2024,7,SC,Barnwell County,10,0,0,0,0
2024,9,MN,Pine County,5,0,0,0,0
2024,9,NY,Tompkins County,30,0,0,0,0
2025,2,NY,Montgomery County,5,0,0,0,0
2025,2,TN,Campbell County,5,0,0,0,0
2025,3,MO,Warren County,10,0,0,0,0
2025,3,OH,Clark County,45,0,0,0,0
2024,9,KY,Trigg County,5,0,0,0,0
2024,10,NE,Keith County,6,1,1,23,0
2024,11,KY,Clark County,10,0,0,0,0
2025,3,GA,Monroe County,55,0,0,0,0
2025,3,NC,Camden County,10,0,0,0,0
2024,6,GA,Taylor County,5,0,0,0,0
2024,7,TN,Giles County,1,0,0,0,0
2024,9,NY,Rensselaer County,6,0,0,0,0
2025,1,WI,Oneida County,5,0,0,0,0
2024,11,SD,Minnehaha County,10,0,0,0,0
2024,11,GA,Madison County,5,0,0,0,0
2025,3,AR,Poinsett County,15,0,0,0,0
2025,3,NE,Seward County,10,0,0,0,0
2025,3,NE,Johnson County,10,0,0,0,0
2024,10,MT,Flathead County,5,0,0,0,0
2025,3,NC,Cumberland County,1,0,0,0,0
2024,7,NC,Martin County,5,0,0,0,0
2024,11,TN,Fentress County,10,0,0,0,0
2024,8,TX,Gillespie County,5,0,0,0,0
2024,11,NY,Allegany County,55,0,0,0,0
2025,3,IL,Effingham County,5,0,0,0,0
2024,7,VT,Chittenden County,5,0,0,0,0
2024,7,VA,Mathews County,5,1,1,1,1
2024,6,KS,Harvey County,30,0,0,0,0
2024,9,IN,Jefferson County,5,0,0,0,0
2025,3,NV,Lyon County,6,0,0,0,0
